//! Embedded OUI to vendor lookup table.
//!
//! Source: IEEE MA-L OUI registry (https://standards-oui.ieee.org/oui/oui.csv)
//! Snapshot date: 2026-05-12
//! Curation: entries matching OT industrial and common IT vendor patterns;
//!   normalized to human-readable vendor names. Sorted by 3-byte OUI prefix.
//! Regeneration: fetch oui.csv and run the Python script in .factory/stories/S-2.03-oui-refresh.md

const TABLE: &[([u8; 3], &str)] = &[
    ([0x00, 0x00, 0x0A], "Omron"),
    ([0x00, 0x00, 0x0C], "Cisco"),
    ([0x00, 0x00, 0x23], "ABB"),
    ([0x00, 0x00, 0x54], "Schneider Electric"),
    ([0x00, 0x00, 0x60], "Kontron"),
    ([0x00, 0x00, 0x64], "Yokogawa"),
    ([0x00, 0x00, 0x6C], "Schneider Electric"),
    ([0x00, 0x00, 0x88], "Brocade"),
    ([0x00, 0x00, 0x97], "Dell"),
    ([0x00, 0x00, 0xBC], "Rockwell/Allen-Bradley"),
    ([0x00, 0x00, 0xF0], "Samsung"),
    ([0x00, 0x01, 0x05], "Beckhoff"),
    ([0x00, 0x01, 0x0F], "Brocade"),
    ([0x00, 0x01, 0x23], "Schneider Electric"),
    ([0x00, 0x01, 0x30], "Extreme Networks"),
    ([0x00, 0x01, 0x42], "Cisco"),
    ([0x00, 0x01, 0x43], "Cisco"),
    ([0x00, 0x01, 0x44], "Dell"),
    ([0x00, 0x01, 0x63], "Cisco"),
    ([0x00, 0x01, 0x64], "Cisco"),
    ([0x00, 0x01, 0x96], "Cisco"),
    ([0x00, 0x01, 0x97], "Cisco"),
    ([0x00, 0x01, 0xC7], "Cisco"),
    ([0x00, 0x01, 0xC9], "Cisco"),
    ([0x00, 0x01, 0xE3], "Siemens"),
    ([0x00, 0x01, 0xE6], "HP"),
    ([0x00, 0x01, 0xE7], "HP"),
    ([0x00, 0x01, 0xFC], "Keyence"),
    ([0x00, 0x02, 0x01], "ifm electronic"),
    ([0x00, 0x02, 0x16], "Cisco"),
    ([0x00, 0x02, 0x17], "Cisco"),
    ([0x00, 0x02, 0x2C], "ABB"),
    ([0x00, 0x02, 0x3D], "Cisco"),
    ([0x00, 0x02, 0x48], "Pilz"),
    ([0x00, 0x02, 0x4A], "Cisco"),
    ([0x00, 0x02, 0x4B], "Cisco"),
    ([0x00, 0x02, 0x7D], "Cisco"),
    ([0x00, 0x02, 0x7E], "Cisco"),
    ([0x00, 0x02, 0xA2], "Hilscher"),
    ([0x00, 0x02, 0xA5], "HP"),
    ([0x00, 0x02, 0xB3], "Intel"),
    ([0x00, 0x02, 0xB9], "Cisco"),
    ([0x00, 0x02, 0xBA], "Cisco"),
    ([0x00, 0x02, 0xFC], "Cisco"),
    ([0x00, 0x02, 0xFD], "Cisco"),
    ([0x00, 0x03, 0x2C], "ABB"),
    ([0x00, 0x03, 0x31], "Cisco"),
    ([0x00, 0x03, 0x32], "Cisco"),
    ([0x00, 0x03, 0x47], "Intel"),
    ([0x00, 0x03, 0x6B], "Cisco"),
    ([0x00, 0x03, 0x6C], "Cisco"),
    ([0x00, 0x03, 0x74], "Schneider Electric"),
    ([0x00, 0x03, 0x7B], "IDEC"),
    ([0x00, 0x03, 0x93], "Apple"),
    ([0x00, 0x03, 0x9F], "Cisco"),
    ([0x00, 0x03, 0xA0], "Cisco"),
    ([0x00, 0x03, 0xE3], "Cisco"),
    ([0x00, 0x03, 0xE4], "Cisco"),
    ([0x00, 0x03, 0xFD], "Cisco"),
    ([0x00, 0x03, 0xFE], "Cisco"),
    ([0x00, 0x03, 0xFF], "Microsoft"),
    ([0x00, 0x04, 0x0F], "ASUS"),
    ([0x00, 0x04, 0x17], "Schneider Electric"),
    ([0x00, 0x04, 0x23], "Intel"),
    ([0x00, 0x04, 0x27], "Cisco"),
    ([0x00, 0x04, 0x28], "Cisco"),
    ([0x00, 0x04, 0x4D], "Cisco"),
    ([0x00, 0x04, 0x4E], "Cisco"),
    ([0x00, 0x04, 0x6D], "Cisco"),
    ([0x00, 0x04, 0x6E], "Cisco"),
    ([0x00, 0x04, 0x80], "Brocade"),
    ([0x00, 0x04, 0x96], "Extreme Networks"),
    ([0x00, 0x04, 0x9A], "Cisco"),
    ([0x00, 0x04, 0x9B], "Cisco"),
    ([0x00, 0x04, 0xC0], "Cisco"),
    ([0x00, 0x04, 0xC1], "Cisco"),
    ([0x00, 0x04, 0xDD], "Cisco"),
    ([0x00, 0x04, 0xDE], "Cisco"),
    ([0x00, 0x04, 0xEA], "HP"),
    ([0x00, 0x05, 0x00], "Cisco"),
    ([0x00, 0x05, 0x01], "Cisco"),
    ([0x00, 0x05, 0x02], "Apple"),
    ([0x00, 0x05, 0x19], "Siemens"),
    ([0x00, 0x05, 0x1E], "Brocade"),
    ([0x00, 0x05, 0x21], "Schneider Electric"),
    ([0x00, 0x05, 0x31], "Cisco"),
    ([0x00, 0x05, 0x32], "Cisco"),
    ([0x00, 0x05, 0x33], "Brocade"),
    ([0x00, 0x05, 0x4B], "Eaton"),
    ([0x00, 0x05, 0x5E], "Cisco"),
    ([0x00, 0x05, 0x5F], "Cisco"),
    ([0x00, 0x05, 0x69], "VMware"),
    ([0x00, 0x05, 0x73], "Cisco"),
    ([0x00, 0x05, 0x74], "Cisco"),
    ([0x00, 0x05, 0x85], "Juniper Networks"),
    ([0x00, 0x05, 0x9A], "Cisco"),
    ([0x00, 0x05, 0x9B], "Cisco"),
    ([0x00, 0x05, 0xB5], "Broadcom"),
    ([0x00, 0x05, 0xDC], "Cisco"),
    ([0x00, 0x05, 0xDD], "Cisco"),
    ([0x00, 0x05, 0xE4], "Red Lion Controls"),
    ([0x00, 0x05, 0xFC], "ASUS"),
    ([0x00, 0x06, 0x1B], "Lenovo"),
    ([0x00, 0x06, 0x28], "Cisco"),
    ([0x00, 0x06, 0x2A], "Cisco"),
    ([0x00, 0x06, 0x4A], "Honeywell"),
    ([0x00, 0x06, 0x52], "Cisco"),
    ([0x00, 0x06, 0x53], "Cisco"),
    ([0x00, 0x06, 0x5B], "Dell"),
    ([0x00, 0x06, 0x77], "SICK"),
    ([0x00, 0x06, 0x7C], "Cisco"),
    ([0x00, 0x06, 0xC1], "Cisco"),
    ([0x00, 0x06, 0xD6], "Cisco"),
    ([0x00, 0x06, 0xD7], "Cisco"),
    ([0x00, 0x06, 0xF6], "Cisco"),
    ([0x00, 0x07, 0x05], "Endress+Hauser"),
    ([0x00, 0x07, 0x0D], "Cisco"),
    ([0x00, 0x07, 0x0E], "Cisco"),
    ([0x00, 0x07, 0x46], "Turck"),
    ([0x00, 0x07, 0x4F], "Cisco"),
    ([0x00, 0x07, 0x50], "Cisco"),
    ([0x00, 0x07, 0x68], "Danfoss"),
    ([0x00, 0x07, 0x7D], "Cisco"),
    ([0x00, 0x07, 0x84], "Cisco"),
    ([0x00, 0x07, 0x85], "Cisco"),
    ([0x00, 0x07, 0xAB], "Samsung"),
    ([0x00, 0x07, 0xAF], "Red Lion Controls"),
    ([0x00, 0x07, 0xB3], "Cisco"),
    ([0x00, 0x07, 0xB4], "Cisco"),
    ([0x00, 0x07, 0xE9], "Intel"),
    ([0x00, 0x07, 0xEB], "Cisco"),
    ([0x00, 0x07, 0xEC], "Cisco"),
    ([0x00, 0x08, 0x02], "HP"),
    ([0x00, 0x08, 0x20], "Cisco"),
    ([0x00, 0x08, 0x21], "Cisco"),
    ([0x00, 0x08, 0x2F], "Cisco"),
    ([0x00, 0x08, 0x30], "Cisco"),
    ([0x00, 0x08, 0x31], "Cisco"),
    ([0x00, 0x08, 0x32], "Cisco"),
    ([0x00, 0x08, 0x74], "Dell"),
    ([0x00, 0x08, 0x7C], "Cisco"),
    ([0x00, 0x08, 0x7D], "Cisco"),
    ([0x00, 0x08, 0x83], "HP"),
    ([0x00, 0x08, 0xA3], "Cisco"),
    ([0x00, 0x08, 0xA4], "Cisco"),
    ([0x00, 0x08, 0xC2], "Cisco"),
    ([0x00, 0x08, 0xC7], "HP"),
    ([0x00, 0x08, 0xE2], "Cisco"),
    ([0x00, 0x08, 0xE3], "Cisco"),
    ([0x00, 0x09, 0x0F], "Fortinet"),
    ([0x00, 0x09, 0x11], "Cisco"),
    ([0x00, 0x09, 0x12], "Cisco"),
    ([0x00, 0x09, 0x43], "Cisco"),
    ([0x00, 0x09, 0x44], "Cisco"),
    ([0x00, 0x09, 0x5B], "NETGEAR"),
    ([0x00, 0x09, 0x7B], "Cisco"),
    ([0x00, 0x09, 0x7C], "Cisco"),
    ([0x00, 0x09, 0xB6], "Cisco"),
    ([0x00, 0x09, 0xB7], "Cisco"),
    ([0x00, 0x09, 0xE8], "Cisco"),
    ([0x00, 0x09, 0xE9], "Cisco"),
    ([0x00, 0x09, 0xF5], "Emerson"),
    ([0x00, 0x0A, 0x13], "Honeywell"),
    ([0x00, 0x0A, 0x27], "Apple"),
    ([0x00, 0x0A, 0x41], "Cisco"),
    ([0x00, 0x0A, 0x42], "Cisco"),
    ([0x00, 0x0A, 0x57], "HP"),
    ([0x00, 0x0A, 0x66], "Mitsubishi Electric"),
    ([0x00, 0x0A, 0x86], "Lenze"),
    ([0x00, 0x0A, 0x8A], "Cisco"),
    ([0x00, 0x0A, 0x8B], "Cisco"),
    ([0x00, 0x0A, 0x95], "Apple"),
    ([0x00, 0x0A, 0xB7], "Cisco"),
    ([0x00, 0x0A, 0xB8], "Cisco"),
    ([0x00, 0x0A, 0xEB], "TP-LINK"),
    ([0x00, 0x0A, 0xED], "HARTING"),
    ([0x00, 0x0A, 0xF3], "Cisco"),
    ([0x00, 0x0A, 0xF4], "Cisco"),
    ([0x00, 0x0A, 0xF7], "Broadcom"),
    ([0x00, 0x0B, 0x23], "Siemens"),
    ([0x00, 0x0B, 0x2D], "Danfoss"),
    ([0x00, 0x0B, 0x45], "Cisco"),
    ([0x00, 0x0B, 0x46], "Cisco"),
    ([0x00, 0x0B, 0x5F], "Cisco"),
    ([0x00, 0x0B, 0x60], "Cisco"),
    ([0x00, 0x0B, 0x85], "Cisco"),
    ([0x00, 0x0B, 0x86], "HP"),
    ([0x00, 0x0B, 0xA3], "Siemens"),
    ([0x00, 0x0B, 0xAB], "Advantech"),
    ([0x00, 0x0B, 0xBE], "Cisco"),
    ([0x00, 0x0B, 0xBF], "Cisco"),
    ([0x00, 0x0B, 0xCD], "HP"),
    ([0x00, 0x0B, 0xDB], "Dell"),
    ([0x00, 0x0B, 0xFC], "Cisco"),
    ([0x00, 0x0B, 0xFD], "Cisco"),
    ([0x00, 0x0C, 0x02], "ABB"),
    ([0x00, 0x0C, 0x26], "Weintek"),
    ([0x00, 0x0C, 0x29], "VMware"),
    ([0x00, 0x0C, 0x30], "Cisco"),
    ([0x00, 0x0C, 0x31], "Cisco"),
    ([0x00, 0x0C, 0x41], "Cisco"),
    ([0x00, 0x0C, 0x62], "ABB"),
    ([0x00, 0x0C, 0x6E], "ASUS"),
    ([0x00, 0x0C, 0x81], "Schneider Electric"),
    ([0x00, 0x0C, 0x85], "Cisco"),
    ([0x00, 0x0C, 0x86], "Cisco"),
    ([0x00, 0x0C, 0xC1], "Eaton"),
    ([0x00, 0x0C, 0xCE], "Cisco"),
    ([0x00, 0x0C, 0xCF], "Cisco"),
    ([0x00, 0x0C, 0xDB], "Brocade"),
    ([0x00, 0x0C, 0xDE], "ABB"),
    ([0x00, 0x0C, 0xE6], "Fortinet"),
    ([0x00, 0x0C, 0xF1], "Intel"),
    ([0x00, 0x0D, 0x28], "Cisco"),
    ([0x00, 0x0D, 0x29], "Cisco"),
    ([0x00, 0x0D, 0x3A], "Microsoft"),
    ([0x00, 0x0D, 0x41], "Siemens"),
    ([0x00, 0x0D, 0x56], "Dell"),
    ([0x00, 0x0D, 0x61], "Gigabyte"),
    ([0x00, 0x0D, 0x65], "Cisco"),
    ([0x00, 0x0D, 0x66], "Cisco"),
    ([0x00, 0x0D, 0x81], "Pepperl+Fuchs"),
    ([0x00, 0x0D, 0x8D], "ProSoft Technology"),
    ([0x00, 0x0D, 0x93], "Apple"),
    ([0x00, 0x0D, 0x9D], "HP"),
    ([0x00, 0x0D, 0xB6], "Broadcom"),
    ([0x00, 0x0D, 0xBC], "Cisco"),
    ([0x00, 0x0D, 0xBD], "Cisco"),
    ([0x00, 0x0D, 0xEC], "Cisco"),
    ([0x00, 0x0D, 0xED], "Cisco"),
    ([0x00, 0x0E, 0x02], "Advantech"),
    ([0x00, 0x0E, 0x08], "Cisco"),
    ([0x00, 0x0E, 0x0C], "Intel"),
    ([0x00, 0x0E, 0x32], "Kontron"),
    ([0x00, 0x0E, 0x35], "Intel"),
    ([0x00, 0x0E, 0x38], "Cisco"),
    ([0x00, 0x0E, 0x39], "Cisco"),
    ([0x00, 0x0E, 0x6D], "Murata"),
    ([0x00, 0x0E, 0x7F], "HP"),
    ([0x00, 0x0E, 0x83], "Cisco"),
    ([0x00, 0x0E, 0x84], "Cisco"),
    ([0x00, 0x0E, 0x8C], "Siemens"),
    ([0x00, 0x0E, 0xA6], "ASUS"),
    ([0x00, 0x0E, 0xB3], "HP"),
    ([0x00, 0x0E, 0xD6], "Cisco"),
    ([0x00, 0x0E, 0xD7], "Cisco"),
    ([0x00, 0x0E, 0xF0], "Festo"),
    ([0x00, 0x0F, 0x1F], "Dell"),
    ([0x00, 0x0F, 0x20], "HP"),
    ([0x00, 0x0F, 0x23], "Cisco"),
    ([0x00, 0x0F, 0x24], "Cisco"),
    ([0x00, 0x0F, 0x34], "Cisco"),
    ([0x00, 0x0F, 0x35], "Cisco"),
    ([0x00, 0x0F, 0x61], "HP"),
    ([0x00, 0x0F, 0x66], "Cisco"),
    ([0x00, 0x0F, 0x69], "SEW-Eurodrive"),
    ([0x00, 0x0F, 0x8F], "Cisco"),
    ([0x00, 0x0F, 0x90], "Cisco"),
    ([0x00, 0x0F, 0xB5], "NETGEAR"),
    ([0x00, 0x0F, 0xBB], "Siemens"),
    ([0x00, 0x0F, 0xEA], "Gigabyte"),
    ([0x00, 0x0F, 0xF7], "Cisco"),
    ([0x00, 0x0F, 0xF8], "Cisco"),
    ([0x00, 0x10, 0x07], "Cisco"),
    ([0x00, 0x10, 0x0B], "Cisco"),
    ([0x00, 0x10, 0x0D], "Cisco"),
    ([0x00, 0x10, 0x11], "Cisco"),
    ([0x00, 0x10, 0x13], "Kontron"),
    ([0x00, 0x10, 0x14], "Cisco"),
    ([0x00, 0x10, 0x18], "Broadcom"),
    ([0x00, 0x10, 0x1F], "Cisco"),
    ([0x00, 0x10, 0x29], "Cisco"),
    ([0x00, 0x10, 0x2F], "Cisco"),
    ([0x00, 0x10, 0x54], "Cisco"),
    ([0x00, 0x10, 0x79], "Cisco"),
    ([0x00, 0x10, 0x7B], "Cisco"),
    ([0x00, 0x10, 0x83], "HP"),
    ([0x00, 0x10, 0xA6], "Cisco"),
    ([0x00, 0x10, 0xC9], "Mitsubishi Electric"),
    ([0x00, 0x10, 0xDB], "Juniper Networks"),
    ([0x00, 0x10, 0xE3], "HP"),
    ([0x00, 0x10, 0xF6], "Cisco"),
    ([0x00, 0x10, 0xFA], "Apple"),
    ([0x00, 0x10, 0xFF], "Cisco"),
    ([0x00, 0x11, 0x00], "Schneider Electric"),
    ([0x00, 0x11, 0x06], "Siemens"),
    ([0x00, 0x11, 0x0A], "HP"),
    ([0x00, 0x11, 0x11], "Intel"),
    ([0x00, 0x11, 0x12], "Honeywell"),
    ([0x00, 0x11, 0x1E], "B&R Industrial"),
    ([0x00, 0x11, 0x20], "Cisco"),
    ([0x00, 0x11, 0x21], "Cisco"),
    ([0x00, 0x11, 0x24], "Apple"),
    ([0x00, 0x11, 0x2F], "ASUS"),
    ([0x00, 0x11, 0x33], "Siemens"),
    ([0x00, 0x11, 0x43], "Dell"),
    ([0x00, 0x11, 0x5C], "Cisco"),
    ([0x00, 0x11, 0x5D], "Cisco"),
    ([0x00, 0x11, 0x75], "Intel"),
    ([0x00, 0x11, 0x85], "HP"),
    ([0x00, 0x11, 0x92], "Cisco"),
    ([0x00, 0x11, 0x93], "Cisco"),
    ([0x00, 0x11, 0xBB], "Cisco"),
    ([0x00, 0x11, 0xBC], "Cisco"),
    ([0x00, 0x11, 0xD8], "ASUS"),
    ([0x00, 0x11, 0xFC], "HARTING"),
    ([0x00, 0x12, 0x00], "Cisco"),
    ([0x00, 0x12, 0x01], "Cisco"),
    ([0x00, 0x12, 0x17], "Cisco"),
    ([0x00, 0x12, 0x1E], "Juniper Networks"),
    ([0x00, 0x12, 0x37], "Texas Instruments"),
    ([0x00, 0x12, 0x3F], "Dell"),
    ([0x00, 0x12, 0x43], "Cisco"),
    ([0x00, 0x12, 0x44], "Cisco"),
    ([0x00, 0x12, 0x47], "Samsung"),
    ([0x00, 0x12, 0x48], "Dell"),
    ([0x00, 0x12, 0x4B], "Texas Instruments"),
    ([0x00, 0x12, 0x5A], "Microsoft"),
    ([0x00, 0x12, 0x79], "HP"),
    ([0x00, 0x12, 0x7F], "Cisco"),
    ([0x00, 0x12, 0x80], "Cisco"),
    ([0x00, 0x12, 0x93], "ABB"),
    ([0x00, 0x12, 0xD1], "Texas Instruments"),
    ([0x00, 0x12, 0xD2], "Texas Instruments"),
    ([0x00, 0x12, 0xD9], "Cisco"),
    ([0x00, 0x12, 0xDA], "Cisco"),
    ([0x00, 0x12, 0xF0], "Intel"),
    ([0x00, 0x12, 0xF2], "Brocade"),
    ([0x00, 0x12, 0xFB], "Samsung"),
    ([0x00, 0x12, 0xFE], "Lenovo"),
    ([0x00, 0x13, 0x02], "Intel"),
    ([0x00, 0x13, 0x10], "Cisco"),
    ([0x00, 0x13, 0x19], "Cisco"),
    ([0x00, 0x13, 0x1A], "Cisco"),
    ([0x00, 0x13, 0x20], "Intel"),
    ([0x00, 0x13, 0x21], "HP"),
    ([0x00, 0x13, 0x24], "Schneider Electric"),
    ([0x00, 0x13, 0x45], "Eaton"),
    ([0x00, 0x13, 0x47], "Red Lion Controls"),
    ([0x00, 0x13, 0x5F], "Cisco"),
    ([0x00, 0x13, 0x60], "Cisco"),
    ([0x00, 0x13, 0x72], "Dell"),
    ([0x00, 0x13, 0x77], "Samsung"),
    ([0x00, 0x13, 0x7F], "Cisco"),
    ([0x00, 0x13, 0x80], "Cisco"),
    ([0x00, 0x13, 0x86], "ABB"),
    ([0x00, 0x13, 0xA3], "Siemens"),
    ([0x00, 0x13, 0xC3], "Cisco"),
    ([0x00, 0x13, 0xC4], "Cisco"),
    ([0x00, 0x13, 0xCE], "Intel"),
    ([0x00, 0x13, 0xD4], "ASUS"),
    ([0x00, 0x13, 0xE0], "Murata"),
    ([0x00, 0x13, 0xE8], "Intel"),
    ([0x00, 0x13, 0xF3], "Gigabyte"),
    ([0x00, 0x14, 0x1B], "Cisco"),
    ([0x00, 0x14, 0x1C], "Cisco"),
    ([0x00, 0x14, 0x22], "Dell"),
    ([0x00, 0x14, 0x38], "HP"),
    ([0x00, 0x14, 0x51], "Apple"),
    ([0x00, 0x14, 0x53], "Advantech"),
    ([0x00, 0x14, 0x69], "Cisco"),
    ([0x00, 0x14, 0x6A], "Cisco"),
    ([0x00, 0x14, 0x6C], "NETGEAR"),
    ([0x00, 0x14, 0x78], "TP-LINK"),
    ([0x00, 0x14, 0x85], "Gigabyte"),
    ([0x00, 0x14, 0xA8], "Cisco"),
    ([0x00, 0x14, 0xA9], "Cisco"),
    ([0x00, 0x14, 0xBF], "Cisco"),
    ([0x00, 0x14, 0xC2], "HP"),
    ([0x00, 0x14, 0xC9], "Brocade"),
    ([0x00, 0x14, 0xF1], "Cisco"),
    ([0x00, 0x14, 0xF2], "Cisco"),
    ([0x00, 0x14, 0xF6], "Juniper Networks"),
    ([0x00, 0x15, 0x00], "Intel"),
    ([0x00, 0x15, 0x17], "Intel"),
    ([0x00, 0x15, 0x1E], "B&R Industrial"),
    ([0x00, 0x15, 0x2B], "Cisco"),
    ([0x00, 0x15, 0x2C], "Cisco"),
    ([0x00, 0x15, 0x30], "Dell"),
    ([0x00, 0x15, 0x5D], "Microsoft"),
    ([0x00, 0x15, 0x60], "HP"),
    ([0x00, 0x15, 0x62], "Cisco"),
    ([0x00, 0x15, 0x63], "Cisco"),
    ([0x00, 0x15, 0x6D], "Ubiquiti"),
    ([0x00, 0x15, 0x7E], "Weidmueller"),
    ([0x00, 0x15, 0x99], "Samsung"),
    ([0x00, 0x15, 0xB9], "Samsung"),
    ([0x00, 0x15, 0xC5], "Dell"),
    ([0x00, 0x15, 0xC6], "Cisco"),
    ([0x00, 0x15, 0xC7], "Cisco"),
    ([0x00, 0x15, 0xF2], "ASUS"),
    ([0x00, 0x15, 0xF9], "Cisco"),
    ([0x00, 0x15, 0xFA], "Cisco"),
    ([0x00, 0x16, 0x32], "Samsung"),
    ([0x00, 0x16, 0x35], "HP"),
    ([0x00, 0x16, 0x45], "Eaton"),
    ([0x00, 0x16, 0x46], "Cisco"),
    ([0x00, 0x16, 0x47], "Cisco"),
    ([0x00, 0x16, 0x6B], "Samsung"),
    ([0x00, 0x16, 0x6C], "Samsung"),
    ([0x00, 0x16, 0x6F], "Intel"),
    ([0x00, 0x16, 0x76], "Intel"),
    ([0x00, 0x16, 0x9C], "Cisco"),
    ([0x00, 0x16, 0x9D], "Cisco"),
    ([0x00, 0x16, 0xB6], "Cisco"),
    ([0x00, 0x16, 0xC7], "Cisco"),
    ([0x00, 0x16, 0xC8], "Cisco"),
    ([0x00, 0x16, 0xCB], "Apple"),
    ([0x00, 0x16, 0xDB], "Samsung"),
    ([0x00, 0x16, 0xE6], "Gigabyte"),
    ([0x00, 0x16, 0xEA], "Intel"),
    ([0x00, 0x16, 0xEB], "Intel"),
    ([0x00, 0x16, 0xF0], "Dell"),
    ([0x00, 0x17, 0x08], "HP"),
    ([0x00, 0x17, 0x0E], "Cisco"),
    ([0x00, 0x17, 0x0F], "Cisco"),
    ([0x00, 0x17, 0x31], "ASUS"),
    ([0x00, 0x17, 0x35], "Intel"),
    ([0x00, 0x17, 0x3B], "Cisco"),
    ([0x00, 0x17, 0x59], "Cisco"),
    ([0x00, 0x17, 0x5A], "Cisco"),
    ([0x00, 0x17, 0x83], "Texas Instruments"),
    ([0x00, 0x17, 0x94], "Cisco"),
    ([0x00, 0x17, 0x95], "Cisco"),
    ([0x00, 0x17, 0xA4], "HP"),
    ([0x00, 0x17, 0xC9], "Samsung"),
    ([0x00, 0x17, 0xCB], "Juniper Networks"),
    ([0x00, 0x17, 0xD5], "Samsung"),
    ([0x00, 0x17, 0xDF], "Cisco"),
    ([0x00, 0x17, 0xE0], "Cisco"),
    ([0x00, 0x17, 0xE3], "Texas Instruments"),
    ([0x00, 0x17, 0xE4], "Texas Instruments"),
    ([0x00, 0x17, 0xE5], "Texas Instruments"),
    ([0x00, 0x17, 0xE6], "Texas Instruments"),
    ([0x00, 0x17, 0xE7], "Texas Instruments"),
    ([0x00, 0x17, 0xE8], "Texas Instruments"),
    ([0x00, 0x17, 0xE9], "Texas Instruments"),
    ([0x00, 0x17, 0xEA], "Texas Instruments"),
    ([0x00, 0x17, 0xEB], "Texas Instruments"),
    ([0x00, 0x17, 0xEC], "Texas Instruments"),
    ([0x00, 0x17, 0xF2], "Apple"),
    ([0x00, 0x17, 0xFA], "Microsoft"),
    ([0x00, 0x18, 0x0A], "Cisco"),
    ([0x00, 0x18, 0x18], "Cisco"),
    ([0x00, 0x18, 0x19], "Cisco"),
    ([0x00, 0x18, 0x2F], "Texas Instruments"),
    ([0x00, 0x18, 0x30], "Texas Instruments"),
    ([0x00, 0x18, 0x31], "Texas Instruments"),
    ([0x00, 0x18, 0x32], "Texas Instruments"),
    ([0x00, 0x18, 0x33], "Texas Instruments"),
    ([0x00, 0x18, 0x34], "Texas Instruments"),
    ([0x00, 0x18, 0x39], "Cisco"),
    ([0x00, 0x18, 0x4D], "NETGEAR"),
    ([0x00, 0x18, 0x64], "Eaton"),
    ([0x00, 0x18, 0x65], "Siemens"),
    ([0x00, 0x18, 0x68], "Cisco"),
    ([0x00, 0x18, 0x71], "HP"),
    ([0x00, 0x18, 0x73], "Cisco"),
    ([0x00, 0x18, 0x74], "Cisco"),
    ([0x00, 0x18, 0x82], "Huawei"),
    ([0x00, 0x18, 0x8B], "Dell"),
    ([0x00, 0x18, 0xAD], "IDEC"),
    ([0x00, 0x18, 0xAF], "Samsung"),
    ([0x00, 0x18, 0xB9], "Cisco"),
    ([0x00, 0x18, 0xBA], "Cisco"),
    ([0x00, 0x18, 0xD1], "Siemens"),
    ([0x00, 0x18, 0xDE], "Intel"),
    ([0x00, 0x18, 0xF3], "ASUS"),
    ([0x00, 0x18, 0xF8], "Cisco"),
    ([0x00, 0x18, 0xFE], "HP"),
    ([0x00, 0x19, 0x06], "Cisco"),
    ([0x00, 0x19, 0x07], "Cisco"),
    ([0x00, 0x19, 0x09], "Danfoss"),
    ([0x00, 0x19, 0x28], "Siemens"),
    ([0x00, 0x19, 0x2F], "Cisco"),
    ([0x00, 0x19, 0x30], "Cisco"),
    ([0x00, 0x19, 0x43], "Hirschmann"),
    ([0x00, 0x19, 0x47], "Cisco"),
    ([0x00, 0x19, 0x55], "Cisco"),
    ([0x00, 0x19, 0x56], "Cisco"),
    ([0x00, 0x19, 0x77], "Extreme Networks"),
    ([0x00, 0x19, 0xA9], "Cisco"),
    ([0x00, 0x19, 0xAA], "Cisco"),
    ([0x00, 0x19, 0xB9], "Dell"),
    ([0x00, 0x19, 0xBB], "HP"),
    ([0x00, 0x19, 0xD1], "Intel"),
    ([0x00, 0x19, 0xD2], "Intel"),
    ([0x00, 0x19, 0xE0], "TP-LINK"),
    ([0x00, 0x19, 0xE2], "Juniper Networks"),
    ([0x00, 0x19, 0xE3], "Apple"),
    ([0x00, 0x19, 0xE7], "Cisco"),
    ([0x00, 0x19, 0xE8], "Cisco"),
    ([0x00, 0x1A, 0x1E], "HP"),
    ([0x00, 0x1A, 0x2F], "Cisco"),
    ([0x00, 0x1A, 0x30], "Cisco"),
    ([0x00, 0x1A, 0x4B], "HP"),
    ([0x00, 0x1A, 0x4D], "Gigabyte"),
    ([0x00, 0x1A, 0x6C], "Cisco"),
    ([0x00, 0x1A, 0x6D], "Cisco"),
    ([0x00, 0x1A, 0x70], "Cisco"),
    ([0x00, 0x1A, 0x7C], "Hirschmann"),
    ([0x00, 0x1A, 0x83], "ASUS"),
    ([0x00, 0x1A, 0x8A], "Samsung"),
    ([0x00, 0x1A, 0x92], "ASUS"),
    ([0x00, 0x1A, 0xA0], "Dell"),
    ([0x00, 0x1A, 0xA1], "Cisco"),
    ([0x00, 0x1A, 0xA2], "Cisco"),
    ([0x00, 0x1A, 0xB6], "Texas Instruments"),
    ([0x00, 0x1A, 0xE2], "Cisco"),
    ([0x00, 0x1A, 0xE3], "Cisco"),
    ([0x00, 0x1B, 0x08], "Danfoss"),
    ([0x00, 0x1B, 0x0C], "Cisco"),
    ([0x00, 0x1B, 0x0D], "Cisco"),
    ([0x00, 0x1B, 0x17], "Palo Alto Networks"),
    ([0x00, 0x1B, 0x1B], "Siemens"),
    ([0x00, 0x1B, 0x21], "Intel"),
    ([0x00, 0x1B, 0x2A], "Cisco"),
    ([0x00, 0x1B, 0x2B], "Cisco"),
    ([0x00, 0x1B, 0x2F], "NETGEAR"),
    ([0x00, 0x1B, 0x45], "ABB"),
    ([0x00, 0x1B, 0x53], "Cisco"),
    ([0x00, 0x1B, 0x54], "Cisco"),
    ([0x00, 0x1B, 0x63], "Apple"),
    ([0x00, 0x1B, 0x67], "Cisco"),
    ([0x00, 0x1B, 0x77], "Intel"),
    ([0x00, 0x1B, 0x78], "HP"),
    ([0x00, 0x1B, 0x8F], "Cisco"),
    ([0x00, 0x1B, 0x90], "Cisco"),
    ([0x00, 0x1B, 0x98], "Samsung"),
    ([0x00, 0x1B, 0xC0], "Juniper Networks"),
    ([0x00, 0x1B, 0xD4], "Cisco"),
    ([0x00, 0x1B, 0xD5], "Cisco"),
    ([0x00, 0x1B, 0xD7], "Cisco"),
    ([0x00, 0x1B, 0xE9], "Broadcom"),
    ([0x00, 0x1B, 0xED], "Brocade"),
    ([0x00, 0x1B, 0xFC], "ASUS"),
    ([0x00, 0x1C, 0x01], "ABB"),
    ([0x00, 0x1C, 0x06], "Siemens"),
    ([0x00, 0x1C, 0x0E], "Cisco"),
    ([0x00, 0x1C, 0x0F], "Cisco"),
    ([0x00, 0x1C, 0x10], "Cisco"),
    ([0x00, 0x1C, 0x14], "VMware"),
    ([0x00, 0x1C, 0x23], "Dell"),
    ([0x00, 0x1C, 0x43], "Samsung"),
    ([0x00, 0x1C, 0x57], "Cisco"),
    ([0x00, 0x1C, 0x58], "Cisco"),
    ([0x00, 0x1C, 0xB0], "Cisco"),
    ([0x00, 0x1C, 0xB1], "Cisco"),
    ([0x00, 0x1C, 0xB3], "Apple"),
    ([0x00, 0x1C, 0xBF], "Intel"),
    ([0x00, 0x1C, 0xC0], "Intel"),
    ([0x00, 0x1C, 0xC4], "HP"),
    ([0x00, 0x1C, 0xF6], "Cisco"),
    ([0x00, 0x1C, 0xF9], "Cisco"),
    ([0x00, 0x1D, 0x09], "Dell"),
    ([0x00, 0x1D, 0x0F], "TP-LINK"),
    ([0x00, 0x1D, 0x25], "Samsung"),
    ([0x00, 0x1D, 0x40], "Intel"),
    ([0x00, 0x1D, 0x45], "Cisco"),
    ([0x00, 0x1D, 0x46], "Cisco"),
    ([0x00, 0x1D, 0x4F], "Apple"),
    ([0x00, 0x1D, 0x60], "ASUS"),
    ([0x00, 0x1D, 0x70], "Cisco"),
    ([0x00, 0x1D, 0x71], "Cisco"),
    ([0x00, 0x1D, 0x7D], "Gigabyte"),
    ([0x00, 0x1D, 0x7E], "Cisco"),
    ([0x00, 0x1D, 0x9C], "Rockwell/Allen-Bradley"),
    ([0x00, 0x1D, 0xA1], "Cisco"),
    ([0x00, 0x1D, 0xA2], "Cisco"),
    ([0x00, 0x1D, 0xB5], "Juniper Networks"),
    ([0x00, 0x1D, 0xD8], "Microsoft"),
    ([0x00, 0x1D, 0xE0], "Intel"),
    ([0x00, 0x1D, 0xE1], "Intel"),
    ([0x00, 0x1D, 0xE5], "Cisco"),
    ([0x00, 0x1D, 0xE6], "Cisco"),
    ([0x00, 0x1D, 0xF6], "Samsung"),
    ([0x00, 0x1E, 0x0B], "HP"),
    ([0x00, 0x1E, 0x10], "Huawei"),
    ([0x00, 0x1E, 0x13], "Cisco"),
    ([0x00, 0x1E, 0x14], "Cisco"),
    ([0x00, 0x1E, 0x1E], "Honeywell"),
    ([0x00, 0x1E, 0x2A], "NETGEAR"),
    ([0x00, 0x1E, 0x49], "Cisco"),
    ([0x00, 0x1E, 0x4A], "Cisco"),
    ([0x00, 0x1E, 0x4F], "Dell"),
    ([0x00, 0x1E, 0x52], "Apple"),
    ([0x00, 0x1E, 0x64], "Intel"),
    ([0x00, 0x1E, 0x65], "Intel"),
    ([0x00, 0x1E, 0x67], "Intel"),
    ([0x00, 0x1E, 0x6B], "Cisco"),
    ([0x00, 0x1E, 0x79], "Cisco"),
    ([0x00, 0x1E, 0x7A], "Cisco"),
    ([0x00, 0x1E, 0x7D], "Samsung"),
    ([0x00, 0x1E, 0x8C], "ASUS"),
    ([0x00, 0x1E, 0xBD], "Cisco"),
    ([0x00, 0x1E, 0xBE], "Cisco"),
    ([0x00, 0x1E, 0xC2], "Apple"),
    ([0x00, 0x1E, 0xC9], "Dell"),
    ([0x00, 0x1E, 0xD9], "Mitsubishi Electric"),
    ([0x00, 0x1E, 0xE1], "Samsung"),
    ([0x00, 0x1E, 0xE2], "Samsung"),
    ([0x00, 0x1E, 0xE5], "Cisco"),
    ([0x00, 0x1E, 0xF6], "Cisco"),
    ([0x00, 0x1E, 0xF7], "Cisco"),
    ([0x00, 0x1F, 0x12], "Juniper Networks"),
    ([0x00, 0x1F, 0x26], "Cisco"),
    ([0x00, 0x1F, 0x27], "Cisco"),
    ([0x00, 0x1F, 0x29], "HP"),
    ([0x00, 0x1F, 0x33], "NETGEAR"),
    ([0x00, 0x1F, 0x3B], "Intel"),
    ([0x00, 0x1F, 0x3C], "Intel"),
    ([0x00, 0x1F, 0x55], "Honeywell"),
    ([0x00, 0x1F, 0x5B], "Apple"),
    ([0x00, 0x1F, 0x6C], "Cisco"),
    ([0x00, 0x1F, 0x6D], "Cisco"),
    ([0x00, 0x1F, 0x9D], "Cisco"),
    ([0x00, 0x1F, 0x9E], "Cisco"),
    ([0x00, 0x1F, 0xC6], "ASUS"),
    ([0x00, 0x1F, 0xC9], "Cisco"),
    ([0x00, 0x1F, 0xCA], "Cisco"),
    ([0x00, 0x1F, 0xCC], "Samsung"),
    ([0x00, 0x1F, 0xCD], "Samsung"),
    ([0x00, 0x1F, 0xD0], "Gigabyte"),
    ([0x00, 0x1F, 0xF3], "Apple"),
    ([0x00, 0x1F, 0xF8], "Siemens"),
    ([0x00, 0x20, 0x04], "Honeywell"),
    ([0x00, 0x20, 0x3D], "Honeywell"),
    ([0x00, 0x20, 0x7B], "Intel"),
    ([0x00, 0x20, 0x85], "Eaton"),
    ([0x00, 0x20, 0xB5], "Yaskawa"),
    ([0x00, 0x20, 0xD5], "VIPA"),
    ([0x00, 0x20, 0xED], "Gigabyte"),
    ([0x00, 0x21, 0x1B], "Cisco"),
    ([0x00, 0x21, 0x1C], "Cisco"),
    ([0x00, 0x21, 0x27], "TP-LINK"),
    ([0x00, 0x21, 0x29], "Cisco"),
    ([0x00, 0x21, 0x4C], "Samsung"),
    ([0x00, 0x21, 0x55], "Cisco"),
    ([0x00, 0x21, 0x56], "Cisco"),
    ([0x00, 0x21, 0x59], "Juniper Networks"),
    ([0x00, 0x21, 0x5A], "HP"),
    ([0x00, 0x21, 0x5C], "Intel"),
    ([0x00, 0x21, 0x5D], "Intel"),
    ([0x00, 0x21, 0x6A], "Intel"),
    ([0x00, 0x21, 0x6B], "Intel"),
    ([0x00, 0x21, 0x70], "Dell"),
    ([0x00, 0x21, 0x9B], "Dell"),
    ([0x00, 0x21, 0xA0], "Cisco"),
    ([0x00, 0x21, 0xA1], "Cisco"),
    ([0x00, 0x21, 0xBA], "Texas Instruments"),
    ([0x00, 0x21, 0xBE], "Cisco"),
    ([0x00, 0x21, 0xC1], "ABB"),
    ([0x00, 0x21, 0xD1], "Samsung"),
    ([0x00, 0x21, 0xD2], "Samsung"),
    ([0x00, 0x21, 0xD7], "Cisco"),
    ([0x00, 0x21, 0xD8], "Cisco"),
    ([0x00, 0x21, 0xE8], "Murata"),
    ([0x00, 0x21, 0xE9], "Apple"),
    ([0x00, 0x22, 0x09], "Omron"),
    ([0x00, 0x22, 0x0C], "Cisco"),
    ([0x00, 0x22, 0x0D], "Cisco"),
    ([0x00, 0x22, 0x15], "ASUS"),
    ([0x00, 0x22, 0x19], "Dell"),
    ([0x00, 0x22, 0x3A], "Cisco"),
    ([0x00, 0x22, 0x3F], "NETGEAR"),
    ([0x00, 0x22, 0x41], "Apple"),
    ([0x00, 0x22, 0x48], "Microsoft"),
    ([0x00, 0x22, 0x55], "Cisco"),
    ([0x00, 0x22, 0x56], "Cisco"),
    ([0x00, 0x22, 0x64], "HP"),
    ([0x00, 0x22, 0x6A], "Honeywell"),
    ([0x00, 0x22, 0x6B], "Cisco"),
    ([0x00, 0x22, 0x83], "Juniper Networks"),
    ([0x00, 0x22, 0x90], "Cisco"),
    ([0x00, 0x22, 0x91], "Cisco"),
    ([0x00, 0x22, 0xA1], "Huawei"),
    ([0x00, 0x22, 0xA5], "Texas Instruments"),
    ([0x00, 0x22, 0xBD], "Cisco"),
    ([0x00, 0x22, 0xBE], "Cisco"),
    ([0x00, 0x22, 0xCE], "Cisco"),
    ([0x00, 0x22, 0xD5], "Eaton"),
    ([0x00, 0x22, 0xFA], "Intel"),
    ([0x00, 0x22, 0xFB], "Intel"),
    ([0x00, 0x23, 0x04], "Cisco"),
    ([0x00, 0x23, 0x05], "Cisco"),
    ([0x00, 0x23, 0x12], "Apple"),
    ([0x00, 0x23, 0x14], "Intel"),
    ([0x00, 0x23, 0x15], "Intel"),
    ([0x00, 0x23, 0x32], "Apple"),
    ([0x00, 0x23, 0x33], "Cisco"),
    ([0x00, 0x23, 0x34], "Cisco"),
    ([0x00, 0x23, 0x39], "Samsung"),
    ([0x00, 0x23, 0x3A], "Samsung"),
    ([0x00, 0x23, 0x54], "ASUS"),
    ([0x00, 0x23, 0x5D], "Cisco"),
    ([0x00, 0x23, 0x5E], "Cisco"),
    ([0x00, 0x23, 0x69], "Cisco"),
    ([0x00, 0x23, 0x6C], "Apple"),
    ([0x00, 0x23, 0x7D], "HP"),
    ([0x00, 0x23, 0x8F], "IDEC"),
    ([0x00, 0x23, 0x99], "Samsung"),
    ([0x00, 0x23, 0x9C], "Juniper Networks"),
    ([0x00, 0x23, 0xAB], "Cisco"),
    ([0x00, 0x23, 0xAC], "Cisco"),
    ([0x00, 0x23, 0xAE], "Dell"),
    ([0x00, 0x23, 0xB6], "Honeywell"),
    ([0x00, 0x23, 0xBE], "Cisco"),
    ([0x00, 0x23, 0xC2], "Samsung"),
    ([0x00, 0x23, 0xCD], "TP-LINK"),
    ([0x00, 0x23, 0xD4], "Texas Instruments"),
    ([0x00, 0x23, 0xD6], "Samsung"),
    ([0x00, 0x23, 0xD7], "Samsung"),
    ([0x00, 0x23, 0xDF], "Apple"),
    ([0x00, 0x23, 0xEA], "Cisco"),
    ([0x00, 0x23, 0xEB], "Cisco"),
    ([0x00, 0x24, 0x13], "Cisco"),
    ([0x00, 0x24, 0x14], "Cisco"),
    ([0x00, 0x24, 0x1D], "Gigabyte"),
    ([0x00, 0x24, 0x36], "Apple"),
    ([0x00, 0x24, 0x38], "Brocade"),
    ([0x00, 0x24, 0x50], "Cisco"),
    ([0x00, 0x24, 0x51], "Cisco"),
    ([0x00, 0x24, 0x54], "Samsung"),
    ([0x00, 0x24, 0x59], "ABB"),
    ([0x00, 0x24, 0x6C], "HP"),
    ([0x00, 0x24, 0x81], "HP"),
    ([0x00, 0x24, 0x8C], "ASUS"),
    ([0x00, 0x24, 0x90], "Samsung"),
    ([0x00, 0x24, 0x91], "Samsung"),
    ([0x00, 0x24, 0x97], "Cisco"),
    ([0x00, 0x24, 0x98], "Cisco"),
    ([0x00, 0x24, 0xB2], "NETGEAR"),
    ([0x00, 0x24, 0xBA], "Texas Instruments"),
    ([0x00, 0x24, 0xC3], "Cisco"),
    ([0x00, 0x24, 0xC4], "Cisco"),
    ([0x00, 0x24, 0xD6], "Intel"),
    ([0x00, 0x24, 0xD7], "Intel"),
    ([0x00, 0x24, 0xDC], "Juniper Networks"),
    ([0x00, 0x24, 0xE8], "Dell"),
    ([0x00, 0x24, 0xE9], "Samsung"),
    ([0x00, 0x24, 0xF7], "Cisco"),
    ([0x00, 0x24, 0xF9], "Cisco"),
    ([0x00, 0x25, 0x00], "Apple"),
    ([0x00, 0x25, 0x2E], "Cisco"),
    ([0x00, 0x25, 0x38], "Samsung"),
    ([0x00, 0x25, 0x45], "Cisco"),
    ([0x00, 0x25, 0x46], "Cisco"),
    ([0x00, 0x25, 0x4B], "Apple"),
    ([0x00, 0x25, 0x64], "Dell"),
    ([0x00, 0x25, 0x66], "Samsung"),
    ([0x00, 0x25, 0x67], "Samsung"),
    ([0x00, 0x25, 0x68], "Huawei"),
    ([0x00, 0x25, 0x83], "Cisco"),
    ([0x00, 0x25, 0x84], "Cisco"),
    ([0x00, 0x25, 0x86], "TP-LINK"),
    ([0x00, 0x25, 0x9C], "Cisco"),
    ([0x00, 0x25, 0x9E], "Huawei"),
    ([0x00, 0x25, 0xA8], "Kontron"),
    ([0x00, 0x25, 0xAE], "Microsoft"),
    ([0x00, 0x25, 0xB3], "HP"),
    ([0x00, 0x25, 0xB4], "Cisco"),
    ([0x00, 0x25, 0xB5], "Cisco"),
    ([0x00, 0x25, 0xBC], "Apple"),
    ([0x00, 0x25, 0xBD], "Dell"),
    ([0x00, 0x26, 0x08], "Apple"),
    ([0x00, 0x26, 0x0A], "Cisco"),
    ([0x00, 0x26, 0x0B], "Cisco"),
    ([0x00, 0x26, 0x18], "ASUS"),
    ([0x00, 0x26, 0x4A], "Apple"),
    ([0x00, 0x26, 0x51], "Cisco"),
    ([0x00, 0x26, 0x52], "Cisco"),
    ([0x00, 0x26, 0x55], "HP"),
    ([0x00, 0x26, 0x5D], "Samsung"),
    ([0x00, 0x26, 0x5F], "Samsung"),
    ([0x00, 0x26, 0x88], "Juniper Networks"),
    ([0x00, 0x26, 0x92], "Mitsubishi Electric"),
    ([0x00, 0x26, 0x98], "Cisco"),
    ([0x00, 0x26, 0x99], "Cisco"),
    ([0x00, 0x26, 0xB0], "Apple"),
    ([0x00, 0x26, 0xB9], "Dell"),
    ([0x00, 0x26, 0xBB], "Apple"),
    ([0x00, 0x26, 0xC6], "Intel"),
    ([0x00, 0x26, 0xC7], "Intel"),
    ([0x00, 0x26, 0xCA], "Cisco"),
    ([0x00, 0x26, 0xCB], "Cisco"),
    ([0x00, 0x26, 0xE8], "Murata"),
    ([0x00, 0x26, 0xF2], "NETGEAR"),
    ([0x00, 0x27, 0x0C], "Cisco"),
    ([0x00, 0x27, 0x0D], "Cisco"),
    ([0x00, 0x27, 0x0E], "Intel"),
    ([0x00, 0x27, 0x10], "Intel"),
    ([0x00, 0x27, 0x19], "TP-LINK"),
    ([0x00, 0x27, 0x22], "Ubiquiti"),
    ([0x00, 0x27, 0x90], "Cisco"),
    ([0x00, 0x27, 0xE3], "Cisco"),
    ([0x00, 0x27, 0xF8], "Brocade"),
    ([0x00, 0x28, 0xF8], "Intel"),
    ([0x00, 0x29, 0xC2], "Cisco"),
    ([0x00, 0x2A, 0x10], "Cisco"),
    ([0x00, 0x2A, 0x6A], "Cisco"),
    ([0x00, 0x2B, 0x70], "Samsung"),
    ([0x00, 0x2C, 0xC8], "Cisco"),
    ([0x00, 0x2E, 0xC7], "Huawei"),
    ([0x00, 0x2F, 0x5C], "Cisco"),
    ([0x00, 0x30, 0x05], "Siemens"),
    ([0x00, 0x30, 0x19], "Cisco"),
    ([0x00, 0x30, 0x24], "Cisco"),
    ([0x00, 0x30, 0x40], "Cisco"),
    ([0x00, 0x30, 0x59], "Kontron"),
    ([0x00, 0x30, 0x65], "Apple"),
    ([0x00, 0x30, 0x6E], "HP"),
    ([0x00, 0x30, 0x71], "Cisco"),
    ([0x00, 0x30, 0x78], "Cisco"),
    ([0x00, 0x30, 0x7B], "Cisco"),
    ([0x00, 0x30, 0x80], "Cisco"),
    ([0x00, 0x30, 0x85], "Cisco"),
    ([0x00, 0x30, 0x92], "Kontron"),
    ([0x00, 0x30, 0x94], "Cisco"),
    ([0x00, 0x30, 0x96], "Cisco"),
    ([0x00, 0x30, 0xA3], "Cisco"),
    ([0x00, 0x30, 0xA7], "Schweitzer Engineering"),
    ([0x00, 0x30, 0xAF], "Honeywell"),
    ([0x00, 0x30, 0xB6], "Cisco"),
    ([0x00, 0x30, 0xC1], "HP"),
    ([0x00, 0x30, 0xDE], "WAGO"),
    ([0x00, 0x30, 0xF2], "Cisco"),
    ([0x00, 0x31, 0x46], "Juniper Networks"),
    ([0x00, 0x31, 0x92], "TP-LINK"),
    ([0x00, 0x32, 0x17], "Cisco"),
    ([0x00, 0x34, 0xFE], "Huawei"),
    ([0x00, 0x35, 0x1A], "Cisco"),
    ([0x00, 0x35, 0xFF], "Texas Instruments"),
    ([0x00, 0x37, 0x6D], "Murata"),
    ([0x00, 0x38, 0xDF], "Cisco"),
    ([0x00, 0x3A, 0x7D], "Cisco"),
    ([0x00, 0x3A, 0x98], "Cisco"),
    ([0x00, 0x3A, 0x99], "Cisco"),
    ([0x00, 0x3A, 0x9A], "Cisco"),
    ([0x00, 0x3A, 0x9B], "Cisco"),
    ([0x00, 0x3A, 0x9C], "Cisco"),
    ([0x00, 0x3C, 0x10], "Cisco"),
    ([0x00, 0x3D, 0xE1], "Huawei"),
    ([0x00, 0x3E, 0xE1], "Apple"),
    ([0x00, 0x40, 0x03], "Emerson"),
    ([0x00, 0x40, 0x0B], "Cisco"),
    ([0x00, 0x40, 0x43], "Siemens"),
    ([0x00, 0x40, 0x84], "Honeywell"),
    ([0x00, 0x40, 0x96], "Cisco"),
    ([0x00, 0x41, 0xD2], "Cisco"),
    ([0x00, 0x42, 0x38], "Intel"),
    ([0x00, 0x42, 0x5A], "Cisco"),
    ([0x00, 0x42, 0x68], "Cisco"),
    ([0x00, 0x45, 0x1D], "Cisco"),
    ([0x00, 0x46, 0x4B], "Huawei"),
    ([0x00, 0x4B, 0x0D], "Huawei"),
    ([0x00, 0x4B, 0x12], "Espressif"),
    ([0x00, 0x4E, 0x01], "Dell"),
    ([0x00, 0x4E, 0x35], "HP"),
    ([0x00, 0x4F, 0x1A], "Huawei"),
    ([0x00, 0x50, 0x07], "Siemens"),
    ([0x00, 0x50, 0x0B], "Cisco"),
    ([0x00, 0x50, 0x0F], "Cisco"),
    ([0x00, 0x50, 0x14], "Cisco"),
    ([0x00, 0x50, 0x1E], "Hirschmann"),
    ([0x00, 0x50, 0x2A], "Cisco"),
    ([0x00, 0x50, 0x3E], "Cisco"),
    ([0x00, 0x50, 0x43], "Marvell"),
    ([0x00, 0x50, 0x50], "Cisco"),
    ([0x00, 0x50, 0x53], "Cisco"),
    ([0x00, 0x50, 0x54], "Cisco"),
    ([0x00, 0x50, 0x56], "VMware"),
    ([0x00, 0x50, 0x73], "Cisco"),
    ([0x00, 0x50, 0x80], "Cisco"),
    ([0x00, 0x50, 0x81], "Murata"),
    ([0x00, 0x50, 0x8B], "HP"),
    ([0x00, 0x50, 0xA2], "Cisco"),
    ([0x00, 0x50, 0xA7], "Cisco"),
    ([0x00, 0x50, 0xBD], "Cisco"),
    ([0x00, 0x50, 0xD1], "Cisco"),
    ([0x00, 0x50, 0xE2], "Cisco"),
    ([0x00, 0x50, 0xE4], "Apple"),
    ([0x00, 0x50, 0xF0], "Cisco"),
    ([0x00, 0x50, 0xF2], "Microsoft"),
    ([0x00, 0x56, 0x2B], "Cisco"),
    ([0x00, 0x56, 0x6D], "Huawei"),
    ([0x00, 0x56, 0xCD], "Apple"),
    ([0x00, 0x57, 0xD2], "Cisco"),
    ([0x00, 0x59, 0x07], "Lenovo"),
    ([0x00, 0x59, 0x6C], "Cisco"),
    ([0x00, 0x59, 0xDC], "Cisco"),
    ([0x00, 0x5A, 0x13], "Huawei"),
    ([0x00, 0x5B, 0x94], "Apple"),
    ([0x00, 0x5D, 0x73], "Cisco"),
    ([0x00, 0x5F, 0x67], "TP-LINK"),
    ([0x00, 0x5F, 0x86], "Cisco"),
    ([0x00, 0x60, 0x09], "Cisco"),
    ([0x00, 0x60, 0x2F], "Cisco"),
    ([0x00, 0x60, 0x3E], "Cisco"),
    ([0x00, 0x60, 0x41], "Yokogawa"),
    ([0x00, 0x60, 0x47], "Cisco"),
    ([0x00, 0x60, 0x48], "Dell"),
    ([0x00, 0x60, 0x57], "Murata"),
    ([0x00, 0x60, 0x5C], "Cisco"),
    ([0x00, 0x60, 0x65], "B&R Industrial"),
    ([0x00, 0x60, 0x69], "Brocade"),
    ([0x00, 0x60, 0x6A], "Mitsubishi Electric"),
    ([0x00, 0x60, 0x70], "Cisco"),
    ([0x00, 0x60, 0x83], "Cisco"),
    ([0x00, 0x60, 0xB0], "HP"),
    ([0x00, 0x60, 0xDA], "Red Lion Controls"),
    ([0x00, 0x60, 0xDF], "Brocade"),
    ([0x00, 0x61, 0x51], "Huawei"),
    ([0x00, 0x61, 0x71], "Apple"),
    ([0x00, 0x62, 0x01], "Lenovo"),
    ([0x00, 0x62, 0x0B], "Broadcom"),
    ([0x00, 0x62, 0xEC], "Cisco"),
    ([0x00, 0x64, 0x40], "Cisco"),
    ([0x00, 0x66, 0x19], "Huawei"),
    ([0x00, 0x66, 0x4B], "Huawei"),
    ([0x00, 0x68, 0x2B], "Huawei"),
    ([0x00, 0x68, 0xEB], "HP"),
    ([0x00, 0x6B, 0x6F], "Huawei"),
    ([0x00, 0x6B, 0xF1], "Cisco"),
    ([0x00, 0x6C, 0xBC], "Cisco"),
    ([0x00, 0x6D, 0x52], "Apple"),
    ([0x00, 0x6F, 0x64], "Samsung"),
    ([0x00, 0x70, 0x07], "Espressif"),
    ([0x00, 0x72, 0x04], "Samsung"),
    ([0x00, 0x72, 0x78], "Cisco"),
    ([0x00, 0x72, 0xEE], "Intel"),
    ([0x00, 0x73, 0xE0], "Samsung"),
    ([0x00, 0x76, 0x86], "Cisco"),
    ([0x00, 0x77, 0x8D], "Cisco"),
    ([0x00, 0x78, 0x88], "Cisco"),
    ([0x00, 0x7C, 0x2D], "Samsung"),
    ([0x00, 0x7D, 0x3B], "Samsung"),
    ([0x00, 0x7D, 0x60], "Apple"),
    ([0x00, 0x7E, 0x95], "Cisco"),
    ([0x00, 0x80, 0x5F], "HP"),
    ([0x00, 0x80, 0x63], "Hirschmann"),
    ([0x00, 0x80, 0x67], "Schneider Electric"),
    ([0x00, 0x80, 0x99], "Eaton"),
    ([0x00, 0x80, 0xA0], "HP"),
    ([0x00, 0x80, 0xA7], "Honeywell"),
    ([0x00, 0x80, 0xE1], "STMicroelectronics"),
    ([0x00, 0x80, 0xF4], "Schneider Electric"),
    ([0x00, 0x81, 0x2A], "Apple"),
    ([0x00, 0x81, 0xC4], "Cisco"),
    ([0x00, 0x81, 0xF9], "Texas Instruments"),
    ([0x00, 0x83, 0x20], "Huawei"),
    ([0x00, 0x84, 0x1E], "Cisco"),
    ([0x00, 0x86, 0x9C], "Palo Alto Networks"),
    ([0x00, 0x87, 0x01], "Samsung"),
    ([0x00, 0x87, 0x31], "Cisco"),
    ([0x00, 0x87, 0x64], "Cisco"),
    ([0x00, 0x88, 0x65], "Apple"),
    ([0x00, 0x89, 0xC9], "Extreme Networks"),
    ([0x00, 0x8A, 0x55], "Huawei"),
    ([0x00, 0x8A, 0x76], "Apple"),
    ([0x00, 0x8A, 0x96], "Cisco"),
    ([0x00, 0x8E, 0x73], "Cisco"),
    ([0x00, 0x8E, 0xF2], "NETGEAR"),
    ([0x00, 0x90, 0x0C], "Cisco"),
    ([0x00, 0x90, 0x21], "Cisco"),
    ([0x00, 0x90, 0x27], "Intel"),
    ([0x00, 0x90, 0x2B], "Cisco"),
    ([0x00, 0x90, 0x30], "Honeywell"),
    ([0x00, 0x90, 0x40], "Siemens"),
    ([0x00, 0x90, 0x4F], "ABB"),
    ([0x00, 0x90, 0x5F], "Cisco"),
    ([0x00, 0x90, 0x69], "Juniper Networks"),
    ([0x00, 0x90, 0x6D], "Cisco"),
    ([0x00, 0x90, 0x6F], "Cisco"),
    ([0x00, 0x90, 0x86], "Cisco"),
    ([0x00, 0x90, 0x92], "Cisco"),
    ([0x00, 0x90, 0xA6], "Cisco"),
    ([0x00, 0x90, 0xAB], "Cisco"),
    ([0x00, 0x90, 0xB1], "Cisco"),
    ([0x00, 0x90, 0xBF], "Cisco"),
    ([0x00, 0x90, 0xD9], "Cisco"),
    ([0x00, 0x90, 0xDF], "Mitsubishi Electric"),
    ([0x00, 0x90, 0xE8], "Moxa"),
    ([0x00, 0x90, 0xF2], "Cisco"),
    ([0x00, 0x91, 0x9E], "Intel"),
    ([0x00, 0x92, 0x35], "Apple"),
    ([0x00, 0x93, 0x37], "Intel"),
    ([0x00, 0x94, 0xEC], "Huawei"),
    ([0x00, 0x97, 0xF1], "Apple"),
    ([0x00, 0x99, 0x1D], "Huawei"),
    ([0x00, 0x9A, 0xCD], "Huawei"),
    ([0x00, 0x9A, 0xD2], "Cisco"),
    ([0x00, 0x9C, 0x02], "HP"),
    ([0x00, 0x9D, 0x6B], "Murata"),
    ([0x00, 0x9E, 0x1E], "Cisco"),
    ([0x00, 0xA0, 0x03], "Siemens"),
    ([0x00, 0xA0, 0x1D], "Red Lion Controls"),
    ([0x00, 0xA0, 0x40], "Apple"),
    ([0x00, 0xA0, 0x45], "Phoenix Contact"),
    ([0x00, 0xA0, 0xC6], "Qualcomm"),
    ([0x00, 0xA0, 0xC9], "Intel"),
    ([0x00, 0xA2, 0x89], "Cisco"),
    ([0x00, 0xA2, 0xEE], "Cisco"),
    ([0x00, 0xA3, 0x8E], "Cisco"),
    ([0x00, 0xA3, 0xD1], "Cisco"),
    ([0x00, 0xA4, 0x5F], "Huawei"),
    ([0x00, 0xA5, 0x54], "Intel"),
    ([0x00, 0xA5, 0xBF], "Cisco"),
    ([0x00, 0xA6, 0xCA], "Cisco"),
    ([0x00, 0xA7, 0x42], "Cisco"),
    ([0x00, 0xA9, 0x1D], "Huawei"),
    ([0x00, 0xAA, 0x00], "Intel"),
    ([0x00, 0xAA, 0x01], "Intel"),
    ([0x00, 0xAA, 0x02], "Intel"),
    ([0x00, 0xAA, 0x6E], "Cisco"),
    ([0x00, 0xAA, 0xFD], "Texas Instruments"),
    ([0x00, 0xAD, 0xD5], "Huawei"),
    ([0x00, 0xAE, 0xFA], "Murata"),
    ([0x00, 0xAF, 0x1F], "Cisco"),
    ([0x00, 0xB0, 0x09], "Hirschmann"),
    ([0x00, 0xB0, 0x4A], "Cisco"),
    ([0x00, 0xB0, 0x64], "Cisco"),
    ([0x00, 0xB0, 0x8E], "Cisco"),
    ([0x00, 0xB0, 0xC2], "Cisco"),
    ([0x00, 0xB0, 0xD0], "Dell"),
    ([0x00, 0xB0, 0xE1], "Cisco"),
    ([0x00, 0xB1, 0xE3], "Cisco"),
    ([0x00, 0xB3, 0x38], "Kontron"),
    ([0x00, 0xB3, 0x62], "Apple"),
    ([0x00, 0xB5, 0xD0], "Samsung"),
    ([0x00, 0xB6, 0x70], "Cisco"),
    ([0x00, 0xB7, 0x71], "Cisco"),
    ([0x00, 0xB8, 0x1D], "Extreme Networks"),
    ([0x00, 0xB8, 0xB3], "Cisco"),
    ([0x00, 0xB8, 0xB6], "Lenovo"),
    ([0x00, 0xBB, 0x1C], "Huawei"),
    ([0x00, 0xBB, 0x60], "Intel"),
    ([0x00, 0xBC, 0x60], "Cisco"),
    ([0x00, 0xBE, 0x3B], "Huawei"),
    ([0x00, 0xBE, 0x43], "Dell"),
    ([0x00, 0xBE, 0x75], "Cisco"),
    ([0x00, 0xBF, 0x61], "Samsung"),
    ([0x00, 0xBF, 0x77], "Cisco"),
    ([0x00, 0xC0, 0x4F], "Dell"),
    ([0x00, 0xC0, 0xE4], "Siemens"),
    ([0x00, 0xC1, 0x64], "Cisco"),
    ([0x00, 0xC1, 0xB1], "Cisco"),
    ([0x00, 0xC2, 0xC6], "Intel"),
    ([0x00, 0xC3, 0xF4], "Samsung"),
    ([0x00, 0xC5, 0x2C], "Juniper Networks"),
    ([0x00, 0xC5, 0x85], "Apple"),
    ([0x00, 0xC6, 0x10], "Apple"),
    ([0x00, 0xC8, 0x4E], "HP"),
    ([0x00, 0xC8, 0x8B], "Cisco"),
    ([0x00, 0xCA, 0xE5], "Cisco"),
    ([0x00, 0xCC, 0x05], "Huawei"),
    ([0x00, 0xCC, 0x34], "Juniper Networks"),
    ([0x00, 0xCC, 0xFC], "Cisco"),
    ([0x00, 0xCD, 0xFE], "Apple"),
    ([0x00, 0xD0, 0x06], "Cisco"),
    ([0x00, 0xD0, 0x26], "Hirschmann"),
    ([0x00, 0xD0, 0x58], "Cisco"),
    ([0x00, 0xD0, 0x63], "Cisco"),
    ([0x00, 0xD0, 0x79], "Cisco"),
    ([0x00, 0xD0, 0x8E], "Hirschmann"),
    ([0x00, 0xD0, 0x90], "Cisco"),
    ([0x00, 0xD0, 0x97], "Cisco"),
    ([0x00, 0xD0, 0xB7], "Intel"),
    ([0x00, 0xD0, 0xBA], "Cisco"),
    ([0x00, 0xD0, 0xBB], "Cisco"),
    ([0x00, 0xD0, 0xBC], "Cisco"),
    ([0x00, 0xD0, 0xC0], "Cisco"),
    ([0x00, 0xD0, 0xC9], "Advantech"),
    ([0x00, 0xD0, 0xD3], "Cisco"),
    ([0x00, 0xD0, 0xE4], "Cisco"),
    ([0x00, 0xD0, 0xFF], "Cisco"),
    ([0x00, 0xD4, 0x9E], "Intel"),
    ([0x00, 0xD6, 0xFE], "Cisco"),
    ([0x00, 0xD7, 0x6D], "Intel"),
    ([0x00, 0xD7, 0x8F], "Cisco"),
    ([0x00, 0xD8, 0xA2], "Huawei"),
    ([0x00, 0xDA, 0x27], "Palo Alto Networks"),
    ([0x00, 0xDA, 0x55], "Cisco"),
    ([0x00, 0xDB, 0x70], "Apple"),
    ([0x00, 0xDB, 0xDF], "Intel"),
    ([0x00, 0xDC, 0xB2], "Extreme Networks"),
    ([0x00, 0xDE, 0xFB], "Cisco"),
    ([0x00, 0xDF, 0x1D], "Cisco"),
    ([0x00, 0xE0, 0x14], "Cisco"),
    ([0x00, 0xE0, 0x18], "ASUS"),
    ([0x00, 0xE0, 0x1E], "Cisco"),
    ([0x00, 0xE0, 0x2B], "Extreme Networks"),
    ([0x00, 0xE0, 0x34], "Cisco"),
    ([0x00, 0xE0, 0x4C], "Realtek"),
    ([0x00, 0xE0, 0x4F], "Cisco"),
    ([0x00, 0xE0, 0x52], "Brocade"),
    ([0x00, 0xE0, 0x64], "Samsung"),
    ([0x00, 0xE0, 0x86], "Emerson"),
    ([0x00, 0xE0, 0x8F], "Cisco"),
    ([0x00, 0xE0, 0xA3], "Cisco"),
    ([0x00, 0xE0, 0xB0], "Cisco"),
    ([0x00, 0xE0, 0xE4], "Fanuc"),
    ([0x00, 0xE0, 0xF7], "Cisco"),
    ([0x00, 0xE0, 0xF9], "Cisco"),
    ([0x00, 0xE0, 0xFC], "Huawei"),
    ([0x00, 0xE0, 0xFE], "Cisco"),
    ([0x00, 0xE1, 0x2F], "Huawei"),
    ([0x00, 0xE1, 0x6D], "Cisco"),
    ([0x00, 0xE1, 0x8C], "Intel"),
    ([0x00, 0xE3, 0xB2], "Samsung"),
    ([0x00, 0xE4, 0x06], "Huawei"),
    ([0x00, 0xE6, 0x0E], "Extreme Networks"),
    ([0x00, 0xEA, 0xBD], "Cisco"),
    ([0x00, 0xEB, 0xD5], "Cisco"),
    ([0x00, 0xEE, 0xAB], "Cisco"),
    ([0x00, 0xF2, 0x8B], "Cisco"),
    ([0x00, 0xF3, 0x9F], "Apple"),
    ([0x00, 0xF4, 0x6F], "Samsung"),
    ([0x00, 0xF4, 0xB9], "Apple"),
    ([0x00, 0xF5, 0xFD], "Huawei"),
    ([0x00, 0xF6, 0x63], "Cisco"),
    ([0x00, 0xF7, 0x6F], "Apple"),
    ([0x00, 0xF7, 0xAD], "Huawei"),
    ([0x00, 0xF8, 0x1C], "Huawei"),
    ([0x00, 0xF8, 0x2C], "Cisco"),
    ([0x00, 0xF9, 0x52], "Huawei"),
    ([0x00, 0xFA, 0x21], "Samsung"),
    ([0x00, 0xFA, 0xDE], "Lenovo"),
    ([0x00, 0xFC, 0xBA], "Cisco"),
    ([0x00, 0xFD, 0x22], "Cisco"),
    ([0x00, 0xFD, 0x45], "HP"),
    ([0x00, 0xFE, 0xC8], "Cisco"),
    ([0x04, 0x01, 0xA1], "Fortinet"),
    ([0x04, 0x02, 0x1F], "Huawei"),
    ([0x04, 0x09, 0x73], "HP"),
    ([0x04, 0x0C, 0xCE], "Apple"),
    ([0x04, 0x0E, 0x3C], "HP"),
    ([0x04, 0x0F, 0x66], "TP-LINK"),
    ([0x04, 0x13, 0x7A], "Apple"),
    ([0x04, 0x14, 0x71], "Huawei"),
    ([0x04, 0x15, 0x52], "Apple"),
    ([0x04, 0x18, 0x0F], "Samsung"),
    ([0x04, 0x18, 0x92], "Huawei"),
    ([0x04, 0x18, 0xD6], "Ubiquiti"),
    ([0x04, 0x1B, 0xBA], "Samsung"),
    ([0x04, 0x1C, 0x6C], "Intel"),
    ([0x04, 0x1E, 0x64], "Apple"),
    ([0x04, 0x23, 0x22], "Texas Instruments"),
    ([0x04, 0x25, 0xC5], "Huawei"),
    ([0x04, 0x25, 0xE8], "Texas Instruments"),
    ([0x04, 0x26, 0x65], "Apple"),
    ([0x04, 0x27, 0x28], "Microsoft"),
    ([0x04, 0x27, 0x58], "Huawei"),
    ([0x04, 0x29, 0x2E], "Samsung"),
    ([0x04, 0x2A, 0xE2], "Cisco"),
    ([0x04, 0x2E, 0xC1], "Apple"),
    ([0x04, 0x32, 0x01], "Broadcom"),
    ([0x04, 0x33, 0x1F], "Huawei"),
    ([0x04, 0x33, 0x89], "Huawei"),
    ([0x04, 0x33, 0xC2], "Intel"),
    ([0x04, 0x34, 0xCF], "Apple"),
    ([0x04, 0x41, 0xA5], "Apple"),
    ([0x04, 0x42, 0x1A], "ASUS"),
    ([0x04, 0x46, 0x65], "Murata"),
    ([0x04, 0x47, 0x07], "Texas Instruments"),
    ([0x04, 0x47, 0x2A], "Palo Alto Networks"),
    ([0x04, 0x48, 0x9A], "Apple"),
    ([0x04, 0x49, 0x5D], "Huawei"),
    ([0x04, 0x4A, 0x6C], "Huawei"),
    ([0x04, 0x4B, 0xB1], "Huawei"),
    ([0x04, 0x4B, 0xED], "Apple"),
    ([0x04, 0x4F, 0x4C], "Huawei"),
    ([0x04, 0x52, 0xF3], "Apple"),
    ([0x04, 0x54, 0x53], "Apple"),
    ([0x04, 0x55, 0xB8], "Huawei"),
    ([0x04, 0x56, 0xE5], "Intel"),
    ([0x04, 0x5C, 0x6C], "Juniper Networks"),
    ([0x04, 0x5F, 0xB9], "Cisco"),
    ([0x04, 0x62, 0x73], "Cisco"),
    ([0x04, 0x63, 0xD0], "Huawei"),
    ([0x04, 0x64, 0xFA], "Dell"),
    ([0x04, 0x68, 0x65], "Apple"),
    ([0x04, 0x69, 0x8F], "Juniper Networks"),
    ([0x04, 0x69, 0xF8], "Apple"),
    ([0x04, 0x6C, 0x59], "Intel"),
    ([0x04, 0x6C, 0x9D], "Cisco"),
    ([0x04, 0x72, 0x95], "Apple"),
    ([0x04, 0x72, 0xEF], "Apple"),
    ([0x04, 0x74, 0x9E], "Huawei"),
    ([0x04, 0x75, 0x03], "Huawei"),
    ([0x04, 0x76, 0xB0], "Cisco"),
    ([0x04, 0x79, 0x70], "Huawei"),
    ([0x04, 0x79, 0xB7], "Texas Instruments"),
    ([0x04, 0x7A, 0xAE], "Huawei"),
    ([0x04, 0x80, 0x1A], "Huawei"),
    ([0x04, 0x83, 0x08], "Espressif"),
    ([0x04, 0x88, 0x5F], "Huawei"),
    ([0x04, 0x8C, 0x16], "Huawei"),
    ([0x04, 0x8C, 0x9A], "Huawei"),
    ([0x04, 0x92, 0x26], "ASUS"),
    ([0x04, 0x99, 0xB9], "Apple"),
    ([0x04, 0x99, 0xBB], "Apple"),
    ([0x04, 0x9D, 0x05], "Apple"),
    ([0x04, 0x9F, 0xCA], "Huawei"),
    ([0x04, 0xA1, 0x51], "NETGEAR"),
    ([0x04, 0xA3, 0x16], "Texas Instruments"),
    ([0x04, 0xA6, 0xC8], "Intel"),
    ([0x04, 0xA7, 0x41], "Cisco"),
    ([0x04, 0xA8, 0x1C], "Huawei"),
    ([0x04, 0xB0, 0xE7], "Huawei"),
    ([0x04, 0xB1, 0xA1], "Samsung"),
    ([0x04, 0xB2, 0x47], "Espressif"),
    ([0x04, 0xB4, 0x29], "Samsung"),
    ([0x04, 0xB5, 0xB2], "Apple"),
    ([0x04, 0xB9, 0xE3], "Samsung"),
    ([0x04, 0xBA, 0x1C], "Huawei"),
    ([0x04, 0xBA, 0x8D], "Samsung"),
    ([0x04, 0xBC, 0x6D], "Apple"),
    ([0x04, 0xBD, 0x70], "Huawei"),
    ([0x04, 0xBD, 0x88], "HP"),
    ([0x04, 0xBD, 0x97], "Cisco"),
    ([0x04, 0xBD, 0xBF], "Samsung"),
    ([0x04, 0xBE, 0x58], "Huawei"),
    ([0x04, 0xBF, 0x1B], "Dell"),
    ([0x04, 0xBF, 0xD5], "Apple"),
    ([0x04, 0xC0, 0x6F], "Huawei"),
    ([0x04, 0xC1, 0xD8], "Huawei"),
    ([0x04, 0xC4, 0x61], "Murata"),
    ([0x04, 0xC5, 0xA4], "Cisco"),
    ([0x04, 0xC8, 0x45], "TP-LINK"),
    ([0x04, 0xCA, 0xED], "Huawei"),
    ([0x04, 0xCB, 0x01], "Samsung"),
    ([0x04, 0xCC, 0xBC], "Huawei"),
    ([0x04, 0xCF, 0x4B], "Intel"),
    ([0x04, 0xD3, 0x95], "Lenovo"),
    ([0x04, 0xD3, 0xB0], "Intel"),
    ([0x04, 0xD3, 0xB5], "Huawei"),
    ([0x04, 0xD3, 0xCF], "Apple"),
    ([0x04, 0xD4, 0xC4], "ASUS"),
    ([0x04, 0xD5, 0x90], "Fortinet"),
    ([0x04, 0xD9, 0xF5], "ASUS"),
    ([0x04, 0xDA, 0xD2], "Cisco"),
    ([0x04, 0xDB, 0x56], "Apple"),
    ([0x04, 0xE3, 0x87], "Cisco"),
    ([0x04, 0xE4, 0x51], "Texas Instruments"),
    ([0x04, 0xE4, 0xB6], "Samsung"),
    ([0x04, 0xE5, 0x36], "Apple"),
    ([0x04, 0xE7, 0x95], "Huawei"),
    ([0x04, 0xE8, 0xB9], "Intel"),
    ([0x04, 0xEA, 0x56], "Intel"),
    ([0x04, 0xEB, 0x40], "Cisco"),
    ([0x04, 0xEC, 0xD8], "Intel"),
    ([0x04, 0xED, 0x33], "Intel"),
    ([0x04, 0xEE, 0x03], "Texas Instruments"),
    ([0x04, 0xF0, 0x3E], "Huawei"),
    ([0x04, 0xF0, 0xEE], "Intel"),
    ([0x04, 0xF1, 0x3E], "Apple"),
    ([0x04, 0xF1, 0x69], "Huawei"),
    ([0x04, 0xF3, 0x52], "Huawei"),
    ([0x04, 0xF7, 0xE4], "Apple"),
    ([0x04, 0xF9, 0x38], "Huawei"),
    ([0x04, 0xF9, 0xF8], "TP-LINK"),
    ([0x04, 0xFE, 0x31], "Samsung"),
    ([0x04, 0xFE, 0x7F], "Cisco"),
    ([0x04, 0xFE, 0x8D], "Huawei"),
    ([0x04, 0xFF, 0x08], "Huawei"),
    ([0x08, 0x00, 0x06], "Siemens"),
    ([0x08, 0x00, 0x07], "Apple"),
    ([0x08, 0x00, 0x09], "HP"),
    ([0x08, 0x00, 0x19], "GE"),
    ([0x08, 0x00, 0x1B], "Dell"),
    ([0x08, 0x00, 0x28], "Texas Instruments"),
    ([0x08, 0x00, 0x70], "Mitsubishi Electric"),
    ([0x08, 0x00, 0x88], "Brocade"),
    ([0x08, 0x02, 0x05], "Huawei"),
    ([0x08, 0x02, 0x3C], "Samsung"),
    ([0x08, 0x02, 0x8E], "NETGEAR"),
    ([0x08, 0x03, 0x42], "Palo Alto Networks"),
    ([0x08, 0x04, 0xB4], "Texas Instruments"),
    ([0x08, 0x05, 0xE2], "Juniper Networks"),
    ([0x08, 0x08, 0xC2], "Samsung"),
    ([0x08, 0x0F, 0xE5], "Cisco"),
    ([0x08, 0x10, 0x93], "Samsung"),
    ([0x08, 0x11, 0x96], "Intel"),
    ([0x08, 0x15, 0x2F], "Samsung"),
    ([0x08, 0x16, 0xE3], "Huawei"),
    ([0x08, 0x17, 0x35], "Cisco"),
    ([0x08, 0x18, 0x14], "HP"),
    ([0x08, 0x19, 0xA6], "Huawei"),
    ([0x08, 0x1A, 0xFD], "Huawei"),
    ([0x08, 0x1F, 0x71], "TP-LINK"),
    ([0x08, 0x1F, 0xF3], "Cisco"),
    ([0x08, 0x21, 0xEF], "Samsung"),
    ([0x08, 0x23, 0xC6], "Huawei"),
    ([0x08, 0x25, 0x73], "Apple"),
    ([0x08, 0x27, 0x6B], "Huawei"),
    ([0x08, 0x2C, 0xB6], "Apple"),
    ([0x08, 0x2E, 0x36], "Huawei"),
    ([0x08, 0x2E, 0x5F], "HP"),
    ([0x08, 0x2F, 0xE9], "Huawei"),
    ([0x08, 0x30, 0x6B], "Palo Alto Networks"),
    ([0x08, 0x31, 0x8B], "Huawei"),
    ([0x08, 0x31, 0xA4], "Huawei"),
    ([0x08, 0x35, 0x7D], "Microsoft"),
    ([0x08, 0x36, 0xC9], "NETGEAR"),
    ([0x08, 0x37, 0x3D], "Samsung"),
    ([0x08, 0x3A, 0x8D], "Espressif"),
    ([0x08, 0x3A, 0xF2], "Espressif"),
    ([0x08, 0x3D, 0x88], "Samsung"),
    ([0x08, 0x3F, 0x21], "Lenovo"),
    ([0x08, 0x45, 0xD1], "Cisco"),
    ([0x08, 0x4F, 0x0A], "Huawei"),
    ([0x08, 0x4F, 0xA9], "Cisco"),
    ([0x08, 0x4F, 0xF9], "Cisco"),
    ([0x08, 0x51, 0x04], "Huawei"),
    ([0x08, 0x57, 0x00], "TP-LINK"),
    ([0x08, 0x5B, 0x0E], "Fortinet"),
    ([0x08, 0x5B, 0xD6], "Intel"),
    ([0x08, 0x5C, 0x1B], "Huawei"),
    ([0x08, 0x5D, 0x53], "Apple"),
    ([0x08, 0x60, 0x6E], "ASUS"),
    ([0x08, 0x61, 0x95], "Rockwell/Allen-Bradley"),
    ([0x08, 0x62, 0x02], "Apple"),
    ([0x08, 0x62, 0x66], "ASUS"),
    ([0x08, 0x63, 0x61], "Huawei"),
    ([0x08, 0x63, 0x8A], "Cisco"),
    ([0x08, 0x65, 0x18], "Apple"),
    ([0x08, 0x66, 0x1F], "Palo Alto Networks"),
    ([0x08, 0x66, 0x98], "Apple"),
    ([0x08, 0x6A, 0x0B], "Cisco"),
    ([0x08, 0x6A, 0xC5], "Intel"),
    ([0x08, 0x6D, 0x41], "Apple"),
    ([0x08, 0x6E, 0x9C], "Huawei"),
    ([0x08, 0x70, 0x45], "Apple"),
    ([0x08, 0x70, 0x73], "Huawei"),
    ([0x08, 0x71, 0x1C], "Cisco"),
    ([0x08, 0x71, 0x90], "Intel"),
    ([0x08, 0x74, 0x02], "Apple"),
    ([0x08, 0x76, 0x71], "Juniper Networks"),
    ([0x08, 0x78, 0x08], "Samsung"),
    ([0x08, 0x79, 0x8C], "Huawei"),
    ([0x08, 0x7A, 0x4C], "Huawei"),
    ([0x08, 0x7B, 0x87], "Cisco"),
    ([0x08, 0x7C, 0x43], "Huawei"),
    ([0x08, 0x80, 0x39], "Cisco"),
    ([0x08, 0x81, 0xF4], "Juniper Networks"),
    ([0x08, 0x85, 0x5B], "Kontron"),
    ([0x08, 0x87, 0xC7], "Apple"),
    ([0x08, 0x8C, 0x2C], "Samsung"),
    ([0x08, 0x8E, 0x90], "Intel"),
    ([0x08, 0x8E, 0xDC], "Apple"),
    ([0x08, 0x92, 0x04], "Dell"),
    ([0x08, 0x92, 0x72], "Espressif"),
    ([0x08, 0x93, 0x56], "Huawei"),
    ([0x08, 0x94, 0xEC], "Huawei"),
    ([0x08, 0x95, 0x42], "Apple"),
    ([0x08, 0x96, 0xAD], "Cisco"),
    ([0x08, 0x97, 0x07], "Cisco"),
    ([0x08, 0x97, 0x34], "HP"),
    ([0x08, 0x9D, 0xF4], "Intel"),
    ([0x08, 0x9E, 0x84], "Huawei"),
    ([0x08, 0xA5, 0xDF], "Samsung"),
    ([0x08, 0xA6, 0xF7], "Espressif"),
    ([0x08, 0xA8, 0x42], "Huawei"),
    ([0x08, 0xAA, 0x55], "Lenovo"),
    ([0x08, 0xAD, 0x0A], "Espressif"),
    ([0x08, 0xAE, 0xD6], "Samsung"),
    ([0x08, 0xB2, 0x58], "Juniper Networks"),
    ([0x08, 0xB3, 0xD6], "Huawei"),
    ([0x08, 0xB4, 0xD2], "Intel"),
    ([0x08, 0xB6, 0x1F], "Espressif"),
    ([0x08, 0xBD, 0x43], "NETGEAR"),
    ([0x08, 0xBF, 0xA0], "Samsung"),
    ([0x08, 0xBF, 0xB8], "ASUS"),
    ([0x08, 0xC0, 0x21], "Huawei"),
    ([0x08, 0xC0, 0x6C], "Huawei"),
    ([0x08, 0xC7, 0x29], "Apple"),
    ([0x08, 0xC7, 0xB5], "Apple"),
    ([0x08, 0xCC, 0x27], "Lenovo"),
    ([0x08, 0xCC, 0x68], "Cisco"),
    ([0x08, 0xCC, 0xA7], "Cisco"),
    ([0x08, 0xD0, 0x1E], "Juniper Networks"),
    ([0x08, 0xD0, 0x9F], "Cisco"),
    ([0x08, 0xD1, 0xF9], "Espressif"),
    ([0x08, 0xD2, 0x3E], "Intel"),
    ([0x08, 0xD4, 0x0C], "Intel"),
    ([0x08, 0xD4, 0x2B], "Samsung"),
    ([0x08, 0xD5, 0x93], "Texas Instruments"),
    ([0x08, 0xD9, 0x45], "Huawei"),
    ([0x08, 0xDD, 0x82], "Huawei"),
    ([0x08, 0xE6, 0x89], "Apple"),
    ([0x08, 0xE7, 0xE5], "Huawei"),
    ([0x08, 0xE8, 0x4F], "Huawei"),
    ([0x08, 0xEA, 0x44], "Extreme Networks"),
    ([0x08, 0xEB, 0x21], "Intel"),
    ([0x08, 0xEB, 0xF6], "Huawei"),
    ([0x08, 0xEC, 0xA9], "Samsung"),
    ([0x08, 0xEC, 0xF5], "Cisco"),
    ([0x08, 0xEE, 0x8B], "Samsung"),
    ([0x08, 0xF1, 0xB3], "Cisco"),
    ([0x08, 0xF1, 0xEA], "HP"),
    ([0x08, 0xF3, 0xFB], "Cisco"),
    ([0x08, 0xF4, 0x58], "Huawei"),
    ([0x08, 0xF4, 0xAB], "Apple"),
    ([0x08, 0xF4, 0xF0], "Cisco"),
    ([0x08, 0xF6, 0x9C], "Apple"),
    ([0x08, 0xF8, 0xBC], "Apple"),
    ([0x08, 0xF9, 0xE0], "Espressif"),
    ([0x08, 0xFA, 0x28], "Huawei"),
    ([0x08, 0xFC, 0x88], "Samsung"),
    ([0x08, 0xFD, 0x0E], "Samsung"),
    ([0x08, 0xFD, 0x58], "Huawei"),
    ([0x08, 0xFF, 0x44], "Apple"),
    ([0x0C, 0x02, 0xBD], "Samsung"),
    ([0x0C, 0x07, 0xF3], "Huawei"),
    ([0x0C, 0x0A, 0xDF], "Texas Instruments"),
    ([0x0C, 0x0E, 0xCB], "Huawei"),
    ([0x0C, 0x11, 0x67], "Cisco"),
    ([0x0C, 0x14, 0x20], "Samsung"),
    ([0x0C, 0x15, 0x39], "Apple"),
    ([0x0C, 0x15, 0x63], "Apple"),
    ([0x0C, 0x17, 0x73], "Huawei"),
    ([0x0C, 0x18, 0x4E], "Huawei"),
    ([0x0C, 0x19, 0xF8], "Apple"),
    ([0x0C, 0x1C, 0x57], "Texas Instruments"),
    ([0x0C, 0x23, 0x69], "Honeywell"),
    ([0x0C, 0x23, 0x8D], "Huawei"),
    ([0x0C, 0x26, 0x43], "Cisco"),
    ([0x0C, 0x27, 0x24], "Cisco"),
    ([0x0C, 0x29, 0xEF], "Dell"),
    ([0x0C, 0x2C, 0x54], "Huawei"),
    ([0x0C, 0x2E, 0x57], "Huawei"),
    ([0x0C, 0x2F, 0xB0], "Samsung"),
    ([0x0C, 0x30, 0x21], "Apple"),
    ([0x0C, 0x31, 0xDC], "Huawei"),
    ([0x0C, 0x32, 0x3A], "Samsung"),
    ([0x0C, 0x35, 0x26], "Microsoft"),
    ([0x0C, 0x37, 0xDC], "Huawei"),
    ([0x0C, 0x3B, 0x50], "Apple"),
    ([0x0C, 0x3E, 0x9F], "Apple"),
    ([0x0C, 0x41, 0x3E], "Microsoft"),
    ([0x0C, 0x41, 0xE9], "Huawei"),
    ([0x0C, 0x45, 0xBA], "Huawei"),
    ([0x0C, 0x4B, 0x54], "TP-LINK"),
    ([0x0C, 0x4B, 0xEE], "Texas Instruments"),
    ([0x0C, 0x4D, 0xE9], "Apple"),
    ([0x0C, 0x4E, 0xA0], "Espressif"),
    ([0x0C, 0x4F, 0x9B], "Huawei"),
    ([0x0C, 0x51, 0x01], "Apple"),
    ([0x0C, 0x51, 0x7E], "Apple"),
    ([0x0C, 0x53, 0xB7], "Apple"),
    ([0x0C, 0x54, 0x15], "Intel"),
    ([0x0C, 0x59, 0x9C], "Juniper Networks"),
    ([0x0C, 0x61, 0xCF], "Texas Instruments"),
    ([0x0C, 0x67, 0x43], "Huawei"),
    ([0x0C, 0x68, 0x03], "Cisco"),
    ([0x0C, 0x6A, 0xC4], "Apple"),
    ([0x0C, 0x6F, 0x8B], "Apple"),
    ([0x0C, 0x70, 0x4A], "Huawei"),
    ([0x0C, 0x71, 0x5D], "Samsung"),
    ([0x0C, 0x71, 0x65], "Lenovo"),
    ([0x0C, 0x72, 0x2C], "TP-LINK"),
    ([0x0C, 0x74, 0xC2], "Apple"),
    ([0x0C, 0x75, 0xBD], "Cisco"),
    ([0x0C, 0x77, 0x1A], "Apple"),
    ([0x0C, 0x7A, 0x15], "Intel"),
    ([0x0C, 0x7B, 0xC8], "Cisco"),
    ([0x0C, 0x7D, 0xB0], "Lenovo"),
    ([0x0C, 0x80, 0x2F], "Murata"),
    ([0x0C, 0x80, 0x63], "TP-LINK"),
    ([0x0C, 0x81, 0x26], "Juniper Networks"),
    ([0x0C, 0x82, 0x68], "TP-LINK"),
    ([0x0C, 0x83, 0x06], "Huawei"),
    ([0x0C, 0x83, 0x9A], "Huawei"),
    ([0x0C, 0x84, 0x08], "Huawei"),
    ([0x0C, 0x85, 0x25], "Cisco"),
    ([0x0C, 0x85, 0xE1], "Apple"),
    ([0x0C, 0x86, 0x10], "Juniper Networks"),
    ([0x0C, 0x89, 0x10], "Samsung"),
    ([0x0C, 0x8B, 0x95], "Espressif"),
    ([0x0C, 0x8B, 0xA2], "Huawei"),
    ([0x0C, 0x8B, 0xFD], "Intel"),
    ([0x0C, 0x8D, 0xCA], "Samsung"),
    ([0x0C, 0x8D, 0xDB], "Cisco"),
    ([0x0C, 0x8F, 0xFF], "Huawei"),
    ([0x0C, 0x91, 0x92], "Intel"),
    ([0x0C, 0x96, 0xBF], "Huawei"),
    ([0x0C, 0x97, 0x5F], "HP"),
    ([0x0C, 0x9A, 0x3C], "Intel"),
    ([0x0C, 0x9B, 0x78], "Extreme Networks"),
    ([0x0C, 0x9D, 0x92], "ASUS"),
    ([0x0C, 0xA3, 0xB2], "Apple"),
    ([0x0C, 0xA8, 0xA7], "Samsung"),
    ([0x0C, 0xAE, 0x39], "Intel"),
    ([0x0C, 0xAE, 0x7D], "Texas Instruments"),
    ([0x0C, 0xAF, 0x31], "Cisco"),
    ([0x0C, 0xB2, 0xB7], "Texas Instruments"),
    ([0x0C, 0xB3, 0x19], "Samsung"),
    ([0x0C, 0xB5, 0x27], "Huawei"),
    ([0x0C, 0xB5, 0xB3], "Huawei"),
    ([0x0C, 0xB7, 0x87], "Huawei"),
    ([0x0C, 0xB7, 0x8E], "Huawei"),
    ([0x0C, 0xB8, 0x15], "Espressif"),
    ([0x0C, 0xBC, 0x9F], "Apple"),
    ([0x0C, 0xBE, 0xF1], "Huawei"),
    ([0x0C, 0xC5, 0x6C], "Apple"),
    ([0x0C, 0xC6, 0xCC], "Huawei"),
    ([0x0C, 0xC9, 0x8A], "Intel"),
    ([0x0C, 0xCB, 0x85], "Lenovo"),
    ([0x0C, 0xCC, 0x5D], "Apple"),
    ([0x0C, 0xD0, 0xF8], "Cisco"),
    ([0x0C, 0xD2, 0x92], "Intel"),
    ([0x0C, 0xD5, 0xD3], "Cisco"),
    ([0x0C, 0xD6, 0xBD], "Huawei"),
    ([0x0C, 0xD7, 0x46], "Apple"),
    ([0x0C, 0xD9, 0x96], "Cisco"),
    ([0x0C, 0xDB, 0xEA], "Apple"),
    ([0x0C, 0xDC, 0x7E], "Espressif"),
    ([0x0C, 0xDD, 0x24], "Intel"),
    ([0x0C, 0xDF, 0xA4], "Samsung"),
    ([0x0C, 0xE0, 0xDC], "Samsung"),
    ([0x0C, 0xE4, 0x41], "Apple"),
    ([0x0C, 0xE4, 0xA0], "Huawei"),
    ([0x0C, 0xE5, 0xA1], "Apple"),
    ([0x0C, 0xE5, 0xB5], "Huawei"),
    ([0x0C, 0xE7, 0x25], "Microsoft"),
    ([0x0C, 0xEA, 0x14], "Ubiquiti"),
    ([0x0C, 0xEC, 0x80], "Texas Instruments"),
    ([0x0C, 0xEC, 0x8D], "Lenovo"),
    ([0x0C, 0xED, 0x71], "Extreme Networks"),
    ([0x0C, 0xEF, 0x15], "TP-LINK"),
    ([0x0C, 0xF5, 0xA4], "Cisco"),
    ([0x0C, 0xFC, 0x18], "Huawei"),
    ([0x0C, 0xFE, 0xE5], "Texas Instruments"),
    ([0x10, 0x00, 0x20], "Apple"),
    ([0x10, 0x00, 0x3B], "Espressif"),
    ([0x10, 0x01, 0x77], "Huawei"),
    ([0x10, 0x02, 0xB5], "Intel"),
    ([0x10, 0x05, 0xCA], "Cisco"),
    ([0x10, 0x06, 0x1C], "Espressif"),
    ([0x10, 0x06, 0xED], "Cisco"),
    ([0x10, 0x07, 0xB6], "Samsung"),
    ([0x10, 0x08, 0x2C], "Texas Instruments"),
    ([0x10, 0x0B, 0xA9], "Intel"),
    ([0x10, 0x0C, 0x6B], "NETGEAR"),
    ([0x10, 0x0D, 0x7F], "NETGEAR"),
    ([0x10, 0x0D, 0x8C], "Huawei"),
    ([0x10, 0x0E, 0x7E], "Juniper Networks"),
    ([0x10, 0x1B, 0x54], "Huawei"),
    ([0x10, 0x1C, 0x0C], "Apple"),
    ([0x10, 0x1D, 0x6E], "HP"),
    ([0x10, 0x1D, 0xC0], "Samsung"),
    ([0x10, 0x1F, 0x74], "HP"),
    ([0x10, 0x20, 0xBA], "Espressif"),
    ([0x10, 0x24, 0x07], "Huawei"),
    ([0x10, 0x27, 0xF5], "TP-LINK"),
    ([0x10, 0x29, 0x59], "Apple"),
    ([0x10, 0x29, 0xAB], "Samsung"),
    ([0x10, 0x2B, 0x1C], "Lenovo"),
    ([0x10, 0x2B, 0x41], "Samsung"),
    ([0x10, 0x2E, 0x00], "Intel"),
    ([0x10, 0x2E, 0xAF], "Texas Instruments"),
    ([0x10, 0x2F, 0x6B], "Microsoft"),
    ([0x10, 0x2F, 0xCA], "Apple"),
    ([0x10, 0x30, 0x25], "Apple"),
    ([0x10, 0x30, 0x47], "Samsung"),
    ([0x10, 0x32, 0x1D], "Huawei"),
    ([0x10, 0x32, 0x2C], "Murata"),
    ([0x10, 0x32, 0x7E], "Huawei"),
    ([0x10, 0x39, 0x17], "Samsung"),
    ([0x10, 0x39, 0xE9], "Juniper Networks"),
    ([0x10, 0x3B, 0x59], "Samsung"),
    ([0x10, 0x3D, 0x1C], "Intel"),
    ([0x10, 0x40, 0xF3], "Apple"),
    ([0x10, 0x41, 0x7F], "Apple"),
    ([0x10, 0x42, 0x10], "Apple"),
    ([0x10, 0x44, 0x00], "Huawei"),
    ([0x10, 0x47, 0x80], "Huawei"),
    ([0x10, 0x49, 0x0E], "Huawei"),
    ([0x10, 0x49, 0x63], "HARTING"),
    ([0x10, 0x4A, 0x7D], "Intel"),
    ([0x10, 0x4B, 0x46], "Mitsubishi Electric"),
    ([0x10, 0x4F, 0x58], "HP"),
    ([0x10, 0x51, 0x07], "Intel"),
    ([0x10, 0x51, 0x72], "Huawei"),
    ([0x10, 0x51, 0xDB], "Espressif"),
    ([0x10, 0x52, 0x1C], "Espressif"),
    ([0x10, 0x52, 0xBD], "Huawei"),
    ([0x10, 0x57, 0x25], "Cisco"),
    ([0x10, 0x5A, 0x95], "TP-LINK"),
    ([0x10, 0x5D, 0xDC], "Huawei"),
    ([0x10, 0x5F, 0x49], "Cisco"),
    ([0x10, 0x5F, 0xAD], "Intel"),
    ([0x10, 0x60, 0x4B], "HP"),
    ([0x10, 0x62, 0xE5], "HP"),
    ([0x10, 0x65, 0x30], "Dell"),
    ([0x10, 0x67, 0xA3], "Huawei"),
    ([0x10, 0x71, 0x00], "Huawei"),
    ([0x10, 0x77, 0xB1], "Samsung"),
    ([0x10, 0x7A, 0x2A], "Microsoft"),
    ([0x10, 0x7B, 0x44], "ASUS"),
    ([0x10, 0x7C, 0x61], "ASUS"),
    ([0x10, 0x7D, 0x1A], "Dell"),
    ([0x10, 0x7D, 0xC8], "Apple"),
    ([0x10, 0x86, 0xF4], "Huawei"),
    ([0x10, 0x88, 0xD3], "Huawei"),
    ([0x10, 0x89, 0xFB], "Samsung"),
    ([0x10, 0x8C, 0xCF], "Cisco"),
    ([0x10, 0x8E, 0xE0], "Samsung"),
    ([0x10, 0x8F, 0xFE], "Huawei"),
    ([0x10, 0x91, 0xA8], "Espressif"),
    ([0x10, 0x91, 0xD1], "Intel"),
    ([0x10, 0x92, 0x66], "Samsung"),
    ([0x10, 0x93, 0xE9], "Apple"),
    ([0x10, 0x94, 0xBB], "Apple"),
    ([0x10, 0x94, 0xEF], "Huawei"),
    ([0x10, 0x96, 0xC6], "Cisco"),
    ([0x10, 0x97, 0xBD], "Espressif"),
    ([0x10, 0x98, 0x19], "Dell"),
    ([0x10, 0x98, 0x36], "Dell"),
    ([0x10, 0x98, 0xC3], "Murata"),
    ([0x10, 0x9A, 0xBA], "Intel"),
    ([0x10, 0x9A, 0xDD], "Apple"),
    ([0x10, 0x9D, 0x7A], "Huawei"),
    ([0x10, 0x9F, 0x41], "Apple"),
    ([0x10, 0xA1, 0xDA], "Apple"),
    ([0x10, 0xA2, 0xD3], "Apple"),
    ([0x10, 0xA3, 0x0F], "Huawei"),
    ([0x10, 0xA4, 0xDA], "Huawei"),
    ([0x10, 0xA5, 0x1D], "Intel"),
    ([0x10, 0xA5, 0xD0], "Murata"),
    ([0x10, 0xA8, 0x29], "Cisco"),
    ([0x10, 0xA8, 0x79], "Intel"),
    ([0x10, 0xAB, 0xC9], "Samsung"),
    ([0x10, 0xB1, 0xF8], "Huawei"),
    ([0x10, 0xB3, 0xC6], "Cisco"),
    ([0x10, 0xB3, 0xD5], "Cisco"),
    ([0x10, 0xB3, 0xD6], "Cisco"),
    ([0x10, 0xB4, 0x1D], "Espressif"),
    ([0x10, 0xB5, 0x88], "Apple"),
    ([0x10, 0xB6, 0x76], "HP"),
    ([0x10, 0xB9, 0xC4], "Apple"),
    ([0x10, 0xBC, 0x36], "Huawei"),
    ([0x10, 0xBD, 0x18], "Cisco"),
    ([0x10, 0xBD, 0x3A], "Apple"),
    ([0x10, 0xBD, 0xA3], "Espressif"),
    ([0x10, 0xBF, 0x48], "ASUS"),
    ([0x10, 0xC1, 0x72], "Huawei"),
    ([0x10, 0xC3, 0x7B], "ASUS"),
    ([0x10, 0xC3, 0xAB], "Huawei"),
    ([0x10, 0xC5, 0x95], "Lenovo"),
    ([0x10, 0xC6, 0x1F], "Huawei"),
    ([0x10, 0xC7, 0x35], "Microsoft"),
    ([0x10, 0xCA, 0xBF], "Texas Instruments"),
    ([0x10, 0xCD, 0x54], "Huawei"),
    ([0x10, 0xCE, 0xA9], "Texas Instruments"),
    ([0x10, 0xCE, 0xE9], "Apple"),
    ([0x10, 0xCF, 0x0F], "Apple"),
    ([0x10, 0xD3, 0x8A], "Samsung"),
    ([0x10, 0xD5, 0x42], "Samsung"),
    ([0x10, 0xD6, 0x57], "Siemens"),
    ([0x10, 0xDA, 0x43], "NETGEAR"),
    ([0x10, 0xDA, 0x49], "Huawei"),
    ([0x10, 0xDA, 0x63], "Apple"),
    ([0x10, 0xDD, 0xB1], "Apple"),
    ([0x10, 0xDF, 0xFC], "Siemens"),
    ([0x10, 0xE2, 0xC9], "Apple"),
    ([0x10, 0xE3, 0x76], "Cisco"),
    ([0x10, 0xE4, 0xC2], "Samsung"),
    ([0x10, 0xE6, 0x76], "Cisco"),
    ([0x10, 0xE7, 0xC6], "HP"),
    ([0x10, 0xE9, 0x53], "Huawei"),
    ([0x10, 0xEA, 0x59], "Cisco"),
    ([0x10, 0xEC, 0x81], "Samsung"),
    ([0x10, 0xF0, 0x05], "Intel"),
    ([0x10, 0xF3, 0x11], "Cisco"),
    ([0x10, 0xF6, 0x0A], "Intel"),
    ([0x10, 0xF9, 0x20], "Cisco"),
    ([0x10, 0xFC, 0x33], "Huawei"),
    ([0x10, 0xFE, 0xED], "TP-LINK"),
    ([0x10, 0xFF, 0xE0], "Gigabyte"),
    ([0x14, 0x01, 0x52], "Samsung"),
    ([0x14, 0x02, 0xEC], "HP"),
    ([0x14, 0x05, 0x89], "Lenovo"),
    ([0x14, 0x08, 0x08], "Espressif"),
    ([0x14, 0x09, 0xDC], "Huawei"),
    ([0x14, 0x0B, 0x9E], "Samsung"),
    ([0x14, 0x10, 0x9F], "Apple"),
    ([0x14, 0x13, 0xFB], "Huawei"),
    ([0x14, 0x14, 0x7D], "Apple"),
    ([0x14, 0x16, 0x9D], "Cisco"),
    ([0x14, 0x18, 0x77], "Dell"),
    ([0x14, 0x18, 0xC3], "Intel"),
    ([0x14, 0x19, 0x23], "Cisco"),
    ([0x14, 0x1A, 0x97], "Apple"),
    ([0x14, 0x1A, 0xA3], "Lenovo"),
    ([0x14, 0x1B, 0xA0], "Apple"),
    ([0x14, 0x1F, 0x78], "Samsung"),
    ([0x14, 0x20, 0x5E], "Apple"),
    ([0x14, 0x23, 0x0A], "Huawei"),
    ([0x14, 0x23, 0xF2], "Broadcom"),
    ([0x14, 0x23, 0xF3], "Broadcom"),
    ([0x14, 0x28, 0x76], "Apple"),
    ([0x14, 0x2B, 0x2F], "Espressif"),
    ([0x14, 0x2D, 0x4D], "Apple"),
    ([0x14, 0x30, 0x04], "Huawei"),
    ([0x14, 0x30, 0xC6], "Lenovo"),
    ([0x14, 0x32, 0xD1], "Samsung"),
    ([0x14, 0x33, 0x5C], "Espressif"),
    ([0x14, 0x35, 0xB7], "Apple"),
    ([0x14, 0x36, 0xC6], "Lenovo"),
    ([0x14, 0x38, 0xFA], "Lenovo"),
    ([0x14, 0x3B, 0x51], "Huawei"),
    ([0x14, 0x3C, 0xC3], "Huawei"),
    ([0x14, 0x3E, 0xC2], "Intel"),
    ([0x14, 0x41, 0x46], "Honeywell"),
    ([0x14, 0x42, 0xFC], "Texas Instruments"),
    ([0x14, 0x46, 0x58], "Huawei"),
    ([0x14, 0x49, 0x20], "Huawei"),
    ([0x14, 0x49, 0xC5], "Huawei"),
    ([0x14, 0x4F, 0x8A], "Intel"),
    ([0x14, 0x51, 0x20], "Huawei"),
    ([0x14, 0x55, 0x94], "Huawei"),
    ([0x14, 0x56, 0x3A], "Huawei"),
    ([0x14, 0x56, 0x8E], "Samsung"),
    ([0x14, 0x57, 0x9F], "Huawei"),
    ([0x14, 0x58, 0xD0], "HP"),
    ([0x14, 0x59, 0xC0], "NETGEAR"),
    ([0x14, 0x5A, 0x05], "Apple"),
    ([0x14, 0x5E, 0xBC], "Huawei"),
    ([0x14, 0x5F, 0x94], "Huawei"),
    ([0x14, 0x60, 0xCB], "Apple"),
    ([0x14, 0x63, 0x93], "Espressif"),
    ([0x14, 0x65, 0x6A], "Huawei"),
    ([0x14, 0x75, 0x5B], "Intel"),
    ([0x14, 0x75, 0x90], "TP-LINK"),
    ([0x14, 0x77, 0x40], "Huawei"),
    ([0x14, 0x7A, 0xE4], "Apple"),
    ([0x14, 0x7D, 0xC5], "Murata"),
    ([0x14, 0x7D, 0xDA], "Apple"),
    ([0x14, 0x7E, 0x19], "HP"),
    ([0x14, 0x7F, 0x0F], "Texas Instruments"),
    ([0x14, 0x7F, 0xCE], "Apple"),
    ([0x14, 0x84, 0x73], "Cisco"),
    ([0x14, 0x85, 0x09], "Apple"),
    ([0x14, 0x85, 0x7F], "Intel"),
    ([0x14, 0x86, 0x92], "TP-LINK"),
    ([0x14, 0x87, 0x6A], "Apple"),
    ([0x14, 0x88, 0xE6], "Apple"),
    ([0x14, 0x89, 0xCB], "Huawei"),
    ([0x14, 0x89, 0xFD], "Samsung"),
    ([0x14, 0x8C, 0x4A], "Huawei"),
    ([0x14, 0x8F, 0x79], "Apple"),
    ([0x14, 0x8F, 0xC6], "Apple"),
    ([0x14, 0x94, 0x6C], "Apple"),
    ([0x14, 0x95, 0xCE], "Apple"),
    ([0x14, 0x96, 0xE5], "Samsung"),
    ([0x14, 0x98, 0x77], "Apple"),
    ([0x14, 0x99, 0xE2], "Apple"),
    ([0x14, 0x9A, 0x10], "Microsoft"),
    ([0x14, 0x9A, 0xA3], "Huawei"),
    ([0x14, 0x9C, 0xEF], "Texas Instruments"),
    ([0x14, 0x9D, 0x09], "Huawei"),
    ([0x14, 0x9D, 0x99], "Apple"),
    ([0x14, 0x9E, 0xCF], "Dell"),
    ([0x14, 0x9F, 0x3C], "Samsung"),
    ([0x14, 0x9F, 0x43], "Cisco"),
    ([0x14, 0x9F, 0xE8], "Lenovo"),
    ([0x14, 0xA0, 0xF8], "Huawei"),
    ([0x14, 0xA2, 0xA0], "Cisco"),
    ([0x14, 0xA3, 0x2F], "Huawei"),
    ([0x14, 0xA3, 0x64], "Samsung"),
    ([0x14, 0xA3, 0xB4], "Huawei"),
    ([0x14, 0xA5, 0x1A], "Huawei"),
    ([0x14, 0xAB, 0x02], "Huawei"),
    ([0x14, 0xAB, 0xC5], "Intel"),
    ([0x14, 0xAB, 0xEC], "HP"),
    ([0x14, 0xB3, 0x1F], "Dell"),
    ([0x14, 0xB3, 0xA1], "Juniper Networks"),
    ([0x14, 0xB4, 0x84], "Samsung"),
    ([0x14, 0xB9, 0x03], "Huawei"),
    ([0x14, 0xB9, 0x68], "Huawei"),
    ([0x14, 0xBB, 0x6E], "Samsung"),
    ([0x14, 0xBC, 0x68], "Cisco"),
    ([0x14, 0xBD, 0x61], "Apple"),
    ([0x14, 0xC1, 0x9F], "Espressif"),
    ([0x14, 0xC2, 0x13], "Apple"),
    ([0x14, 0xC8, 0x8B], "Apple"),
    ([0x14, 0xCB, 0x19], "HP"),
    ([0x14, 0xCB, 0x65], "Microsoft"),
    ([0x14, 0xCC, 0x20], "TP-LINK"),
    ([0x14, 0xCF, 0x92], "TP-LINK"),
    ([0x14, 0xD0, 0x0D], "Apple"),
    ([0x14, 0xD1, 0x1F], "Huawei"),
    ([0x14, 0xD1, 0x69], "Huawei"),
    ([0x14, 0xD1, 0x9E], "Apple"),
    ([0x14, 0xD8, 0x64], "TP-LINK"),
    ([0x14, 0xDA, 0xB9], "Huawei"),
    ([0x14, 0xDA, 0xE9], "ASUS"),
    ([0x14, 0xDD, 0xA9], "ASUS"),
    ([0x14, 0xDE, 0x39], "Huawei"),
    ([0x14, 0xE0, 0x1D], "Samsung"),
    ([0x14, 0xE2, 0x2A], "Cisco"),
    ([0x14, 0xE6, 0xE4], "TP-LINK"),
    ([0x14, 0xEB, 0x08], "Huawei"),
    ([0x14, 0xEB, 0xB6], "TP-LINK"),
    ([0x14, 0xF2, 0x87], "Apple"),
    ([0x14, 0xF4, 0x2A], "Samsung"),
    ([0x14, 0xF6, 0xD8], "Intel"),
    ([0x14, 0xFB, 0x70], "Huawei"),
    ([0x14, 0xFE, 0xB5], "Dell"),
    ([0x18, 0x02, 0x2D], "Huawei"),
    ([0x18, 0x03, 0x73], "Dell"),
    ([0x18, 0x04, 0xED], "Texas Instruments"),
    ([0x18, 0x0B, 0xD0], "Huawei"),
    ([0x18, 0x16, 0xC9], "Samsung"),
    ([0x18, 0x19, 0xD6], "Samsung"),
    ([0x18, 0x1D, 0xEA], "Intel"),
    ([0x18, 0x1E, 0xB0], "Samsung"),
    ([0x18, 0x20, 0x32], "Apple"),
    ([0x18, 0x21, 0x95], "Samsung"),
    ([0x18, 0x22, 0x7E], "Samsung"),
    ([0x18, 0x26, 0x49], "Intel"),
    ([0x18, 0x26, 0x54], "Samsung"),
    ([0x18, 0x26, 0x66], "Samsung"),
    ([0x18, 0x2A, 0x57], "Huawei"),
    ([0x18, 0x2A, 0xD3], "Juniper Networks"),
    ([0x18, 0x2C, 0x65], "Texas Instruments"),
    ([0x18, 0x31, 0xBF], "ASUS"),
    ([0x18, 0x33, 0x86], "Huawei"),
    ([0x18, 0x33, 0x9D], "Cisco"),
    ([0x18, 0x34, 0x51], "Apple"),
    ([0x18, 0x3A, 0x2D], "Samsung"),
    ([0x18, 0x3C, 0xB7], "Huawei"),
    ([0x18, 0x3D, 0x5E], "Huawei"),
    ([0x18, 0x3D, 0xA2], "Intel"),
    ([0x18, 0x3E, 0xEF], "Apple"),
    ([0x18, 0x3F, 0x47], "Samsung"),
    ([0x18, 0x3F, 0x70], "Apple"),
    ([0x18, 0x45, 0x16], "Texas Instruments"),
    ([0x18, 0x46, 0x17], "Samsung"),
    ([0x18, 0x48, 0xCA], "Murata"),
    ([0x18, 0x49, 0xF8], "Extreme Networks"),
    ([0x18, 0x4A, 0x53], "Apple"),
    ([0x18, 0x4C, 0x08], "Rockwell/Allen-Bradley"),
    ([0x18, 0x4E, 0x16], "Samsung"),
    ([0x18, 0x4E, 0xCB], "Samsung"),
    ([0x18, 0x54, 0xCF], "Samsung"),
    ([0x18, 0x55, 0x0F], "Cisco"),
    ([0x18, 0x55, 0xE3], "Apple"),
    ([0x18, 0x56, 0x44], "Huawei"),
    ([0x18, 0x56, 0x80], "Intel"),
    ([0x18, 0x56, 0xC3], "Apple"),
    ([0x18, 0x59, 0x33], "Cisco"),
    ([0x18, 0x59, 0xF5], "Cisco"),
    ([0x18, 0x5A, 0x58], "Dell"),
    ([0x18, 0x5B, 0xB3], "Samsung"),
    ([0x18, 0x5E, 0x0F], "Intel"),
    ([0x18, 0x5F, 0x27], "Lenovo"),
    ([0x18, 0x60, 0x24], "HP"),
    ([0x18, 0x62, 0xE4], "Texas Instruments"),
    ([0x18, 0x64, 0x72], "HP"),
    ([0x18, 0x65, 0x90], "Apple"),
    ([0x18, 0x66, 0xDA], "Dell"),
    ([0x18, 0x67, 0xB0], "Samsung"),
    ([0x18, 0x69, 0x45], "TP-LINK"),
    ([0x18, 0x69, 0xD4], "Samsung"),
    ([0x18, 0x70, 0x3B], "Huawei"),
    ([0x18, 0x7A, 0x3B], "HP"),
    ([0x18, 0x7E, 0xB9], "Apple"),
    ([0x18, 0x80, 0x90], "Cisco"),
    ([0x18, 0x81, 0x0E], "Apple"),
    ([0x18, 0x83, 0x31], "Samsung"),
    ([0x18, 0x89, 0x5B], "Samsung"),
    ([0x18, 0x8B, 0x0E], "Espressif"),
    ([0x18, 0x8B, 0x45], "Cisco"),
    ([0x18, 0x8B, 0x9D], "Cisco"),
    ([0x18, 0x93, 0x41], "Intel"),
    ([0x18, 0x93, 0xD7], "Texas Instruments"),
    ([0x18, 0x9C, 0x5D], "Cisco"),
    ([0x18, 0x9E, 0x2C], "Huawei"),
    ([0x18, 0x9E, 0xFC], "Apple"),
    ([0x18, 0xA0, 0x84], "Apple"),
    ([0x18, 0xA6, 0xF7], "TP-LINK"),
    ([0x18, 0xA9, 0x05], "HP"),
    ([0x18, 0xA9, 0x9B], "Dell"),
    ([0x18, 0xAA, 0x0F], "Huawei"),
    ([0x18, 0xAB, 0x1D], "Samsung"),
    ([0x18, 0xAE, 0xBB], "Siemens"),
    ([0x18, 0xAF, 0x61], "Apple"),
    ([0x18, 0xAF, 0x8F], "Apple"),
    ([0x18, 0xB6, 0x57], "Huawei"),
    ([0x18, 0xB8, 0x42], "Apple"),
    ([0x18, 0xBB, 0x1C], "Huawei"),
    ([0x18, 0xBB, 0x41], "Huawei"),
    ([0x18, 0xBF, 0xB3], "Samsung"),
    ([0x18, 0xC0, 0x07], "Huawei"),
    ([0x18, 0xC0, 0x4D], "Gigabyte"),
    ([0x18, 0xC0, 0x86], "Broadcom"),
    ([0x18, 0xC5, 0x8A], "Huawei"),
    ([0x18, 0xCC, 0x18], "Intel"),
    ([0x18, 0xCE, 0x94], "Samsung"),
    ([0x18, 0xCF, 0x24], "Huawei"),
    ([0x18, 0xD2, 0x76], "Huawei"),
    ([0x18, 0xD6, 0xC7], "TP-LINK"),
    ([0x18, 0xD6, 0xDD], "Huawei"),
    ([0x18, 0xD9, 0x8F], "Huawei"),
    ([0x18, 0xDB, 0xF2], "Dell"),
    ([0x18, 0xDE, 0xD7], "Huawei"),
    ([0x18, 0xE2, 0xC2], "Samsung"),
    ([0x18, 0xE6, 0x71], "Apple"),
    ([0x18, 0xE7, 0x28], "Cisco"),
    ([0x18, 0xE7, 0xB0], "Apple"),
    ([0x18, 0xE7, 0xF4], "Apple"),
    ([0x18, 0xE8, 0x29], "Ubiquiti"),
    ([0x18, 0xE9, 0x1D], "Huawei"),
    ([0x18, 0xEE, 0x69], "Apple"),
    ([0x18, 0xEF, 0x63], "Cisco"),
    ([0x18, 0xF1, 0xD8], "Apple"),
    ([0x18, 0xF2, 0x2C], "TP-LINK"),
    ([0x18, 0xF6, 0x43], "Apple"),
    ([0x18, 0xF9, 0x35], "Cisco"),
    ([0x18, 0xFA, 0xB7], "Apple"),
    ([0x18, 0xFB, 0x7B], "Dell"),
    ([0x18, 0xFE, 0x34], "Espressif"),
    ([0x18, 0xFF, 0x0F], "Intel"),
    ([0x1C, 0x0B, 0x8B], "Ubiquiti"),
    ([0x1C, 0x0D, 0x7D], "Apple"),
    ([0x1C, 0x0E, 0xAF], "Huawei"),
    ([0x1C, 0x0E, 0xC2], "Apple"),
    ([0x1C, 0x13, 0x86], "Huawei"),
    ([0x1C, 0x13, 0xFA], "Huawei"),
    ([0x1C, 0x15, 0x1F], "Huawei"),
    ([0x1C, 0x17, 0xD3], "Cisco"),
    ([0x1C, 0x1A, 0xC0], "Apple"),
    ([0x1C, 0x1A, 0xDF], "Microsoft"),
    ([0x1C, 0x1B, 0x0D], "Gigabyte"),
    ([0x1C, 0x1B, 0xB5], "Intel"),
    ([0x1C, 0x1D, 0x67], "Huawei"),
    ([0x1C, 0x1D, 0x86], "Cisco"),
    ([0x1C, 0x1D, 0xD3], "Apple"),
    ([0x1C, 0x1F, 0xF1], "Huawei"),
    ([0x1C, 0x20, 0xDB], "Huawei"),
    ([0x1C, 0x23, 0x2C], "Samsung"),
    ([0x1C, 0x28, 0xAF], "HP"),
    ([0x1C, 0x2D, 0x60], "Extreme Networks"),
    ([0x1C, 0x30, 0x03], "HP"),
    ([0x1C, 0x32, 0xAC], "Huawei"),
    ([0x1C, 0x36, 0xBB], "Apple"),
    ([0x1C, 0x3A, 0xDE], "Samsung"),
    ([0x1C, 0x3B, 0xF3], "TP-LINK"),
    ([0x1C, 0x3C, 0x78], "Apple"),
    ([0x1C, 0x3C, 0xD4], "Huawei"),
    ([0x1C, 0x3D, 0x2F], "Huawei"),
    ([0x1C, 0x40, 0x24], "Dell"),
    ([0x1C, 0x42, 0xC2], "Huawei"),
    ([0x1C, 0x43, 0x63], "Huawei"),
    ([0x1C, 0x44, 0x19], "TP-LINK"),
    ([0x1C, 0x45, 0x93], "Texas Instruments"),
    ([0x1C, 0x47, 0x2F], "Huawei"),
    ([0x1C, 0x4D, 0x70], "Intel"),
    ([0x1C, 0x56, 0xFE], "Lenovo"),
    ([0x1C, 0x57, 0xDC], "Apple"),
    ([0x1C, 0x59, 0x9B], "Huawei"),
    ([0x1C, 0x5A, 0x3E], "Samsung"),
    ([0x1C, 0x5C, 0xF2], "Apple"),
    ([0x1C, 0x61, 0xB4], "TP-LINK"),
    ([0x1C, 0x61, 0xBF], "Apple"),
    ([0x1C, 0x62, 0x7E], "Huawei"),
    ([0x1C, 0x62, 0xB8], "Samsung"),
    ([0x1C, 0x63, 0x49], "Texas Instruments"),
    ([0x1C, 0x64, 0xF0], "Lenovo"),
    ([0x1C, 0x66, 0xAA], "Samsung"),
    ([0x1C, 0x67, 0x58], "Huawei"),
    ([0x1C, 0x69, 0x20], "Espressif"),
    ([0x1C, 0x6A, 0x1B], "Ubiquiti"),
    ([0x1C, 0x6A, 0x76], "Apple"),
    ([0x1C, 0x6A, 0x7A], "Cisco"),
    ([0x1C, 0x6F, 0x65], "Gigabyte"),
    ([0x1C, 0x70, 0x22], "Murata"),
    ([0x1C, 0x70, 0x55], "Huawei"),
    ([0x1C, 0x71, 0x25], "Apple"),
    ([0x1C, 0x72, 0x1D], "Dell"),
    ([0x1C, 0x73, 0xE2], "Huawei"),
    ([0x1C, 0x76, 0xF2], "Samsung"),
    ([0x1C, 0x77, 0x54], "Apple"),
    ([0x1C, 0x7F, 0x2C], "Huawei"),
    ([0x1C, 0x86, 0x82], "Apple"),
    ([0x1C, 0x86, 0x9A], "Samsung"),
    ([0x1C, 0x87, 0x2C], "ASUS"),
    ([0x1C, 0x8E, 0x2A], "Apple"),
    ([0x1C, 0x8E, 0x5C], "Huawei"),
    ([0x1C, 0x8F, 0x57], "Espressif"),
    ([0x1C, 0x91, 0x48], "Apple"),
    ([0x1C, 0x91, 0x80], "Apple"),
    ([0x1C, 0x98, 0x4B], "Extreme Networks"),
    ([0x1C, 0x98, 0xEC], "HP"),
    ([0x1C, 0x99, 0x4C], "Murata"),
    ([0x1C, 0x99, 0x57], "Intel"),
    ([0x1C, 0x99, 0xDB], "Huawei"),
    ([0x1C, 0x9C, 0x8C], "Juniper Networks"),
    ([0x1C, 0x9D, 0xC2], "Espressif"),
    ([0x1C, 0x9E, 0x46], "Apple"),
    ([0x1C, 0xA6, 0x81], "Huawei"),
    ([0x1C, 0xAA, 0x07], "Cisco"),
    ([0x1C, 0xAB, 0xA7], "Apple"),
    ([0x1C, 0xAE, 0xCB], "Huawei"),
    ([0x1C, 0xAF, 0x05], "Samsung"),
    ([0x1C, 0xAF, 0x4A], "Samsung"),
    ([0x1C, 0xB3, 0xC9], "Apple"),
    ([0x1C, 0xB4, 0x6C], "Huawei"),
    ([0x1C, 0xB7, 0x2C], "ASUS"),
    ([0x1C, 0xB7, 0x96], "Huawei"),
    ([0x1C, 0xBA, 0x8C], "Texas Instruments"),
    ([0x1C, 0xC1, 0x0C], "Intel"),
    ([0x1C, 0xC1, 0xDE], "HP"),
    ([0x1C, 0xC3, 0xAB], "Espressif"),
    ([0x1C, 0xCF, 0x82], "Palo Alto Networks"),
    ([0x1C, 0xD1, 0x1A], "Fortinet"),
    ([0x1C, 0xD1, 0xE0], "Cisco"),
    ([0x1C, 0xD2, 0x1E], "Juniper Networks"),
    ([0x1C, 0xDB, 0xD4], "Espressif"),
    ([0x1C, 0xDE, 0xA7], "Cisco"),
    ([0x1C, 0xDF, 0x0F], "Cisco"),
    ([0x1C, 0xDF, 0x52], "Texas Instruments"),
    ([0x1C, 0xE2, 0x09], "Apple"),
    ([0x1C, 0xE2, 0xCC], "Texas Instruments"),
    ([0x1C, 0xE5, 0x04], "Huawei"),
    ([0x1C, 0xE5, 0x7F], "Samsung"),
    ([0x1C, 0xE6, 0x1D], "Samsung"),
    ([0x1C, 0xE6, 0x2B], "Apple"),
    ([0x1C, 0xE6, 0x39], "Huawei"),
    ([0x1C, 0xE6, 0xAD], "Huawei"),
    ([0x1C, 0xE6, 0xC7], "Cisco"),
    ([0x1C, 0xE8, 0x5D], "Cisco"),
    ([0x1C, 0xF4, 0x2B], "Huawei"),
    ([0x1C, 0xF6, 0x4C], "Apple"),
    ([0x1C, 0xF8, 0xD0], "Samsung"),
    ([0x1C, 0xF9, 0xD5], "Apple"),
    ([0x1C, 0xFA, 0x68], "TP-LINK"),
    ([0x1C, 0xFC, 0x17], "Cisco"),
    ([0x1C, 0xFC, 0x2A], "Huawei"),
    ([0x1C, 0xFF, 0xAD], "Huawei"),
    ([0x20, 0x02, 0xAF], "Murata"),
    ([0x20, 0x04, 0x0F], "Dell"),
    ([0x20, 0x04, 0x84], "Apple"),
    ([0x20, 0x08, 0xED], "Huawei"),
    ([0x20, 0x0B, 0x16], "Texas Instruments"),
    ([0x20, 0x0B, 0xC5], "Cisco"),
    ([0x20, 0x0B, 0xC7], "Huawei"),
    ([0x20, 0x0C, 0xC8], "NETGEAR"),
    ([0x20, 0x0E, 0x2B], "Apple"),
    ([0x20, 0x13, 0xE0], "Samsung"),
    ([0x20, 0x14, 0xC4], "Huawei"),
    ([0x20, 0x15, 0x82], "Apple"),
    ([0x20, 0x15, 0xDE], "Samsung"),
    ([0x20, 0x16, 0x42], "Microsoft"),
    ([0x20, 0x16, 0xB9], "Intel"),
    ([0x20, 0x1A, 0x94], "Apple"),
    ([0x20, 0x1B, 0xC9], "Juniper Networks"),
    ([0x20, 0x1E, 0x1D], "Huawei"),
    ([0x20, 0x1E, 0x88], "Intel"),
    ([0x20, 0x23, 0x51], "TP-LINK"),
    ([0x20, 0x28, 0x3E], "Huawei"),
    ([0x20, 0x2B, 0xC1], "Huawei"),
    ([0x20, 0x2D, 0x07], "Samsung"),
    ([0x20, 0x2D, 0xF6], "Apple"),
    ([0x20, 0x32, 0x6C], "Samsung"),
    ([0x20, 0x32, 0xC6], "Apple"),
    ([0x20, 0x36, 0x26], "TP-LINK"),
    ([0x20, 0x36, 0xD0], "Lenovo"),
    ([0x20, 0x37, 0x06], "Cisco"),
    ([0x20, 0x37, 0xA5], "Apple"),
    ([0x20, 0x3A, 0x07], "Cisco"),
    ([0x20, 0x3A, 0x43], "Intel"),
    ([0x20, 0x3B, 0x67], "Samsung"),
    ([0x20, 0x3C, 0xAE], "Apple"),
    ([0x20, 0x3D, 0xB2], "Huawei"),
    ([0x20, 0x43, 0xA8], "Espressif"),
    ([0x20, 0x44, 0x3A], "Schneider Electric"),
    ([0x20, 0x46, 0x3A], "Apple"),
    ([0x20, 0x47, 0x47], "Dell"),
    ([0x20, 0x4C, 0x03], "HP"),
    ([0x20, 0x4C, 0x9E], "Cisco"),
    ([0x20, 0x4E, 0x71], "Juniper Networks"),
    ([0x20, 0x4E, 0x7F], "NETGEAR"),
    ([0x20, 0x50, 0x0D], "Espressif"),
    ([0x20, 0x53, 0x83], "Huawei"),
    ([0x20, 0x54, 0xFA], "Huawei"),
    ([0x20, 0x55, 0x31], "Samsung"),
    ([0x20, 0x5E, 0x64], "Huawei"),
    ([0x20, 0x5E, 0xF7], "Samsung"),
    ([0x20, 0x62, 0x74], "Microsoft"),
    ([0x20, 0x65, 0x8E], "Huawei"),
    ([0x20, 0x67, 0x7C], "HP"),
    ([0x20, 0x69, 0x80], "Apple"),
    ([0x20, 0x6B, 0xE7], "TP-LINK"),
    ([0x20, 0x6B, 0xF4], "Huawei"),
    ([0x20, 0x6C, 0x8A], "Extreme Networks"),
    ([0x20, 0x6E, 0x9C], "Samsung"),
    ([0x20, 0x6E, 0xF1], "Espressif"),
    ([0x20, 0x76, 0x8F], "Apple"),
    ([0x20, 0x76, 0x93], "Lenovo"),
    ([0x20, 0x78, 0xCD], "Apple"),
    ([0x20, 0x78, 0xF0], "Apple"),
    ([0x20, 0x79, 0x18], "Intel"),
    ([0x20, 0x7D, 0x74], "Apple"),
    ([0x20, 0x87, 0x56], "Siemens"),
    ([0x20, 0x87, 0xEC], "Huawei"),
    ([0x20, 0x88, 0x10], "Dell"),
    ([0x20, 0x8C, 0x86], "Huawei"),
    ([0x20, 0x91, 0x48], "Texas Instruments"),
    ([0x20, 0x91, 0xDF], "Apple"),
    ([0x20, 0x93, 0x39], "Juniper Networks"),
    ([0x20, 0x9B, 0xA9], "Espressif"),
    ([0x20, 0x9B, 0xCD], "Apple"),
    ([0x20, 0x9B, 0xDD], "Huawei"),
    ([0x20, 0x9C, 0xB4], "HP"),
    ([0x20, 0x9E, 0xF7], "Extreme Networks"),
    ([0x20, 0xA2, 0x00], "Huawei"),
    ([0x20, 0xA2, 0xE4], "Apple"),
    ([0x20, 0xA5, 0xCB], "Apple"),
    ([0x20, 0xA6, 0x80], "Huawei"),
    ([0x20, 0xA6, 0xCD], "HP"),
    ([0x20, 0xA7, 0x66], "Huawei"),
    ([0x20, 0xA8, 0xB9], "Siemens"),
    ([0x20, 0xA8, 0xBF], "Huawei"),
    ([0x20, 0xA9, 0x9B], "Microsoft"),
    ([0x20, 0xAA, 0x4B], "Cisco"),
    ([0x20, 0xAB, 0x37], "Apple"),
    ([0x20, 0xAB, 0x48], "Huawei"),
    ([0x20, 0xAE, 0xB6], "Huawei"),
    ([0x20, 0xB8, 0x68], "Lenovo"),
    ([0x20, 0xBB, 0xC0], "Cisco"),
    ([0x20, 0xBD, 0x1D], "Intel"),
    ([0x20, 0xC1, 0x9B], "Intel"),
    ([0x20, 0xC2, 0xB0], "Huawei"),
    ([0x20, 0xC3, 0x8F], "Texas Instruments"),
    ([0x20, 0xC9, 0xD0], "Apple"),
    ([0x20, 0xCC, 0x27], "Cisco"),
    ([0x20, 0xCD, 0x39], "Texas Instruments"),
    ([0x20, 0xCF, 0x30], "ASUS"),
    ([0x20, 0xCF, 0xAE], "Cisco"),
    ([0x20, 0xD3, 0x90], "Samsung"),
    ([0x20, 0xD5, 0xBF], "Samsung"),
    ([0x20, 0xD7, 0x78], "Texas Instruments"),
    ([0x20, 0xD8, 0x0B], "Juniper Networks"),
    ([0x20, 0xDA, 0x22], "Huawei"),
    ([0x20, 0xDB, 0xAB], "Samsung"),
    ([0x20, 0xDB, 0xEA], "Cisco"),
    ([0x20, 0xDC, 0xE6], "TP-LINK"),
    ([0x20, 0xDC, 0xFD], "Huawei"),
    ([0x20, 0xDF, 0x73], "Huawei"),
    ([0x20, 0xE1, 0x5D], "TP-LINK"),
    ([0x20, 0xE2, 0xA8], "Apple"),
    ([0x20, 0xE5, 0x25], "Huawei"),
    ([0x20, 0xE5, 0x2A], "NETGEAR"),
    ([0x20, 0xE7, 0x91], "Siemens"),
    ([0x20, 0xE7, 0xC8], "Espressif"),
    ([0x20, 0xE8, 0x74], "Apple"),
    ([0x20, 0xED, 0x47], "Juniper Networks"),
    ([0x20, 0xEE, 0x28], "Apple"),
    ([0x20, 0xF1, 0x20], "Cisco"),
    ([0x20, 0xF1, 0x7C], "Huawei"),
    ([0x20, 0xF3, 0xA3], "Huawei"),
    ([0x20, 0xF4, 0xD4], "Apple"),
    ([0x20, 0xFA, 0x85], "Apple"),
    ([0x24, 0x00, 0xBA], "Huawei"),
    ([0x24, 0x01, 0x6F], "Huawei"),
    ([0x24, 0x01, 0xC7], "Cisco"),
    ([0x24, 0x04, 0x62], "Siemens"),
    ([0x24, 0x09, 0x35], "Samsung"),
    ([0x24, 0x09, 0x95], "Huawei"),
    ([0x24, 0x0A, 0x3F], "Samsung"),
    ([0x24, 0x0A, 0xC4], "Espressif"),
    ([0x24, 0x0B, 0x0A], "Palo Alto Networks"),
    ([0x24, 0x11, 0x53], "Samsung"),
    ([0x24, 0x15, 0x51], "Huawei"),
    ([0x24, 0x16, 0x1B], "Cisco"),
    ([0x24, 0x16, 0x6D], "Huawei"),
    ([0x24, 0x16, 0x9D], "Cisco"),
    ([0x24, 0x1A, 0xE6], "Huawei"),
    ([0x24, 0x1B, 0x7A], "Apple"),
    ([0x24, 0x1E, 0xEB], "Apple"),
    ([0x24, 0x1F, 0xA0], "Huawei"),
    ([0x24, 0x1F, 0xBD], "Extreme Networks"),
    ([0x24, 0x24, 0x0E], "Apple"),
    ([0x24, 0x24, 0xB7], "Samsung"),
    ([0x24, 0x26, 0xD6], "Huawei"),
    ([0x24, 0x27, 0xE5], "Huawei"),
    ([0x24, 0x29, 0xB0], "Huawei"),
    ([0x24, 0x2A, 0x04], "Cisco"),
    ([0x24, 0x2A, 0xEA], "Apple"),
    ([0x24, 0x2E, 0x02], "Huawei"),
    ([0x24, 0x2F, 0xD0], "TP-LINK"),
    ([0x24, 0x30, 0xF8], "Huawei"),
    ([0x24, 0x31, 0x54], "Huawei"),
    ([0x24, 0x36, 0xDA], "Cisco"),
    ([0x24, 0x37, 0x4C], "Cisco"),
    ([0x24, 0x3F, 0xAA], "Huawei"),
    ([0x24, 0x41, 0x8C], "Intel"),
    ([0x24, 0x44, 0x27], "Huawei"),
    ([0x24, 0x45, 0x6B], "Huawei"),
    ([0x24, 0x46, 0xC8], "Lenovo"),
    ([0x24, 0x46, 0xE4], "Huawei"),
    ([0x24, 0x48, 0x85], "Huawei"),
    ([0x24, 0x4B, 0x03], "Samsung"),
    ([0x24, 0x4B, 0x81], "Samsung"),
    ([0x24, 0x4B, 0xF1], "Huawei"),
    ([0x24, 0x4B, 0xFE], "ASUS"),
    ([0x24, 0x4C, 0x07], "Huawei"),
    ([0x24, 0x4C, 0xAB], "Espressif"),
    ([0x24, 0x53, 0xED], "Dell"),
    ([0x24, 0x55, 0x9A], "Apple"),
    ([0x24, 0x58, 0x7C], "Espressif"),
    ([0x24, 0x5A, 0x4C], "Ubiquiti"),
    ([0x24, 0x5A, 0x5F], "TP-LINK"),
    ([0x24, 0x5A, 0xB5], "Samsung"),
    ([0x24, 0x5B, 0xA7], "Apple"),
    ([0x24, 0x5C, 0xC5], "Huawei"),
    ([0x24, 0x5D, 0x92], "Juniper Networks"),
    ([0x24, 0x5E, 0x48], "Apple"),
    ([0x24, 0x5F, 0x9F], "Huawei"),
    ([0x24, 0x60, 0x78], "Huawei"),
    ([0x24, 0x60, 0xB3], "Samsung"),
    ([0x24, 0x62, 0xAB], "Espressif"),
    ([0x24, 0x62, 0xC6], "Huawei"),
    ([0x24, 0x62, 0xCE], "HP"),
    ([0x24, 0x64, 0x9F], "Huawei"),
    ([0x24, 0x68, 0x00], "Samsung"),
    ([0x24, 0x68, 0xB0], "Samsung"),
    ([0x24, 0x69, 0x68], "TP-LINK"),
    ([0x24, 0x69, 0xA5], "Huawei"),
    ([0x24, 0x6A, 0x0E], "HP"),
    ([0x24, 0x6C, 0x60], "Huawei"),
    ([0x24, 0x6C, 0x84], "Cisco"),
    ([0x24, 0x6D, 0x10], "Apple"),
    ([0x24, 0x6E, 0x96], "Dell"),
    ([0x24, 0x6F, 0x28], "Espressif"),
    ([0x24, 0x6F, 0x8C], "Huawei"),
    ([0x24, 0x71, 0x21], "Cisco"),
    ([0x24, 0x71, 0x52], "Dell"),
    ([0x24, 0x71, 0x89], "Texas Instruments"),
    ([0x24, 0x76, 0x25], "Texas Instruments"),
    ([0x24, 0x76, 0x45], "Huawei"),
    ([0x24, 0x76, 0x7D], "Cisco"),
    ([0x24, 0x77, 0x03], "Intel"),
    ([0x24, 0x7D, 0x4D], "Texas Instruments"),
    ([0x24, 0x7E, 0x12], "Cisco"),
    ([0x24, 0x7F, 0x3C], "Huawei"),
    ([0x24, 0x81, 0x3B], "Cisco"),
    ([0x24, 0x81, 0x85], "Extreme Networks"),
    ([0x24, 0x81, 0xC7], "Huawei"),
    ([0x24, 0x91, 0xBB], "Huawei"),
    ([0x24, 0x92, 0x0E], "Samsung"),
    ([0x24, 0x97, 0x45], "Huawei"),
    ([0x24, 0x9E, 0xAB], "Huawei"),
    ([0x24, 0x9F, 0x89], "Texas Instruments"),
    ([0x24, 0xA0, 0x74], "Apple"),
    ([0x24, 0xA1, 0x60], "Espressif"),
    ([0x24, 0xA2, 0xE1], "Apple"),
    ([0x24, 0xA4, 0x3C], "Ubiquiti"),
    ([0x24, 0xA4, 0x52], "Samsung"),
    ([0x24, 0xA4, 0x87], "Huawei"),
    ([0x24, 0xA5, 0x2C], "Huawei"),
    ([0x24, 0xA7, 0x99], "Huawei"),
    ([0x24, 0xAB, 0x81], "Apple"),
    ([0x24, 0xB2, 0xDE], "Espressif"),
    ([0x24, 0xB3, 0x39], "Apple"),
    ([0x24, 0xB5, 0xB9], "Lenovo"),
    ([0x24, 0xB6, 0x57], "Cisco"),
    ([0x24, 0xB6, 0xFD], "Dell"),
    ([0x24, 0xBC, 0xF8], "Huawei"),
    ([0x24, 0xBE, 0x05], "HP"),
    ([0x24, 0xC6, 0x13], "Samsung"),
    ([0x24, 0xC6, 0x96], "Samsung"),
    ([0x24, 0xCD, 0x8D], "Murata"),
    ([0x24, 0xD0, 0xDF], "Apple"),
    ([0x24, 0xD5, 0x3B], "Lenovo"),
    ([0x24, 0xD5, 0xE4], "Cisco"),
    ([0x24, 0xD7, 0x9C], "Cisco"),
    ([0x24, 0xD7, 0xEB], "Espressif"),
    ([0x24, 0xDA, 0x33], "Huawei"),
    ([0x24, 0xDA, 0x9B], "Lenovo"),
    ([0x24, 0xDB, 0x94], "Juniper Networks"),
    ([0x24, 0xDB, 0xAC], "Huawei"),
    ([0x24, 0xDB, 0xED], "Samsung"),
    ([0x24, 0xDC, 0xC3], "Espressif"),
    ([0x24, 0xDE, 0xC6], "HP"),
    ([0x24, 0xDE, 0xEB], "Huawei"),
    ([0x24, 0xDF, 0x6A], "Huawei"),
    ([0x24, 0xE2, 0x9D], "Huawei"),
    ([0x24, 0xE3, 0x14], "Apple"),
    ([0x24, 0xE9, 0xB3], "Cisco"),
    ([0x24, 0xE9, 0xCA], "Huawei"),
    ([0x24, 0xEB, 0x16], "Intel"),
    ([0x24, 0xEB, 0xED], "Huawei"),
    ([0x24, 0xEC, 0x4A], "Espressif"),
    ([0x24, 0xED, 0xFD], "Siemens"),
    ([0x24, 0xEE, 0x9A], "Intel"),
    ([0x24, 0xF0, 0x94], "Apple"),
    ([0x24, 0xF0, 0xD3], "Samsung"),
    ([0x24, 0xF2, 0x7F], "HP"),
    ([0x24, 0xF4, 0x0A], "Samsung"),
    ([0x24, 0xF5, 0xAA], "Samsung"),
    ([0x24, 0xF6, 0x03], "Huawei"),
    ([0x24, 0xF6, 0x77], "Apple"),
    ([0x24, 0xFB, 0x65], "Huawei"),
    ([0x24, 0xFB, 0xE3], "HP"),
    ([0x24, 0xFC, 0x4E], "Juniper Networks"),
    ([0x24, 0xFC, 0xE5], "Samsung"),
    ([0x28, 0x00, 0xAF], "Dell"),
    ([0x28, 0x02, 0x2E], "Apple"),
    ([0x28, 0x02, 0x44], "Apple"),
    ([0x28, 0x02, 0xD8], "Samsung"),
    ([0x28, 0x05, 0xA5], "Espressif"),
    ([0x28, 0x07, 0x08], "Samsung"),
    ([0x28, 0x0B, 0x5C], "Apple"),
    ([0x28, 0x0C, 0x50], "Intel"),
    ([0x28, 0x11, 0xA8], "Intel"),
    ([0x28, 0x11, 0xEC], "Huawei"),
    ([0x28, 0x12, 0xD0], "Lenovo"),
    ([0x28, 0x16, 0xA8], "Microsoft"),
    ([0x28, 0x16, 0xAD], "Intel"),
    ([0x28, 0x17, 0x09], "Huawei"),
    ([0x28, 0x18, 0x78], "Microsoft"),
    ([0x28, 0x1D, 0xFB], "Huawei"),
    ([0x28, 0x22, 0x1E], "Huawei"),
    ([0x28, 0x27, 0xBF], "Samsung"),
    ([0x28, 0x29, 0x86], "Schneider Electric"),
    ([0x28, 0x2B, 0x96], "Huawei"),
    ([0x28, 0x2C, 0xB2], "TP-LINK"),
    ([0x28, 0x2C, 0xC4], "Huawei"),
    ([0x28, 0x2D, 0x7F], "Apple"),
    ([0x28, 0x31, 0x52], "Huawei"),
    ([0x28, 0x31, 0xF8], "Huawei"),
    ([0x28, 0x33, 0x34], "Huawei"),
    ([0x28, 0x34, 0xA2], "Cisco"),
    ([0x28, 0x34, 0xFF], "Apple"),
    ([0x28, 0x35, 0x3A], "Huawei"),
    ([0x28, 0x36, 0xF0], "Huawei"),
    ([0x28, 0x37, 0x2F], "Espressif"),
    ([0x28, 0x37, 0x37], "Apple"),
    ([0x28, 0x39, 0x5E], "Samsung"),
    ([0x28, 0x3C, 0x90], "Texas Instruments"),
    ([0x28, 0x3C, 0xE4], "Huawei"),
    ([0x28, 0x3D, 0xC2], "Samsung"),
    ([0x28, 0x41, 0xC6], "Huawei"),
    ([0x28, 0x41, 0xEC], "Huawei"),
    ([0x28, 0x45, 0xAC], "Huawei"),
    ([0x28, 0x48, 0xE7], "Huawei"),
    ([0x28, 0x49, 0xE9], "Apple"),
    ([0x28, 0x4B, 0x54], "Apple"),
    ([0x28, 0x4E, 0x44], "Huawei"),
    ([0x28, 0x52, 0x61], "Cisco"),
    ([0x28, 0x53, 0x4E], "Huawei"),
    ([0x28, 0x54, 0x71], "Huawei"),
    ([0x28, 0x56, 0x2F], "Espressif"),
    ([0x28, 0x57, 0x5D], "Apple"),
    ([0x28, 0x5A, 0xEB], "Apple"),
    ([0x28, 0x5F, 0xDB], "Huawei"),
    ([0x28, 0x63, 0x36], "Siemens"),
    ([0x28, 0x64, 0xB0], "Huawei"),
    ([0x28, 0x68, 0xD2], "Huawei"),
    ([0x28, 0x6A, 0xB8], "Apple"),
    ([0x28, 0x6A, 0xBA], "Apple"),
    ([0x28, 0x6B, 0x35], "Intel"),
    ([0x28, 0x6B, 0x5C], "Cisco"),
    ([0x28, 0x6E, 0xD4], "Huawei"),
    ([0x28, 0x6F, 0x7F], "Cisco"),
    ([0x28, 0x70, 0x4E], "Ubiquiti"),
    ([0x28, 0x72, 0xC6], "Samsung"),
    ([0x28, 0x77, 0xF1], "Apple"),
    ([0x28, 0x7A, 0xB4], "Huawei"),
    ([0x28, 0x7F, 0xCF], "Intel"),
    ([0x28, 0x80, 0x23], "HP"),
    ([0x28, 0x80, 0x88], "NETGEAR"),
    ([0x28, 0x80, 0x8A], "Huawei"),
    ([0x28, 0x83, 0x35], "Samsung"),
    ([0x28, 0x83, 0xC9], "Apple"),
    ([0x28, 0x84, 0x85], "Espressif"),
    ([0x28, 0x87, 0xAF], "Advantech"),
    ([0x28, 0x87, 0xBA], "TP-LINK"),
    ([0x28, 0x8A, 0x1C], "Juniper Networks"),
    ([0x28, 0x8E, 0xEC], "Apple"),
    ([0x28, 0x8F, 0xF6], "Apple"),
    ([0x28, 0x91, 0x04], "TP-LINK"),
    ([0x28, 0x92, 0x00], "Intel"),
    ([0x28, 0x92, 0x4A], "HP"),
    ([0x28, 0x93, 0xFE], "Cisco"),
    ([0x28, 0x94, 0x01], "NETGEAR"),
    ([0x28, 0x94, 0x0F], "Cisco"),
    ([0x28, 0x95, 0x29], "Intel"),
    ([0x28, 0x96, 0xB0], "Huawei"),
    ([0x28, 0x98, 0x7B], "Samsung"),
    ([0x28, 0x9E, 0x1E], "Texas Instruments"),
    ([0x28, 0x9E, 0x97], "Huawei"),
    ([0x28, 0x9E, 0xDF], "Danfoss"),
    ([0x28, 0x9F, 0x04], "Samsung"),
    ([0x28, 0xA0, 0x2B], "Apple"),
    ([0x28, 0xA0, 0x6B], "Intel"),
    ([0x28, 0xA2, 0x4B], "Juniper Networks"),
    ([0x28, 0xA4, 0x4A], "Intel"),
    ([0x28, 0xA6, 0xDB], "Huawei"),
    ([0x28, 0xAC, 0x9E], "Cisco"),
    ([0x28, 0xAF, 0x42], "Samsung"),
    ([0x28, 0xAF, 0xFD], "Cisco"),
    ([0x28, 0xB2, 0xBD], "Intel"),
    ([0x28, 0xB4, 0x48], "Huawei"),
    ([0x28, 0xB5, 0x91], "Cisco"),
    ([0x28, 0xB5, 0xE8], "Texas Instruments"),
    ([0x28, 0xB8, 0x29], "Juniper Networks"),
    ([0x28, 0xBA, 0xB5], "Samsung"),
    ([0x28, 0xC0, 0xDA], "Juniper Networks"),
    ([0x28, 0xC1, 0xA0], "Apple"),
    ([0x28, 0xC5, 0x38], "Apple"),
    ([0x28, 0xC5, 0xC8], "HP"),
    ([0x28, 0xC5, 0xD2], "Intel"),
    ([0x28, 0xC6, 0x3F], "Intel"),
    ([0x28, 0xC6, 0x8E], "NETGEAR"),
    ([0x28, 0xC7, 0x09], "Apple"),
    ([0x28, 0xC7, 0xCE], "Cisco"),
    ([0x28, 0xCC, 0x01], "Samsung"),
    ([0x28, 0xCD, 0xC1], "Raspberry Pi"),
    ([0x28, 0xCF, 0xDA], "Apple"),
    ([0x28, 0xCF, 0xE9], "Apple"),
    ([0x28, 0xD0, 0xEA], "Intel"),
    ([0x28, 0xD3, 0xEA], "Huawei"),
    ([0x28, 0xD5, 0xB1], "Apple"),
    ([0x28, 0xD6, 0xEC], "Huawei"),
    ([0x28, 0xDC, 0xC3], "Huawei"),
    ([0x28, 0xDE, 0x1C], "Samsung"),
    ([0x28, 0xDE, 0x65], "HP"),
    ([0x28, 0xDE, 0xE5], "Huawei"),
    ([0x28, 0xDF, 0xEB], "Intel"),
    ([0x28, 0xE0, 0x2C], "Apple"),
    ([0x28, 0xE1, 0x4C], "Apple"),
    ([0x28, 0xE3, 0x4E], "Huawei"),
    ([0x28, 0xE5, 0xB0], "Huawei"),
    ([0x28, 0xE6, 0xA9], "Samsung"),
    ([0x28, 0xE7, 0xCF], "Apple"),
    ([0x28, 0xE9, 0x8E], "Mitsubishi Electric"),
    ([0x28, 0xEA, 0x0B], "Microsoft"),
    ([0x28, 0xEA, 0x2D], "Apple"),
    ([0x28, 0xEC, 0x95], "Apple"),
    ([0x28, 0xEC, 0x9A], "Texas Instruments"),
    ([0x28, 0xED, 0x6A], "Apple"),
    ([0x28, 0xEE, 0x52], "TP-LINK"),
    ([0x28, 0xF0, 0x33], "Apple"),
    ([0x28, 0xF0, 0x76], "Apple"),
    ([0x28, 0xF1, 0x0E], "Dell"),
    ([0x28, 0xFB, 0xAE], "Huawei"),
    ([0x28, 0xFF, 0x3C], "Apple"),
    ([0x2C, 0x01, 0xB5], "Cisco"),
    ([0x2C, 0x07, 0x86], "Huawei"),
    ([0x2C, 0x08, 0xB4], "Huawei"),
    ([0x2C, 0x0B, 0xAB], "Huawei"),
    ([0x2C, 0x0B, 0xE9], "Cisco"),
    ([0x2C, 0x0D, 0x27], "Huawei"),
    ([0x2C, 0x0D, 0xA7], "Intel"),
    ([0x2C, 0x15, 0xBF], "Samsung"),
    ([0x2C, 0x15, 0xD9], "Huawei"),
    ([0x2C, 0x18, 0x09], "Apple"),
    ([0x2C, 0x1A, 0x01], "Huawei"),
    ([0x2C, 0x1A, 0x05], "Cisco"),
    ([0x2C, 0x1C, 0xF7], "Apple"),
    ([0x2C, 0x1F, 0x23], "Apple"),
    ([0x2C, 0x20, 0x0B], "Apple"),
    ([0x2C, 0x20, 0x80], "Huawei"),
    ([0x2C, 0x21, 0x31], "Juniper Networks"),
    ([0x2C, 0x21, 0x72], "Juniper Networks"),
    ([0x2C, 0x23, 0x3A], "HP"),
    ([0x2C, 0x27, 0x68], "Huawei"),
    ([0x2C, 0x27, 0xD7], "HP"),
    ([0x2C, 0x29, 0x97], "Microsoft"),
    ([0x2C, 0x30, 0x33], "NETGEAR"),
    ([0x2C, 0x31, 0x24], "Cisco"),
    ([0x2C, 0x32, 0x6A], "Apple"),
    ([0x2C, 0x33, 0x11], "Cisco"),
    ([0x2C, 0x33, 0x58], "Intel"),
    ([0x2C, 0x33, 0x61], "Apple"),
    ([0x2C, 0x36, 0xF2], "Huawei"),
    ([0x2C, 0x36, 0xF8], "Cisco"),
    ([0x2C, 0x3A, 0x91], "Huawei"),
    ([0x2C, 0x3A, 0xB1], "Huawei"),
    ([0x2C, 0x3A, 0xE8], "Espressif"),
    ([0x2C, 0x3E, 0xCF], "Cisco"),
    ([0x2C, 0x3F, 0x0B], "Cisco"),
    ([0x2C, 0x3F, 0x38], "Cisco"),
    ([0x2C, 0x40, 0x53], "Samsung"),
    ([0x2C, 0x41, 0x38], "HP"),
    ([0x2C, 0x44, 0x01], "Samsung"),
    ([0x2C, 0x44, 0xFD], "HP"),
    ([0x2C, 0x4C, 0x15], "Juniper Networks"),
    ([0x2C, 0x4C, 0xC6], "Murata"),
    ([0x2C, 0x4D, 0x54], "ASUS"),
    ([0x2C, 0x4F, 0x52], "Cisco"),
    ([0x2C, 0x52, 0xAF], "Huawei"),
    ([0x2C, 0x54, 0x2D], "Cisco"),
    ([0x2C, 0x54, 0x91], "Microsoft"),
    ([0x2C, 0x55, 0xD3], "Huawei"),
    ([0x2C, 0x56, 0xDC], "ASUS"),
    ([0x2C, 0x57, 0x41], "Cisco"),
    ([0x2C, 0x57, 0xCE], "Apple"),
    ([0x2C, 0x58, 0xB9], "HP"),
    ([0x2C, 0x58, 0xE8], "Huawei"),
    ([0x2C, 0x59, 0xE5], "HP"),
    ([0x2C, 0x5A, 0x0F], "Cisco"),
    ([0x2C, 0x61, 0xF6], "Apple"),
    ([0x2C, 0x63, 0xA1], "Huawei"),
    ([0x2C, 0x65, 0x8D], "Cisco"),
    ([0x2C, 0x69, 0x3E], "Huawei"),
    ([0x2C, 0x6B, 0x7D], "Texas Instruments"),
    ([0x2C, 0x6B, 0xF5], "Juniper Networks"),
    ([0x2C, 0x6D, 0xC1], "Intel"),
    ([0x2C, 0x6E, 0x85], "Intel"),
    ([0x2C, 0x73, 0xA0], "Cisco"),
    ([0x2C, 0x76, 0x00], "Apple"),
    ([0x2C, 0x76, 0x8A], "HP"),
    ([0x2C, 0x78, 0x0E], "Huawei"),
    ([0x2C, 0x79, 0xBE], "TP-LINK"),
    ([0x2C, 0x7B, 0xA0], "Intel"),
    ([0x2C, 0x7C, 0xF2], "Apple"),
    ([0x2C, 0x80, 0x65], "HARTING"),
    ([0x2C, 0x81, 0xBF], "Apple"),
    ([0x2C, 0x82, 0x17], "Apple"),
    ([0x2C, 0x86, 0xD2], "Cisco"),
    ([0x2C, 0x8D, 0xB1], "Intel"),
    ([0x2C, 0x94, 0x52], "Huawei"),
    ([0x2C, 0x95, 0x20], "Apple"),
    ([0x2C, 0x97, 0xB1], "Huawei"),
    ([0x2C, 0x99, 0x75], "Samsung"),
    ([0x2C, 0x9D, 0x1E], "Huawei"),
    ([0x2C, 0xA0, 0x42], "Huawei"),
    ([0x2C, 0xA7, 0x74], "Texas Instruments"),
    ([0x2C, 0xA7, 0x97], "Huawei"),
    ([0x2C, 0xA7, 0x9E], "Huawei"),
    ([0x2C, 0xAB, 0x00], "Huawei"),
    ([0x2C, 0xAB, 0x33], "Texas Instruments"),
    ([0x2C, 0xAB, 0xA4], "Cisco"),
    ([0x2C, 0xAB, 0xEB], "Cisco"),
    ([0x2C, 0xAE, 0x2B], "Samsung"),
    ([0x2C, 0xB0, 0x5D], "NETGEAR"),
    ([0x2C, 0xB4, 0x3A], "Apple"),
    ([0x2C, 0xB6, 0x8F], "Huawei"),
    ([0x2C, 0xB7, 0xA1], "Huawei"),
    ([0x2C, 0xBA, 0xBA], "Samsung"),
    ([0x2C, 0xBC, 0x87], "Apple"),
    ([0x2C, 0xBC, 0xBB], "Espressif"),
    ([0x2C, 0xBE, 0x08], "Apple"),
    ([0x2C, 0xC2, 0x53], "Apple"),
    ([0x2C, 0xC5, 0x46], "Huawei"),
    ([0x2C, 0xC8, 0xF5], "Huawei"),
    ([0x2C, 0xCA, 0x16], "Apple"),
    ([0x2C, 0xCF, 0x58], "Huawei"),
    ([0x2C, 0xCF, 0x67], "Raspberry Pi"),
    ([0x2C, 0xD0, 0x2D], "Cisco"),
    ([0x2C, 0xD1, 0xC6], "Murata"),
    ([0x2C, 0xD3, 0xAD], "Texas Instruments"),
    ([0x2C, 0xDA, 0x46], "Samsung"),
    ([0x2C, 0xDB, 0x07], "Intel"),
    ([0x2C, 0xDF, 0x68], "Apple"),
    ([0x2C, 0xE2, 0xD9], "Huawei"),
    ([0x2C, 0xE3, 0x8E], "Cisco"),
    ([0x2C, 0xEA, 0x7F], "Dell"),
    ([0x2C, 0xEA, 0xFC], "Intel"),
    ([0x2C, 0xEC, 0xA6], "Huawei"),
    ([0x2C, 0xED, 0x89], "Huawei"),
    ([0x2C, 0xED, 0xB0], "Huawei"),
    ([0x2C, 0xF0, 0xA2], "Apple"),
    ([0x2C, 0xF0, 0xEE], "Apple"),
    ([0x2C, 0xF2, 0x95], "Huawei"),
    ([0x2C, 0xF4, 0x32], "Espressif"),
    ([0x2C, 0xF8, 0x14], "Cisco"),
    ([0x2C, 0xF8, 0x9B], "Cisco"),
    ([0x2C, 0xFD, 0xA1], "ASUS"),
    ([0x30, 0x01, 0xAF], "Cisco"),
    ([0x30, 0x05, 0x05], "Intel"),
    ([0x30, 0x09, 0xC0], "Lenovo"),
    ([0x30, 0x0D, 0x43], "Microsoft"),
    ([0x30, 0x0E, 0x43], "Apple"),
    ([0x30, 0x10, 0xE4], "Apple"),
    ([0x30, 0x13, 0x89], "Siemens"),
    ([0x30, 0x13, 0x8B], "HP"),
    ([0x30, 0x19, 0x66], "Samsung"),
    ([0x30, 0x19, 0x84], "Huawei"),
    ([0x30, 0x1C, 0x22], "HP"),
    ([0x30, 0x24, 0x32], "Intel"),
    ([0x30, 0x24, 0xA9], "HP"),
    ([0x30, 0x29, 0x4B], "Huawei"),
    ([0x30, 0x2F, 0x1E], "Siemens"),
    ([0x30, 0x30, 0xD0], "Texas Instruments"),
    ([0x30, 0x30, 0xF9], "Espressif"),
    ([0x30, 0x35, 0xAD], "Apple"),
    ([0x30, 0x35, 0xC5], "Huawei"),
    ([0x30, 0x37, 0xA6], "Cisco"),
    ([0x30, 0x37, 0xB3], "Huawei"),
    ([0x30, 0x3A, 0x64], "Intel"),
    ([0x30, 0x3B, 0x49], "Cisco"),
    ([0x30, 0x3B, 0x7C], "Apple"),
    ([0x30, 0x3E, 0xA7], "Intel"),
    ([0x30, 0x3F, 0xBB], "HP"),
    ([0x30, 0x45, 0x11], "Texas Instruments"),
    ([0x30, 0x45, 0x96], "Huawei"),
    ([0x30, 0x46, 0x9A], "NETGEAR"),
    ([0x30, 0x49, 0x9E], "Huawei"),
    ([0x30, 0x4B, 0x07], "Lenovo"),
    ([0x30, 0x4E, 0x1B], "Huawei"),
    ([0x30, 0x56, 0x0F], "Gigabyte"),
    ([0x30, 0x57, 0x14], "Apple"),
    ([0x30, 0x59, 0xB7], "Microsoft"),
    ([0x30, 0x5A, 0x3A], "ASUS"),
    ([0x30, 0x61, 0xA2], "Huawei"),
    ([0x30, 0x63, 0x6B], "Apple"),
    ([0x30, 0x63, 0xEA], "Juniper Networks"),
    ([0x30, 0x66, 0xD0], "Huawei"),
    ([0x30, 0x68, 0x93], "TP-LINK"),
    ([0x30, 0x6A, 0x85], "Samsung"),
    ([0x30, 0x74, 0x67], "Samsung"),
    ([0x30, 0x74, 0x96], "Huawei"),
    ([0x30, 0x76, 0xF5], "Espressif"),
    ([0x30, 0x7A, 0x05], "Huawei"),
    ([0x30, 0x7A, 0xD2], "Apple"),
    ([0x30, 0x7C, 0x4A], "Huawei"),
    ([0x30, 0x7C, 0x5E], "Juniper Networks"),
    ([0x30, 0x82, 0x16], "Apple"),
    ([0x30, 0x83, 0x98], "Espressif"),
    ([0x30, 0x83, 0xD2], "Lenovo"),
    ([0x30, 0x85, 0xA9], "ASUS"),
    ([0x30, 0x87, 0x30], "Huawei"),
    ([0x30, 0x89, 0x4A], "Intel"),
    ([0x30, 0x89, 0xA6], "Huawei"),
    ([0x30, 0x8A, 0xF7], "Huawei"),
    ([0x30, 0x8B, 0xB2], "Cisco"),
    ([0x30, 0x8D, 0x99], "HP"),
    ([0x30, 0x8D, 0xD4], "Huawei"),
    ([0x30, 0x8E, 0xCF], "Huawei"),
    ([0x30, 0x90, 0x48], "Apple"),
    ([0x30, 0x90, 0xAB], "Apple"),
    ([0x30, 0x96, 0x10], "Huawei"),
    ([0x30, 0x96, 0x3B], "Huawei"),
    ([0x30, 0x96, 0xFB], "Samsung"),
    ([0x30, 0x9E, 0x62], "Huawei"),
    ([0x30, 0xA0, 0x33], "Apple"),
    ([0x30, 0xA1, 0xFA], "Huawei"),
    ([0x30, 0xA2, 0xC2], "Huawei"),
    ([0x30, 0xA3, 0x0F], "Huawei"),
    ([0x30, 0xA9, 0x98], "Huawei"),
    ([0x30, 0xAA, 0xE4], "Huawei"),
    ([0x30, 0xAE, 0xA4], "Espressif"),
    ([0x30, 0xAF, 0x7E], "Texas Instruments"),
    ([0x30, 0xB4, 0x9E], "TP-LINK"),
    ([0x30, 0xB5, 0xC2], "TP-LINK"),
    ([0x30, 0xB6, 0x4F], "Juniper Networks"),
    ([0x30, 0xB8, 0x51], "Siemens"),
    ([0x30, 0xBE, 0x3B], "Mitsubishi Electric"),
    ([0x30, 0xC0, 0xAE], "Apple"),
    ([0x30, 0xC5, 0x0F], "Huawei"),
    ([0x30, 0xC5, 0x99], "ASUS"),
    ([0x30, 0xC6, 0xF7], "Espressif"),
    ([0x30, 0xC7, 0xAE], "Samsung"),
    ([0x30, 0xC9, 0x22], "Espressif"),
    ([0x30, 0xC9, 0xCC], "Samsung"),
    ([0x30, 0xCB, 0x36], "Hirschmann"),
    ([0x30, 0xCB, 0xF8], "Samsung"),
    ([0x30, 0xCD, 0xA7], "Samsung"),
    ([0x30, 0xD0, 0x42], "Dell"),
    ([0x30, 0xD1, 0x7E], "Huawei"),
    ([0x30, 0xD4, 0xE2], "Huawei"),
    ([0x30, 0xD5, 0x3E], "Apple"),
    ([0x30, 0xD5, 0x87], "Samsung"),
    ([0x30, 0xD6, 0xC9], "Samsung"),
    ([0x30, 0xD7, 0xA1], "Apple"),
    ([0x30, 0xD8, 0x75], "Apple"),
    ([0x30, 0xD9, 0xD9], "Apple"),
    ([0x30, 0xDE, 0x4B], "TP-LINK"),
    ([0x30, 0xE0, 0x4F], "Apple"),
    ([0x30, 0xE1, 0x71], "HP"),
    ([0x30, 0xE2, 0x83], "Texas Instruments"),
    ([0x30, 0xE3, 0x7A], "Intel"),
    ([0x30, 0xE3, 0x96], "Huawei"),
    ([0x30, 0xE3, 0xA4], "Intel"),
    ([0x30, 0xE4, 0xD8], "Huawei"),
    ([0x30, 0xE4, 0xDB], "Cisco"),
    ([0x30, 0xE9, 0x8E], "Huawei"),
    ([0x30, 0xEB, 0x15], "Huawei"),
    ([0x30, 0xED, 0xA0], "Espressif"),
    ([0x30, 0xF3, 0x35], "Huawei"),
    ([0x30, 0xF6, 0x5D], "HP"),
    ([0x30, 0xF6, 0xEF], "Intel"),
    ([0x30, 0xF7, 0x0D], "Cisco"),
    ([0x30, 0xF7, 0xC5], "Apple"),
    ([0x30, 0xF8, 0x56], "Extreme Networks"),
    ([0x30, 0xFB, 0xB8], "Huawei"),
    ([0x30, 0xFC, 0x68], "TP-LINK"),
    ([0x30, 0xFD, 0x65], "Huawei"),
    ([0x30, 0xFE, 0x6C], "Apple"),
    ([0x30, 0xFE, 0xFA], "Cisco"),
    ([0x30, 0xFF, 0xFD], "Huawei"),
    ([0x34, 0x00, 0xA3], "Huawei"),
    ([0x34, 0x02, 0x86], "Intel"),
    ([0x34, 0x03, 0xDE], "Texas Instruments"),
    ([0x34, 0x08, 0xBC], "Apple"),
    ([0x34, 0x08, 0xE1], "Texas Instruments"),
    ([0x34, 0x0A, 0x98], "Huawei"),
    ([0x34, 0x0E, 0x22], "Apple"),
    ([0x34, 0x10, 0x5D], "Texas Instruments"),
    ([0x34, 0x10, 0xBE], "Apple"),
    ([0x34, 0x10, 0xD0], "Huawei"),
    ([0x34, 0x12, 0x98], "Apple"),
    ([0x34, 0x12, 0xF9], "Huawei"),
    ([0x34, 0x13, 0xE8], "Intel"),
    ([0x34, 0x14, 0x5F], "Samsung"),
    ([0x34, 0x14, 0xB5], "Texas Instruments"),
    ([0x34, 0x15, 0x13], "Texas Instruments"),
    ([0x34, 0x15, 0x9E], "Apple"),
    ([0x34, 0x17, 0xEB], "Dell"),
    ([0x34, 0x1B, 0x2D], "Cisco"),
    ([0x34, 0x1E, 0x6B], "Huawei"),
    ([0x34, 0x26, 0x01], "Huawei"),
    ([0x34, 0x28, 0x40], "Apple"),
    ([0x34, 0x28, 0x65], "Juniper Networks"),
    ([0x34, 0x29, 0x12], "Huawei"),
    ([0x34, 0x2A, 0xF1], "Texas Instruments"),
    ([0x34, 0x2B, 0x6E], "Apple"),
    ([0x34, 0x2D, 0x0D], "Samsung"),
    ([0x34, 0x2E, 0xB6], "Huawei"),
    ([0x34, 0x2E, 0xB7], "Intel"),
    ([0x34, 0x31, 0x11], "Samsung"),
    ([0x34, 0x31, 0x8F], "Apple"),
    ([0x34, 0x36, 0x3B], "Apple"),
    ([0x34, 0x3A, 0x20], "HP"),
    ([0x34, 0x3D, 0xA9], "Huawei"),
    ([0x34, 0x41, 0x5D], "Intel"),
    ([0x34, 0x42, 0x62], "Apple"),
    ([0x34, 0x46, 0xEC], "Huawei"),
    ([0x34, 0x48, 0xED], "Dell"),
    ([0x34, 0x4E, 0xE2], "Huawei"),
    ([0x34, 0x51, 0x84], "Huawei"),
    ([0x34, 0x51, 0xC9], "Apple"),
    ([0x34, 0x56, 0xFE], "Cisco"),
    ([0x34, 0x58, 0x40], "Huawei"),
    ([0x34, 0x58, 0x8A], "Cisco"),
    ([0x34, 0x5D, 0xA8], "Cisco"),
    ([0x34, 0x5F, 0x45], "Espressif"),
    ([0x34, 0x60, 0xF9], "TP-LINK"),
    ([0x34, 0x62, 0x88], "Cisco"),
    ([0x34, 0x64, 0xA9], "HP"),
    ([0x34, 0x66, 0x79], "Huawei"),
    ([0x34, 0x66, 0x91], "Apple"),
    ([0x34, 0x68, 0xB5], "Texas Instruments"),
    ([0x34, 0x6A, 0xC2], "Huawei"),
    ([0x34, 0x6B, 0xD3], "Huawei"),
    ([0x34, 0x6E, 0x68], "Huawei"),
    ([0x34, 0x6F, 0x90], "Cisco"),
    ([0x34, 0x70, 0x69], "Cisco"),
    ([0x34, 0x71, 0x46], "Huawei"),
    ([0x34, 0x73, 0x2D], "Cisco"),
    ([0x34, 0x73, 0x5A], "Dell"),
    ([0x34, 0x79, 0x16], "Huawei"),
    ([0x34, 0x7C, 0x25], "Apple"),
    ([0x34, 0x7D, 0xF6], "Intel"),
    ([0x34, 0x7E, 0x00], "Huawei"),
    ([0x34, 0x82, 0xC5], "Samsung"),
    ([0x34, 0x83, 0xD5], "Huawei"),
    ([0x34, 0x84, 0xE4], "Texas Instruments"),
    ([0x34, 0x85, 0x18], "Espressif"),
    ([0x34, 0x85, 0x84], "Extreme Networks"),
    ([0x34, 0x86, 0x5D], "Espressif"),
    ([0x34, 0x88, 0x18], "Cisco"),
    ([0x34, 0x8A, 0x12], "HP"),
    ([0x34, 0x8A, 0x3B], "Huawei"),
    ([0x34, 0x8A, 0x7B], "Samsung"),
    ([0x34, 0x8C, 0x5E], "Apple"),
    ([0x34, 0x90, 0xEA], "Murata"),
    ([0x34, 0x93, 0x6F], "Juniper Networks"),
    ([0x34, 0x94, 0x54], "Espressif"),
    ([0x34, 0x96, 0x71], "Huawei"),
    ([0x34, 0x96, 0x72], "TP-LINK"),
    ([0x34, 0x97, 0xF6], "ASUS"),
    ([0x34, 0x98, 0x7A], "Espressif"),
    ([0x34, 0x98, 0xB5], "NETGEAR"),
    ([0x34, 0xA1, 0x37], "Huawei"),
    ([0x34, 0xA2, 0xA2], "Huawei"),
    ([0x34, 0xA3, 0x95], "Apple"),
    ([0x34, 0xA8, 0x4E], "Cisco"),
    ([0x34, 0xA8, 0xEB], "Apple"),
    ([0x34, 0xAA, 0x8B], "Samsung"),
    ([0x34, 0xAB, 0x37], "Apple"),
    ([0x34, 0xAB, 0x95], "Espressif"),
    ([0x34, 0xB1, 0xEB], "Apple"),
    ([0x34, 0xB1, 0xF7], "Texas Instruments"),
    ([0x34, 0xB2, 0x0A], "Huawei"),
    ([0x34, 0xB3, 0x54], "Huawei"),
    ([0x34, 0xB4, 0x72], "Espressif"),
    ([0x34, 0xB7, 0xDA], "Espressif"),
    ([0x34, 0xB8, 0x83], "Cisco"),
    ([0x34, 0xBB, 0x26], "Lenovo"),
    ([0x34, 0xBD, 0xC8], "Cisco"),
    ([0x34, 0xBD, 0xFA], "Cisco"),
    ([0x34, 0xBE, 0x00], "Samsung"),
    ([0x34, 0xC0, 0x59], "Apple"),
    ([0x34, 0xC0, 0xF9], "Rockwell/Allen-Bradley"),
    ([0x34, 0xC2, 0x32], "Samsung"),
    ([0x34, 0xC3, 0xAC], "Samsung"),
    ([0x34, 0xC3, 0xFD], "Cisco"),
    ([0x34, 0xC4, 0x59], "Texas Instruments"),
    ([0x34, 0xC5, 0x15], "HP"),
    ([0x34, 0xC9, 0x3D], "Intel"),
    ([0x34, 0xCD, 0xB0], "Espressif"),
    ([0x34, 0xCD, 0xBE], "Huawei"),
    ([0x34, 0xCF, 0xF6], "Intel"),
    ([0x34, 0xD6, 0x93], "Huawei"),
    ([0x34, 0xD8, 0x68], "Broadcom"),
    ([0x34, 0xDA, 0xA1], "Apple"),
    ([0x34, 0xDB, 0xFD], "Cisco"),
    ([0x34, 0xDE, 0x1A], "Intel"),
    ([0x34, 0xE1, 0x2D], "Intel"),
    ([0x34, 0xE2, 0xFD], "Apple"),
    ([0x34, 0xE3, 0xFB], "Samsung"),
    ([0x34, 0xE5, 0xEC], "Palo Alto Networks"),
    ([0x34, 0xE6, 0xAD], "Intel"),
    ([0x34, 0xE6, 0xD7], "Dell"),
    ([0x34, 0xE8, 0x94], "TP-LINK"),
    ([0x34, 0xED, 0x1B], "Cisco"),
    ([0x34, 0xEE, 0x16], "Apple"),
    ([0x34, 0xF0, 0x43], "Samsung"),
    ([0x34, 0xF0, 0x84], "Samsung"),
    ([0x34, 0xF3, 0x9A], "Intel"),
    ([0x34, 0xF5, 0xD7], "Huawei"),
    ([0x34, 0xF6, 0x4B], "Intel"),
    ([0x34, 0xF6, 0x8D], "Apple"),
    ([0x34, 0xF7, 0x16], "TP-LINK"),
    ([0x34, 0xF8, 0xE7], "Cisco"),
    ([0x34, 0xFC, 0xB9], "HP"),
    ([0x34, 0xFD, 0x6A], "Apple"),
    ([0x34, 0xFD, 0x70], "Intel"),
    ([0x34, 0xFE, 0x77], "Apple"),
    ([0x34, 0xFF, 0xF3], "Huawei"),
    ([0x38, 0x00, 0x25], "Intel"),
    ([0x38, 0x01, 0x95], "Samsung"),
    ([0x38, 0x09, 0xFB], "Apple"),
    ([0x38, 0x0A, 0x94], "Samsung"),
    ([0x38, 0x0B, 0x3C], "Texas Instruments"),
    ([0x38, 0x0B, 0x40], "Samsung"),
    ([0x38, 0x0E, 0x4D], "Cisco"),
    ([0x38, 0x0F, 0x4A], "Apple"),
    ([0x38, 0x0F, 0xAD], "Huawei"),
    ([0x38, 0x10, 0xF0], "HP"),
    ([0x38, 0x14, 0x28], "Dell"),
    ([0x38, 0x16, 0xD1], "Samsung"),
    ([0x38, 0x17, 0xC3], "HP"),
    ([0x38, 0x18, 0x2B], "Espressif"),
    ([0x38, 0x18, 0x68], "Intel"),
    ([0x38, 0x1C, 0x1A], "Cisco"),
    ([0x38, 0x20, 0x28], "Huawei"),
    ([0x38, 0x20, 0x56], "Cisco"),
    ([0x38, 0x21, 0xC7], "HP"),
    ([0x38, 0x22, 0xE2], "HP"),
    ([0x38, 0x22, 0xF4], "Huawei"),
    ([0x38, 0x25, 0x6B], "Microsoft"),
    ([0x38, 0x2C, 0x4A], "ASUS"),
    ([0x38, 0x2D, 0xD1], "Samsung"),
    ([0x38, 0x2D, 0xE8], "Samsung"),
    ([0x38, 0x33, 0xC5], "Microsoft"),
    ([0x38, 0x37, 0x8B], "Huawei"),
    ([0x38, 0x39, 0x6C], "Huawei"),
    ([0x38, 0x3F, 0xE8], "Huawei"),
    ([0x38, 0x44, 0xBE], "Espressif"),
    ([0x38, 0x47, 0xBC], "Huawei"),
    ([0x38, 0x48, 0x4C], "Apple"),
    ([0x38, 0x4A, 0x80], "Samsung"),
    ([0x38, 0x4B, 0x24], "Siemens"),
    ([0x38, 0x4C, 0x4F], "Huawei"),
    ([0x38, 0x4D, 0xD2], "Huawei"),
    ([0x38, 0x4E, 0x56], "Texas Instruments"),
    ([0x38, 0x4F, 0x49], "Juniper Networks"),
    ([0x38, 0x52, 0x47], "Huawei"),
    ([0x38, 0x53, 0x9C], "Apple"),
    ([0x38, 0x56, 0x3D], "Microsoft"),
    ([0x38, 0x5F, 0x66], "Cisco"),
    ([0x38, 0x62, 0x33], "Apple"),
    ([0x38, 0x63, 0xBB], "HP"),
    ([0x38, 0x65, 0xB2], "Apple"),
    ([0x38, 0x66, 0xF0], "Apple"),
    ([0x38, 0x68, 0x93], "Intel"),
    ([0x38, 0x68, 0xA4], "Samsung"),
    ([0x38, 0x6A, 0x77], "Samsung"),
    ([0x38, 0x6D, 0xED], "Juniper Networks"),
    ([0x38, 0x6E, 0xB2], "Huawei"),
    ([0x38, 0x70, 0xF2], "Huawei"),
    ([0x38, 0x71, 0xDE], "Apple"),
    ([0x38, 0x7A, 0x0E], "Intel"),
    ([0x38, 0x7F, 0x8B], "Apple"),
    ([0x38, 0x80, 0xDF], "Lenovo"),
    ([0x38, 0x81, 0xD7], "Texas Instruments"),
    ([0x38, 0x83, 0x45], "TP-LINK"),
    ([0x38, 0x84, 0x79], "Cisco"),
    ([0x38, 0x87, 0xD5], "Intel"),
    ([0x38, 0x88, 0x1E], "Huawei"),
    ([0x38, 0x88, 0xA4], "Apple"),
    ([0x38, 0x89, 0x2C], "Apple"),
    ([0x38, 0x8A, 0x06], "Samsung"),
    ([0x38, 0x8C, 0xEF], "Samsung"),
    ([0x38, 0x8F, 0x30], "Samsung"),
    ([0x38, 0x90, 0x52], "Huawei"),
    ([0x38, 0x90, 0xA5], "Cisco"),
    ([0x38, 0x91, 0xB7], "Cisco"),
    ([0x38, 0x94, 0x96], "Samsung"),
    ([0x38, 0x94, 0xED], "NETGEAR"),
    ([0x38, 0x98, 0xE9], "Huawei"),
    ([0x38, 0x9A, 0xF6], "Samsung"),
    ([0x38, 0x9C, 0xB2], "Apple"),
    ([0x38, 0x9E, 0x4C], "HP"),
    ([0x38, 0xA4, 0x4B], "Huawei"),
    ([0x38, 0xAA, 0x09], "Cisco"),
    ([0x38, 0xAB, 0x41], "Texas Instruments"),
    ([0x38, 0xB3, 0xF7], "Huawei"),
    ([0x38, 0xB5, 0x4D], "Apple"),
    ([0x38, 0xBA, 0xB0], "Broadcom"),
    ([0x38, 0xBA, 0xF8], "Intel"),
    ([0x38, 0xBC, 0x01], "Huawei"),
    ([0x38, 0xBD, 0x7A], "HP"),
    ([0x38, 0xC0, 0xEA], "Fortinet"),
    ([0x38, 0xC4, 0x3A], "Apple"),
    ([0x38, 0xC8, 0x5C], "Cisco"),
    ([0x38, 0xC9, 0x86], "Apple"),
    ([0x38, 0xCA, 0x84], "HP"),
    ([0x38, 0xCA, 0xDA], "Apple"),
    ([0x38, 0xD0, 0x9C], "Huawei"),
    ([0x38, 0xD2, 0x69], "Texas Instruments"),
    ([0x38, 0xD4, 0x0B], "Samsung"),
    ([0x38, 0xD5, 0x47], "ASUS"),
    ([0x38, 0xDE, 0xAD], "Intel"),
    ([0x38, 0xE0, 0x8E], "Mitsubishi Electric"),
    ([0x38, 0xE1, 0x3D], "Apple"),
    ([0x38, 0xE2, 0xC4], "Texas Instruments"),
    ([0x38, 0xE3, 0x9F], "Lenovo"),
    ([0x38, 0xEA, 0xA7], "HP"),
    ([0x38, 0xEB, 0x47], "Huawei"),
    ([0x38, 0xEC, 0x07], "Lenovo"),
    ([0x38, 0xEC, 0x0D], "Apple"),
    ([0x38, 0xEC, 0xE4], "Samsung"),
    ([0x38, 0xED, 0x18], "Cisco"),
    ([0x38, 0xF1, 0x95], "Huawei"),
    ([0x38, 0xF2, 0x0D], "Juniper Networks"),
    ([0x38, 0xF2, 0x3E], "Microsoft"),
    ([0x38, 0xF7, 0xF1], "Huawei"),
    ([0x38, 0xF8, 0x89], "Huawei"),
    ([0x38, 0xF9, 0xD3], "Apple"),
    ([0x38, 0xFB, 0x14], "Huawei"),
    ([0x38, 0xFC, 0x34], "Huawei"),
    ([0x38, 0xFC, 0x98], "Intel"),
    ([0x38, 0xFD, 0xF8], "Cisco"),
    ([0x38, 0xFF, 0x59], "Dell"),
    ([0x3C, 0x05, 0x18], "Samsung"),
    ([0x3C, 0x05, 0x8E], "Huawei"),
    ([0x3C, 0x06, 0x30], "Apple"),
    ([0x3C, 0x06, 0xA7], "TP-LINK"),
    ([0x3C, 0x07, 0x54], "Apple"),
    ([0x3C, 0x07, 0xD7], "Apple"),
    ([0x3C, 0x08, 0xCD], "Juniper Networks"),
    ([0x3C, 0x08, 0xF6], "Cisco"),
    ([0x3C, 0x0A, 0x7A], "Samsung"),
    ([0x3C, 0x0E, 0x23], "Cisco"),
    ([0x3C, 0x0F, 0x02], "Espressif"),
    ([0x3C, 0x13, 0xBB], "Huawei"),
    ([0x3C, 0x13, 0xCC], "Cisco"),
    ([0x3C, 0x15, 0xC2], "Apple"),
    ([0x3C, 0x15, 0xFB], "Huawei"),
    ([0x3C, 0x19, 0x5E], "Samsung"),
    ([0x3C, 0x1E, 0xB5], "Apple"),
    ([0x3C, 0x20, 0xF6], "Samsung"),
    ([0x3C, 0x21, 0x9C], "Intel"),
    ([0x3C, 0x22, 0xFB], "Apple"),
    ([0x3C, 0x24, 0x0A], "Huawei"),
    ([0x3C, 0x25, 0xF8], "Dell"),
    ([0x3C, 0x26, 0xE4], "Cisco"),
    ([0x3C, 0x29, 0x83], "Samsung"),
    ([0x3C, 0x2C, 0x30], "Dell"),
    ([0x3C, 0x2D, 0xB7], "Texas Instruments"),
    ([0x3C, 0x2E, 0xF9], "Apple"),
    ([0x3C, 0x2E, 0xFF], "Apple"),
    ([0x3C, 0x30, 0x6F], "Huawei"),
    ([0x3C, 0x31, 0x8A], "Samsung"),
    ([0x3C, 0x34, 0x64], "Apple"),
    ([0x3C, 0x36, 0x6A], "Huawei"),
    ([0x3C, 0x37, 0x86], "NETGEAR"),
    ([0x3C, 0x38, 0x1F], "Huawei"),
    ([0x3C, 0x39, 0xC8], "Apple"),
    ([0x3C, 0x3B, 0x77], "Apple"),
    ([0x3C, 0x41, 0x0E], "Cisco"),
    ([0x3C, 0x46, 0xD8], "TP-LINK"),
    ([0x3C, 0x47, 0x11], "Huawei"),
    ([0x3C, 0x4A, 0x92], "HP"),
    ([0x3C, 0x4A, 0xC9], "Huawei"),
    ([0x3C, 0x4D, 0xBE], "Apple"),
    ([0x3C, 0x50, 0x02], "Apple"),
    ([0x3C, 0x51, 0x0E], "Cisco"),
    ([0x3C, 0x52, 0x82], "HP"),
    ([0x3C, 0x52, 0xA1], "TP-LINK"),
    ([0x3C, 0x54, 0x47], "Huawei"),
    ([0x3C, 0x57, 0x31], "Cisco"),
    ([0x3C, 0x57, 0x6C], "Samsung"),
    ([0x3C, 0x58, 0xC2], "Intel"),
    ([0x3C, 0x59, 0xC0], "Huawei"),
    ([0x3C, 0x5A, 0x37], "Samsung"),
    ([0x3C, 0x5E, 0xC3], "Cisco"),
    ([0x3C, 0x61, 0x04], "Juniper Networks"),
    ([0x3C, 0x61, 0x05], "Espressif"),
    ([0x3C, 0x62, 0x00], "Samsung"),
    ([0x3C, 0x64, 0xCF], "TP-LINK"),
    ([0x3C, 0x65, 0xD1], "Huawei"),
    ([0x3C, 0x67, 0x8C], "Huawei"),
    ([0x3C, 0x6A, 0x48], "TP-LINK"),
    ([0x3C, 0x6A, 0xA7], "Intel"),
    ([0x3C, 0x6A, 0xD2], "TP-LINK"),
    ([0x3C, 0x6D, 0x89], "Apple"),
    ([0x3C, 0x71, 0xBF], "Espressif"),
    ([0x3C, 0x77, 0x87], "Huawei"),
    ([0x3C, 0x78, 0x43], "Huawei"),
    ([0x3C, 0x78, 0x95], "TP-LINK"),
    ([0x3C, 0x7C, 0x3F], "ASUS"),
    ([0x3C, 0x7D, 0x0A], "Apple"),
    ([0x3C, 0x7D, 0xB1], "Texas Instruments"),
    ([0x3C, 0x83, 0x75], "Microsoft"),
    ([0x3C, 0x84, 0x27], "Espressif"),
    ([0x3C, 0x84, 0x6A], "TP-LINK"),
    ([0x3C, 0x86, 0x9A], "Huawei"),
    ([0x3C, 0x8A, 0x1F], "Espressif"),
    ([0x3C, 0x8A, 0xB0], "Juniper Networks"),
    ([0x3C, 0x8B, 0x7F], "Cisco"),
    ([0x3C, 0x8B, 0xFE], "Samsung"),
    ([0x3C, 0x8C, 0x93], "Juniper Networks"),
    ([0x3C, 0x90, 0xE0], "Huawei"),
    ([0x3C, 0x93, 0xF4], "Huawei"),
    ([0x3C, 0x94, 0xD5], "Juniper Networks"),
    ([0x3C, 0x9B, 0xC6], "Huawei"),
    ([0x3C, 0x9C, 0x0F], "Intel"),
    ([0x3C, 0x9D, 0x56], "Huawei"),
    ([0x3C, 0xA1, 0x0D], "Samsung"),
    ([0x3C, 0xA1, 0x61], "Huawei"),
    ([0x3C, 0xA3, 0x08], "Texas Instruments"),
    ([0x3C, 0xA3, 0x7E], "Huawei"),
    ([0x3C, 0xA6, 0xF6], "Apple"),
    ([0x3C, 0xA8, 0x2A], "HP"),
    ([0x3C, 0xA9, 0x16], "Huawei"),
    ([0x3C, 0xA9, 0xF4], "Intel"),
    ([0x3C, 0xAB, 0x8E], "Apple"),
    ([0x3C, 0xB2, 0x33], "Huawei"),
    ([0x3C, 0xB9, 0x22], "Huawei"),
    ([0x3C, 0xB9, 0xA6], "Hirschmann"),
    ([0x3C, 0xBB, 0xFD], "Samsung"),
    ([0x3C, 0xBF, 0x60], "Apple"),
    ([0x3C, 0xBF, 0xD7], "Apple"),
    ([0x3C, 0xC0, 0x3E], "Huawei"),
    ([0x3C, 0xC5, 0xC7], "Huawei"),
    ([0x3C, 0xCD, 0x36], "Apple"),
    ([0x3C, 0xCD, 0x40], "Apple"),
    ([0x3C, 0xCD, 0x5D], "Huawei"),
    ([0x3C, 0xCE, 0x73], "Cisco"),
    ([0x3C, 0xD0, 0xF8], "Apple"),
    ([0x3C, 0xD9, 0x2B], "HP"),
    ([0x3C, 0xDC, 0x75], "Espressif"),
    ([0x3C, 0xDC, 0xBC], "Samsung"),
    ([0x3C, 0xDD, 0x57], "Apple"),
    ([0x3C, 0xDF, 0x1E], "Cisco"),
    ([0x3C, 0xDF, 0xBD], "Huawei"),
    ([0x3C, 0xE0, 0x02], "Texas Instruments"),
    ([0x3C, 0xE0, 0x64], "Texas Instruments"),
    ([0x3C, 0xE0, 0x72], "Apple"),
    ([0x3C, 0xE4, 0xB0], "Texas Instruments"),
    ([0x3C, 0xE8, 0x24], "Huawei"),
    ([0x3C, 0xE8, 0x6E], "HP"),
    ([0x3C, 0xE9, 0x0E], "Espressif"),
    ([0x3C, 0xE9, 0xF7], "Intel"),
    ([0x3C, 0xF0, 0x11], "Intel"),
    ([0x3C, 0xF6, 0x92], "Huawei"),
    ([0x3C, 0xF7, 0xA4], "Samsung"),
    ([0x3C, 0xF7, 0xD1], "Omron"),
    ([0x3C, 0xF8, 0x08], "Huawei"),
    ([0x3C, 0xF8, 0x62], "Intel"),
    ([0x3C, 0xFA, 0x06], "Microsoft"),
    ([0x3C, 0xFA, 0x30], "Palo Alto Networks"),
    ([0x3C, 0xFA, 0x43], "Huawei"),
    ([0x3C, 0xFA, 0x80], "Huawei"),
    ([0x3C, 0xFB, 0x02], "Apple"),
    ([0x3C, 0xFD, 0xFE], "Intel"),
    ([0x3C, 0xFE, 0xAC], "Cisco"),
    ([0x3C, 0xFF, 0xD8], "Huawei"),
    ([0x40, 0x01, 0x7A], "Cisco"),
    ([0x40, 0x06, 0x34], "Huawei"),
    ([0x40, 0x06, 0xA0], "Texas Instruments"),
    ([0x40, 0x06, 0xD5], "Cisco"),
    ([0x40, 0x0E, 0xB9], "Huawei"),
    ([0x40, 0x11, 0xC3], "Samsung"),
    ([0x40, 0x12, 0x77], "Microsoft"),
    ([0x40, 0x14, 0x82], "Cisco"),
    ([0x40, 0x14, 0xAD], "Huawei"),
    ([0x40, 0x16, 0x3B], "Samsung"),
    ([0x40, 0x16, 0x7E], "ASUS"),
    ([0x40, 0x16, 0x9F], "TP-LINK"),
    ([0x40, 0x18, 0xB1], "Extreme Networks"),
    ([0x40, 0x1C, 0x83], "Intel"),
    ([0x40, 0x1C, 0xD4], "Huawei"),
    ([0x40, 0x22, 0xD8], "Espressif"),
    ([0x40, 0x24, 0xD2], "Huawei"),
    ([0x40, 0x25, 0xC2], "Intel"),
    ([0x40, 0x26, 0x19], "Apple"),
    ([0x40, 0x26, 0x41], "Huawei"),
    ([0x40, 0x27, 0xA8], "Cisco"),
    ([0x40, 0x2E, 0x71], "Texas Instruments"),
    ([0x40, 0x30, 0x04], "Apple"),
    ([0x40, 0x33, 0x1A], "Apple"),
    ([0x40, 0x35, 0xE6], "Samsung"),
    ([0x40, 0x36, 0xB7], "Juniper Networks"),
    ([0x40, 0x3B, 0x7B], "Huawei"),
    ([0x40, 0x3C, 0xFC], "Apple"),
    ([0x40, 0x3F, 0x43], "Extreme Networks"),
    ([0x40, 0x3F, 0x8C], "TP-LINK"),
    ([0x40, 0x41, 0x01], "Rockwell/Allen-Bradley"),
    ([0x40, 0x41, 0x0D], "Huawei"),
    ([0x40, 0x42, 0x44], "Cisco"),
    ([0x40, 0x44, 0xCE], "Huawei"),
    ([0x40, 0x45, 0xC4], "Huawei"),
    ([0x40, 0x4C, 0xCA], "Espressif"),
    ([0x40, 0x4D, 0x7F], "Apple"),
    ([0x40, 0x4D, 0x8E], "Huawei"),
    ([0x40, 0x4F, 0x42], "Huawei"),
    ([0x40, 0x55, 0x39], "Cisco"),
    ([0x40, 0x5B, 0x7F], "Broadcom"),
    ([0x40, 0x5C, 0xFD], "Dell"),
    ([0x40, 0x5D, 0x82], "NETGEAR"),
    ([0x40, 0x5E, 0xF6], "Samsung"),
    ([0x40, 0x5F, 0xC2], "Texas Instruments"),
    ([0x40, 0x6C, 0x8F], "Apple"),
    ([0x40, 0x6F, 0x27], "Huawei"),
    ([0x40, 0x70, 0xF5], "Apple"),
    ([0x40, 0x71, 0x83], "Juniper Networks"),
    ([0x40, 0x74, 0xE0], "Intel"),
    ([0x40, 0x76, 0xA9], "Huawei"),
    ([0x40, 0x78, 0x6A], "Lenovo"),
    ([0x40, 0x79, 0x11], "Apple"),
    ([0x40, 0x79, 0x12], "Texas Instruments"),
    ([0x40, 0x7D, 0x0F], "Huawei"),
    ([0x40, 0x7F, 0x5F], "Juniper Networks"),
    ([0x40, 0x82, 0x7B], "STMicroelectronics"),
    ([0x40, 0x83, 0x1D], "Apple"),
    ([0x40, 0x88, 0x05], "Lenovo"),
    ([0x40, 0x88, 0x2F], "Extreme Networks"),
    ([0x40, 0x8D, 0x5C], "Gigabyte"),
    ([0x40, 0x8E, 0x2C], "Microsoft"),
    ([0x40, 0x8E, 0xDF], "Huawei"),
    ([0x40, 0x8F, 0x9D], "Juniper Networks"),
    ([0x40, 0x91, 0x51], "Espressif"),
    ([0x40, 0x92, 0x1A], "Apple"),
    ([0x40, 0x95, 0x95], "TP-LINK"),
    ([0x40, 0x98, 0x4E], "Texas Instruments"),
    ([0x40, 0x98, 0xAD], "Apple"),
    ([0x40, 0x9C, 0x28], "Apple"),
    ([0x40, 0x9E, 0xA4], "Juniper Networks"),
    ([0x40, 0xA3, 0xCC], "Intel"),
    ([0x40, 0xA6, 0x54], "Huawei"),
    ([0x40, 0xA6, 0x77], "Juniper Networks"),
    ([0x40, 0xA6, 0xB7], "Intel"),
    ([0x40, 0xA6, 0xD9], "Apple"),
    ([0x40, 0xA6, 0xE8], "Cisco"),
    ([0x40, 0xA8, 0xF0], "HP"),
    ([0x40, 0xAE, 0x30], "TP-LINK"),
    ([0x40, 0xB0, 0x34], "HP"),
    ([0x40, 0xB0, 0x76], "ASUS"),
    ([0x40, 0xB1, 0x5C], "Huawei"),
    ([0x40, 0xB2, 0x15], "Extreme Networks"),
    ([0x40, 0xB3, 0x95], "Apple"),
    ([0x40, 0xB3, 0xFA], "Apple"),
    ([0x40, 0xB4, 0xF0], "Juniper Networks"),
    ([0x40, 0xB5, 0xC1], "Cisco"),
    ([0x40, 0xB6, 0xE7], "Huawei"),
    ([0x40, 0xB7, 0x0E], "Huawei"),
    ([0x40, 0xB9, 0x3C], "HP"),
    ([0x40, 0xBA, 0x09], "Dell"),
    ([0x40, 0xBC, 0x60], "Apple"),
    ([0x40, 0xBD, 0x32], "Texas Instruments"),
    ([0x40, 0xC3, 0xBC], "Huawei"),
    ([0x40, 0xC7, 0x11], "Apple"),
    ([0x40, 0xC7, 0x3C], "Intel"),
    ([0x40, 0xCB, 0xA8], "Huawei"),
    ([0x40, 0xCB, 0xC0], "Apple"),
    ([0x40, 0xCE, 0x24], "Cisco"),
    ([0x40, 0xD1, 0x33], "Intel"),
    ([0x40, 0xD1, 0x60], "Apple"),
    ([0x40, 0xD3, 0x2D], "Apple"),
    ([0x40, 0xD3, 0xAE], "Samsung"),
    ([0x40, 0xDA, 0x5C], "Apple"),
    ([0x40, 0xDC, 0xA5], "Huawei"),
    ([0x40, 0xDE, 0x24], "Samsung"),
    ([0x40, 0xDE, 0xAD], "Juniper Networks"),
    ([0x40, 0xE3, 0x17], "Extreme Networks"),
    ([0x40, 0xE3, 0xD6], "HP"),
    ([0x40, 0xE6, 0x4B], "Apple"),
    ([0x40, 0xEB, 0x21], "Huawei"),
    ([0x40, 0xEC, 0x99], "Intel"),
    ([0x40, 0xEC, 0xBD], "Intel"),
    ([0x40, 0xEC, 0xF8], "Siemens"),
    ([0x40, 0xED, 0x00], "TP-LINK"),
    ([0x40, 0xED, 0xCF], "Apple"),
    ([0x40, 0xEE, 0xDD], "Huawei"),
    ([0x40, 0xF0, 0x78], "Cisco"),
    ([0x40, 0xF3, 0x08], "Murata"),
    ([0x40, 0xF3, 0xB0], "Texas Instruments"),
    ([0x40, 0xF4, 0x9F], "Cisco"),
    ([0x40, 0xF4, 0xEC], "Cisco"),
    ([0x40, 0xF5, 0x20], "Espressif"),
    ([0x40, 0xF9, 0x46], "Apple"),
    ([0x40, 0xFA, 0xFE], "Lenovo"),
    ([0x44, 0x00, 0x10], "Apple"),
    ([0x44, 0x00, 0x4D], "Huawei"),
    ([0x44, 0x03, 0x2C], "Intel"),
    ([0x44, 0x03, 0xA7], "Cisco"),
    ([0x44, 0x05, 0xB8], "Huawei"),
    ([0x44, 0x09, 0xC6], "Huawei"),
    ([0x44, 0x09, 0xDA], "Apple"),
    ([0x44, 0x0C, 0x4B], "Huawei"),
    ([0x44, 0x12, 0x44], "HP"),
    ([0x44, 0x16, 0x22], "Microsoft"),
    ([0x44, 0x16, 0xFA], "Samsung"),
    ([0x44, 0x17, 0x93], "Espressif"),
    ([0x44, 0x18, 0xFD], "Apple"),
    ([0x44, 0x1A, 0x5C], "Cisco"),
    ([0x44, 0x1B, 0x88], "Apple"),
    ([0x44, 0x1B, 0xF6], "Espressif"),
    ([0x44, 0x1C, 0x7F], "Lenovo"),
    ([0x44, 0x1D, 0x64], "Espressif"),
    ([0x44, 0x1E, 0xA1], "HP"),
    ([0x44, 0x22, 0x7C], "Huawei"),
    ([0x44, 0x27, 0x2E], "Huawei"),
    ([0x44, 0x2A, 0x60], "Apple"),
    ([0x44, 0x2B, 0x03], "Cisco"),
    ([0x44, 0x30, 0x3F], "Huawei"),
    ([0x44, 0x31, 0x92], "HP"),
    ([0x44, 0x32, 0x1D], "Huawei"),
    ([0x44, 0x35, 0x83], "Apple"),
    ([0x44, 0x38, 0xE8], "Intel"),
    ([0x44, 0x3E, 0x8A], "Texas Instruments"),
    ([0x44, 0x48, 0xC1], "HP"),
    ([0x44, 0x49, 0x88], "Intel"),
    ([0x44, 0x4A, 0xDB], "Apple"),
    ([0x44, 0x4C, 0x0C], "Apple"),
    ([0x44, 0x4E, 0x1A], "Samsung"),
    ([0x44, 0x55, 0xB1], "Huawei"),
    ([0x44, 0x55, 0xC4], "Huawei"),
    ([0x44, 0x58, 0x29], "Cisco"),
    ([0x44, 0x59, 0xE3], "Huawei"),
    ([0x44, 0x5B, 0xED], "HP"),
    ([0x44, 0x5C, 0xE9], "Samsung"),
    ([0x44, 0x64, 0x3C], "Cisco"),
    ([0x44, 0x66, 0x90], "TP-LINK"),
    ([0x44, 0x67, 0x47], "Huawei"),
    ([0x44, 0x6A, 0x2E], "Huawei"),
    ([0x44, 0x6B, 0x1F], "Texas Instruments"),
    ([0x44, 0x6D, 0x6C], "Samsung"),
    ([0x44, 0x6E, 0xE5], "Huawei"),
    ([0x44, 0x76, 0x54], "Huawei"),
    ([0x44, 0x78, 0x31], "Huawei"),
    ([0x44, 0x78, 0x3E], "Samsung"),
    ([0x44, 0x80, 0xEB], "Lenovo"),
    ([0x44, 0x82, 0xE5], "Huawei"),
    ([0x44, 0x83, 0x46], "Texas Instruments"),
    ([0x44, 0x85, 0x00], "Intel"),
    ([0x44, 0x86, 0xC1], "Siemens"),
    ([0x44, 0x88, 0x16], "Cisco"),
    ([0x44, 0x88, 0xBE], "Texas Instruments"),
    ([0x44, 0x8D, 0xD5], "Cisco"),
    ([0x44, 0x8F, 0x17], "Samsung"),
    ([0x44, 0x90, 0xBB], "Apple"),
    ([0x44, 0x91, 0x60], "Murata"),
    ([0x44, 0x94, 0xFC], "NETGEAR"),
    ([0x44, 0x9B, 0xC1], "Huawei"),
    ([0x44, 0x9E, 0x8B], "Apple"),
    ([0x44, 0x9F, 0x46], "Huawei"),
    ([0x44, 0xA0, 0x38], "Huawei"),
    ([0x44, 0xA1, 0x0E], "Apple"),
    ([0x44, 0xA1, 0x91], "Huawei"),
    ([0x44, 0xA3, 0xBB], "Intel"),
    ([0x44, 0xA5, 0x6E], "NETGEAR"),
    ([0x44, 0xA7, 0xCF], "Murata"),
    ([0x44, 0xA7, 0xF4], "Apple"),
    ([0x44, 0xA8, 0x42], "Dell"),
    ([0x44, 0xA8, 0xFC], "Apple"),
    ([0x44, 0xAA, 0x50], "Juniper Networks"),
    ([0x44, 0xAD, 0xD9], "Cisco"),
    ([0x44, 0xAE, 0x25], "Cisco"),
    ([0x44, 0xAE, 0x44], "Huawei"),
    ([0x44, 0xAF, 0x28], "Intel"),
    ([0x44, 0xB1, 0x76], "Espressif"),
    ([0x44, 0xB3, 0x2D], "TP-LINK"),
    ([0x44, 0xB3, 0xC5], "Huawei"),
    ([0x44, 0xB6, 0xBE], "Cisco"),
    ([0x44, 0xBD, 0x8D], "Espressif"),
    ([0x44, 0xBE, 0x0B], "Huawei"),
    ([0x44, 0xC1, 0x5C], "Texas Instruments"),
    ([0x44, 0xC2, 0x0C], "Cisco"),
    ([0x44, 0xC3, 0x46], "Huawei"),
    ([0x44, 0xC3, 0xB6], "Huawei"),
    ([0x44, 0xC5, 0x32], "Huawei"),
    ([0x44, 0xC6, 0x3C], "Samsung"),
    ([0x44, 0xC6, 0x5D], "Apple"),
    ([0x44, 0xC7, 0xFC], "Huawei"),
    ([0x44, 0xCC, 0x6E], "Rockwell/Allen-Bradley"),
    ([0x44, 0xD3, 0xCA], "Cisco"),
    ([0x44, 0xD7, 0x91], "Huawei"),
    ([0x44, 0xD8, 0x84], "Apple"),
    ([0x44, 0xD9, 0xE7], "Ubiquiti"),
    ([0x44, 0xDA, 0x30], "Apple"),
    ([0x44, 0xE0, 0x8E], "Cisco"),
    ([0x44, 0xE4, 0xD9], "Cisco"),
    ([0x44, 0xE4, 0xE6], "Extreme Networks"),
    ([0x44, 0xE5, 0x17], "Intel"),
    ([0x44, 0xE5, 0x9B], "Huawei"),
    ([0x44, 0xE6, 0x6E], "Apple"),
    ([0x44, 0xE9, 0x68], "Huawei"),
    ([0x44, 0xEA, 0x30], "Samsung"),
    ([0x44, 0xEA, 0xD8], "Texas Instruments"),
    ([0x44, 0xEC, 0xCE], "Juniper Networks"),
    ([0x44, 0xEE, 0x14], "Texas Instruments"),
    ([0x44, 0xF0, 0x9E], "Apple"),
    ([0x44, 0xF2, 0x1B], "Apple"),
    ([0x44, 0xF4, 0x59], "Samsung"),
    ([0x44, 0xF4, 0x77], "Juniper Networks"),
    ([0x44, 0xFB, 0x42], "Apple"),
    ([0x48, 0x00, 0x20], "HP"),
    ([0x48, 0x00, 0x31], "Huawei"),
    ([0x48, 0x00, 0xB3], "Cisco"),
    ([0x48, 0x02, 0x34], "Huawei"),
    ([0x48, 0x05, 0xE2], "Huawei"),
    ([0x48, 0x0E, 0xEC], "TP-LINK"),
    ([0x48, 0x0F, 0xCF], "HP"),
    ([0x48, 0x12, 0x58], "Huawei"),
    ([0x48, 0x12, 0x8F], "Huawei"),
    ([0x48, 0x13, 0x7E], "Samsung"),
    ([0x48, 0x1B, 0xA4], "Cisco"),
    ([0x48, 0x1D, 0x70], "Cisco"),
    ([0x48, 0x22, 0x54], "TP-LINK"),
    ([0x48, 0x25, 0xF3], "Huawei"),
    ([0x48, 0x26, 0x2C], "Apple"),
    ([0x48, 0x27, 0xC5], "Huawei"),
    ([0x48, 0x27, 0xE2], "Espressif"),
    ([0x48, 0x27, 0xEA], "Samsung"),
    ([0x48, 0x2C, 0xD0], "Huawei"),
    ([0x48, 0x2E, 0x72], "Cisco"),
    ([0x48, 0x2F, 0x6B], "HP"),
    ([0x48, 0x2F, 0xD7], "Huawei"),
    ([0x48, 0x31, 0xB7], "Espressif"),
    ([0x48, 0x31, 0xDB], "Huawei"),
    ([0x48, 0x35, 0x2B], "Apple"),
    ([0x48, 0x35, 0x84], "Huawei"),
    ([0x48, 0x38, 0x71], "Huawei"),
    ([0x48, 0x3A, 0x02], "Fortinet"),
    ([0x48, 0x3B, 0x38], "Apple"),
    ([0x48, 0x3C, 0x0C], "Huawei"),
    ([0x48, 0x3F, 0xDA], "Espressif"),
    ([0x48, 0x3F, 0xE9], "Huawei"),
    ([0x48, 0x40, 0xD5], "Intel"),
    ([0x48, 0x43, 0x5A], "Huawei"),
    ([0x48, 0x43, 0x7C], "Apple"),
    ([0x48, 0x44, 0x87], "Cisco"),
    ([0x48, 0x44, 0xF7], "Samsung"),
    ([0x48, 0x45, 0x20], "Intel"),
    ([0x48, 0x46, 0xFB], "Huawei"),
    ([0x48, 0x47, 0x4B], "Huawei"),
    ([0x48, 0x49, 0x82], "Huawei"),
    ([0x48, 0x49, 0x96], "Huawei"),
    ([0x48, 0x49, 0xC7], "Samsung"),
    ([0x48, 0x4A, 0xE9], "HP"),
    ([0x48, 0x4B, 0xAA], "Apple"),
    ([0x48, 0x4C, 0x29], "Huawei"),
    ([0x48, 0x4C, 0x86], "Huawei"),
    ([0x48, 0x4D, 0x7E], "Dell"),
    ([0x48, 0x50, 0x73], "Microsoft"),
    ([0x48, 0x51, 0x69], "Samsung"),
    ([0x48, 0x51, 0xB7], "Intel"),
    ([0x48, 0x51, 0xC5], "Intel"),
    ([0x48, 0x55, 0x19], "Espressif"),
    ([0x48, 0x57, 0x02], "Huawei"),
    ([0x48, 0x57, 0xD2], "Broadcom"),
    ([0x48, 0x5A, 0x0D], "Juniper Networks"),
    ([0x48, 0x5B, 0x39], "ASUS"),
    ([0x48, 0x5F, 0x08], "TP-LINK"),
    ([0x48, 0x60, 0xBC], "Apple"),
    ([0x48, 0x61, 0xEE], "Samsung"),
    ([0x48, 0x62, 0x76], "Huawei"),
    ([0x48, 0x63, 0x45], "Huawei"),
    ([0x48, 0x68, 0x4A], "Intel"),
    ([0x48, 0x70, 0x1E], "Texas Instruments"),
    ([0x48, 0x70, 0x6F], "Huawei"),
    ([0x48, 0x73, 0x10], "Juniper Networks"),
    ([0x48, 0x74, 0x10], "Cisco"),
    ([0x48, 0x74, 0x6E], "Apple"),
    ([0x48, 0x79, 0x4D], "Samsung"),
    ([0x48, 0x7B, 0x2F], "Microsoft"),
    ([0x48, 0x7B, 0x6B], "Huawei"),
    ([0x48, 0x7D, 0x2E], "TP-LINK"),
    ([0x48, 0x80, 0x02], "Cisco"),
    ([0x48, 0x84, 0x9D], "Texas Instruments"),
    ([0x48, 0x86, 0xE8], "Microsoft"),
    ([0x48, 0x89, 0xE7], "Intel"),
    ([0x48, 0x8B, 0x0A], "Cisco"),
    ([0x48, 0x8C, 0x63], "Huawei"),
    ([0x48, 0x8E, 0xEF], "Huawei"),
    ([0x48, 0x91, 0xD5], "Cisco"),
    ([0x48, 0x9B, 0xD5], "Extreme Networks"),
    ([0x48, 0x9D, 0x31], "Espressif"),
    ([0x48, 0x9D, 0xD1], "Samsung"),
    ([0x48, 0x9E, 0xBD], "HP"),
    ([0x48, 0x9E, 0xCB], "HP"),
    ([0x48, 0xA1, 0x70], "Cisco"),
    ([0x48, 0xA1, 0x95], "Apple"),
    ([0x48, 0xA3, 0xBD], "Texas Instruments"),
    ([0x48, 0xA4, 0x72], "Intel"),
    ([0x48, 0xA5, 0x16], "Huawei"),
    ([0x48, 0xA9, 0x1C], "Apple"),
    ([0x48, 0xAD, 0x08], "Huawei"),
    ([0x48, 0xAD, 0x9A], "Intel"),
    ([0x48, 0xB2, 0x5D], "Huawei"),
    ([0x48, 0xB4, 0xC3], "HP"),
    ([0x48, 0xB8, 0xA3], "Apple"),
    ([0x48, 0xBA, 0x4E], "HP"),
    ([0x48, 0xBC, 0xE1], "Samsung"),
    ([0x48, 0xBD, 0x4A], "Huawei"),
    ([0x48, 0xBF, 0x6B], "Apple"),
    ([0x48, 0xC3, 0x5A], "Lenovo"),
    ([0x48, 0xC3, 0x81], "TP-LINK"),
    ([0x48, 0xC7, 0x96], "Samsung"),
    ([0x48, 0xCA, 0x43], "Espressif"),
    ([0x48, 0xCA, 0x68], "Apple"),
    ([0x48, 0xCD, 0xD3], "Huawei"),
    ([0x48, 0xCF, 0xA9], "Huawei"),
    ([0x48, 0xD5, 0x39], "Huawei"),
    ([0x48, 0xD7, 0x05], "Apple"),
    ([0x48, 0xDB, 0x50], "Huawei"),
    ([0x48, 0xDC, 0x2D], "Huawei"),
    ([0x48, 0xDF, 0x37], "HP"),
    ([0x48, 0xE1, 0x50], "Intel"),
    ([0x48, 0xE1, 0x5C], "Apple"),
    ([0x48, 0xE1, 0xCA], "Apple"),
    ([0x48, 0xE7, 0x29], "Espressif"),
    ([0x48, 0xE9, 0xF1], "Apple"),
    ([0x48, 0xEA, 0x62], "HP"),
    ([0x48, 0xEB, 0x62], "Murata"),
    ([0x48, 0xEF, 0x1C], "Samsung"),
    ([0x48, 0xEF, 0x61], "Huawei"),
    ([0x48, 0xF1, 0x7F], "Intel"),
    ([0x48, 0xF6, 0xEE], "Espressif"),
    ([0x48, 0xF7, 0xBC], "Huawei"),
    ([0x48, 0xF8, 0xB3], "Cisco"),
    ([0x48, 0xF8, 0xDB], "Huawei"),
    ([0x48, 0xFC, 0x07], "Huawei"),
    ([0x48, 0xFD, 0x8E], "Huawei"),
    ([0x4C, 0x00, 0x82], "Cisco"),
    ([0x4C, 0x01, 0xF7], "Cisco"),
    ([0x4C, 0x03, 0x4F], "Intel"),
    ([0x4C, 0x0A, 0x4E], "Extreme Networks"),
    ([0x4C, 0x0B, 0xBE], "Microsoft"),
    ([0x4C, 0x0F, 0x3E], "Intel"),
    ([0x4C, 0x10, 0xD5], "TP-LINK"),
    ([0x4C, 0x11, 0xAE], "Espressif"),
    ([0x4C, 0x16, 0xFC], "Juniper Networks"),
    ([0x4C, 0x1D, 0x96], "Intel"),
    ([0x4C, 0x1F, 0xCC], "Huawei"),
    ([0x4C, 0x20, 0xB8], "Apple"),
    ([0x4C, 0x23, 0x1A], "Extreme Networks"),
    ([0x4C, 0x24, 0x98], "Texas Instruments"),
    ([0x4C, 0x2B, 0x3B], "Huawei"),
    ([0x4C, 0x2E, 0x5E], "Samsung"),
    ([0x4C, 0x2E, 0xB4], "Apple"),
    ([0x4C, 0x2F, 0xD7], "Huawei"),
    ([0x4C, 0x32, 0x75], "Apple"),
    ([0x4C, 0x34, 0x88], "Intel"),
    ([0x4C, 0x39, 0x46], "Samsung"),
    ([0x4C, 0x3B, 0xDF], "Microsoft"),
    ([0x4C, 0x3C, 0x16], "Samsung"),
    ([0x4C, 0x3F, 0xD3], "Texas Instruments"),
    ([0x4C, 0x42, 0x1E], "Cisco"),
    ([0x4C, 0x44, 0x5B], "Intel"),
    ([0x4C, 0x49, 0x6C], "Intel"),
    ([0x4C, 0x4A, 0xB4], "Juniper Networks"),
    ([0x4C, 0x4E, 0x35], "Cisco"),
    ([0x4C, 0x50, 0x77], "Huawei"),
    ([0x4C, 0x54, 0x99], "Huawei"),
    ([0x4C, 0x56, 0x9D], "Apple"),
    ([0x4C, 0x57, 0x39], "Samsung"),
    ([0x4C, 0x57, 0xCA], "Apple"),
    ([0x4C, 0x5D, 0x3C], "Cisco"),
    ([0x4C, 0x5D, 0x6A], "Apple"),
    ([0x4C, 0x5F, 0x70], "Intel"),
    ([0x4C, 0x60, 0xDE], "NETGEAR"),
    ([0x4C, 0x61, 0x7E], "Huawei"),
    ([0x4C, 0x63, 0xAD], "Huawei"),
    ([0x4C, 0x66, 0xA6], "Samsung"),
    ([0x4C, 0x6B, 0xE8], "Apple"),
    ([0x4C, 0x6D, 0x58], "Juniper Networks"),
    ([0x4C, 0x71, 0x0C], "Cisco"),
    ([0x4C, 0x71, 0x0D], "Cisco"),
    ([0x4C, 0x73, 0x4F], "Juniper Networks"),
    ([0x4C, 0x74, 0xBF], "Apple"),
    ([0x4C, 0x75, 0x25], "Espressif"),
    ([0x4C, 0x76, 0x25], "Dell"),
    ([0x4C, 0x77, 0x6D], "Cisco"),
    ([0x4C, 0x77, 0xCB], "Intel"),
    ([0x4C, 0x79, 0x6E], "Intel"),
    ([0x4C, 0x79, 0x75], "Apple"),
    ([0x4C, 0x79, 0xBA], "Intel"),
    ([0x4C, 0x7C, 0x5F], "Apple"),
    ([0x4C, 0x7C, 0xD9], "Apple"),
    ([0x4C, 0x80, 0x93], "Intel"),
    ([0x4C, 0x82, 0x0C], "Apple"),
    ([0x4C, 0x83, 0xDE], "Cisco"),
    ([0x4C, 0x88, 0x9E], "Huawei"),
    ([0x4C, 0x8B, 0xEF], "Huawei"),
    ([0x4C, 0x8D, 0x53], "Huawei"),
    ([0x4C, 0x8D, 0x79], "Apple"),
    ([0x4C, 0x96, 0x14], "Juniper Networks"),
    ([0x4C, 0x97, 0xCC], "Apple"),
    ([0x4C, 0x9F, 0xF1], "Apple"),
    ([0x4C, 0xA5, 0x6D], "Samsung"),
    ([0x4C, 0xA6, 0x4D], "Cisco"),
    ([0x4C, 0xA9, 0x54], "Intel"),
    ([0x4C, 0xAB, 0x4F], "Apple"),
    ([0x4C, 0xAD, 0x35], "Apple"),
    ([0x4C, 0xAE, 0x13], "Huawei"),
    ([0x4C, 0xAE, 0xA3], "HP"),
    ([0x4C, 0xB0, 0x4A], "Intel"),
    ([0x4C, 0xB0, 0x87], "Huawei"),
    ([0x4C, 0xB1, 0x6C], "Huawei"),
    ([0x4C, 0xB1, 0x99], "Apple"),
    ([0x4C, 0xB9, 0x10], "Apple"),
    ([0x4C, 0xBC, 0x48], "Cisco"),
    ([0x4C, 0xBC, 0xA5], "Samsung"),
    ([0x4C, 0xBC, 0xB4], "ABB"),
    ([0x4C, 0xC3, 0x82], "Espressif"),
    ([0x4C, 0xC5, 0xD9], "Dell"),
    ([0x4C, 0xC8, 0xA1], "Cisco"),
    ([0x4C, 0xC9, 0x5E], "Samsung"),
    ([0x4C, 0xCA, 0x95], "Huawei"),
    ([0x4C, 0xCD, 0xB6], "Apple"),
    ([0x4C, 0xCF, 0x7C], "HP"),
    ([0x4C, 0xD0, 0xCB], "Huawei"),
    ([0x4C, 0xD0, 0xDD], "Huawei"),
    ([0x4C, 0xD0, 0xF9], "Cisco"),
    ([0x4C, 0xD1, 0xA1], "Huawei"),
    ([0x4C, 0xD5, 0x46], "HP"),
    ([0x4C, 0xD5, 0x87], "HP"),
    ([0x4C, 0xD6, 0x29], "Huawei"),
    ([0x4C, 0xD7, 0x17], "Dell"),
    ([0x4C, 0xD9, 0x8F], "Dell"),
    ([0x4C, 0xDA, 0x38], "Texas Instruments"),
    ([0x4C, 0xDD, 0x31], "Samsung"),
    ([0x4C, 0xDE, 0x48], "Huawei"),
    ([0x4C, 0xE1, 0x75], "Cisco"),
    ([0x4C, 0xE1, 0x76], "Cisco"),
    ([0x4C, 0xE6, 0x50], "Apple"),
    ([0x4C, 0xE6, 0x5E], "Huawei"),
    ([0x4C, 0xE6, 0xC0], "Apple"),
    ([0x4C, 0xE7, 0x05], "Siemens"),
    ([0x4C, 0xEB, 0x42], "Intel"),
    ([0x4C, 0xEB, 0xB0], "Samsung"),
    ([0x4C, 0xEB, 0xD6], "Espressif"),
    ([0x4C, 0xEC, 0x0F], "Cisco"),
    ([0x4C, 0xEC, 0xEE], "Samsung"),
    ([0x4C, 0xED, 0xFB], "ASUS"),
    ([0x4C, 0xF4, 0x75], "Huawei"),
    ([0x4C, 0xF5, 0x5B], "Huawei"),
    ([0x4C, 0xF9, 0x5D], "Huawei"),
    ([0x4C, 0xFB, 0x45], "Huawei"),
    ([0x50, 0x00, 0x84], "Siemens"),
    ([0x50, 0x00, 0xE0], "Cisco"),
    ([0x50, 0x01, 0x6B], "Huawei"),
    ([0x50, 0x01, 0xBB], "Samsung"),
    ([0x50, 0x01, 0xD9], "Huawei"),
    ([0x50, 0x02, 0x91], "Espressif"),
    ([0x50, 0x04, 0xB8], "Huawei"),
    ([0x50, 0x06, 0x04], "Cisco"),
    ([0x50, 0x06, 0xAB], "Cisco"),
    ([0x50, 0x0A, 0x9C], "Extreme Networks"),
    ([0x50, 0x0B, 0x23], "Huawei"),
    ([0x50, 0x0B, 0x26], "Huawei"),
    ([0x50, 0x0B, 0x88], "Moxa"),
    ([0x50, 0x0F, 0x80], "Cisco"),
    ([0x50, 0x13, 0x1D], "Lenovo"),
    ([0x50, 0x14, 0xC1], "Huawei"),
    ([0x50, 0x16, 0xF4], "Lenovo"),
    ([0x50, 0x17, 0xFF], "Cisco"),
    ([0x50, 0x1A, 0xC5], "Microsoft"),
    ([0x50, 0x1C, 0xB0], "Cisco"),
    ([0x50, 0x1C, 0xBF], "Cisco"),
    ([0x50, 0x1D, 0x93], "Huawei"),
    ([0x50, 0x1F, 0xC6], "Apple"),
    ([0x50, 0x21, 0xEC], "Huawei"),
    ([0x50, 0x23, 0xA2], "Apple"),
    ([0x50, 0x26, 0xEF], "Murata"),
    ([0x50, 0x28, 0x4A], "Intel"),
    ([0x50, 0x28, 0x73], "Huawei"),
    ([0x50, 0x2D, 0xA2], "Intel"),
    ([0x50, 0x2F, 0x9B], "Intel"),
    ([0x50, 0x2F, 0xA8], "Cisco"),
    ([0x50, 0x2F, 0xBB], "Lenovo"),
    ([0x50, 0x31, 0xAD], "ABB"),
    ([0x50, 0x32, 0x37], "Apple"),
    ([0x50, 0x32, 0x75], "Samsung"),
    ([0x50, 0x33, 0x8B], "Texas Instruments"),
    ([0x50, 0x39, 0x55], "Cisco"),
    ([0x50, 0x3C, 0xC4], "Lenovo"),
    ([0x50, 0x3D, 0xA1], "Samsung"),
    ([0x50, 0x3D, 0xD1], "TP-LINK"),
    ([0x50, 0x3D, 0xE5], "Cisco"),
    ([0x50, 0x3E, 0xAA], "TP-LINK"),
    ([0x50, 0x3F, 0x50], "Huawei"),
    ([0x50, 0x41, 0x72], "Huawei"),
    ([0x50, 0x46, 0x4A], "Huawei"),
    ([0x50, 0x46, 0x5D], "ASUS"),
    ([0x50, 0x49, 0x21], "Cisco"),
    ([0x50, 0x49, 0xB0], "Samsung"),
    ([0x50, 0x4A, 0x6E], "NETGEAR"),
    ([0x50, 0x4B, 0x9E], "Huawei"),
    ([0x50, 0x50, 0xA4], "Samsung"),
    ([0x50, 0x51, 0xA9], "Texas Instruments"),
    ([0x50, 0x56, 0x63], "Texas Instruments"),
    ([0x50, 0x56, 0xBF], "Samsung"),
    ([0x50, 0x57, 0x8A], "Apple"),
    ([0x50, 0x57, 0xA8], "Cisco"),
    ([0x50, 0x58, 0x6F], "Huawei"),
    ([0x50, 0x5C, 0x88], "Cisco"),
    ([0x50, 0x5D, 0xAC], "Huawei"),
    ([0x50, 0x61, 0xBF], "Cisco"),
    ([0x50, 0x63, 0x82], "Huawei"),
    ([0x50, 0x63, 0x91], "Huawei"),
    ([0x50, 0x65, 0x83], "Texas Instruments"),
    ([0x50, 0x65, 0xF3], "HP"),
    ([0x50, 0x66, 0xE5], "Huawei"),
    ([0x50, 0x67, 0xAE], "Cisco"),
    ([0x50, 0x68, 0x0A], "Huawei"),
    ([0x50, 0x68, 0xAC], "Huawei"),
    ([0x50, 0x6A, 0x03], "NETGEAR"),
    ([0x50, 0x6F, 0x77], "Huawei"),
    ([0x50, 0x71, 0x64], "Cisco"),
    ([0x50, 0x72, 0x24], "Texas Instruments"),
    ([0x50, 0x76, 0xAF], "Intel"),
    ([0x50, 0x77, 0x05], "Samsung"),
    ([0x50, 0x78, 0x7D], "Espressif"),
    ([0x50, 0x78, 0xB0], "Huawei"),
    ([0x50, 0x7A, 0x55], "Apple"),
    ([0x50, 0x7A, 0xC5], "Apple"),
    ([0x50, 0x7C, 0x6F], "Intel"),
    ([0x50, 0x81, 0x40], "HP"),
    ([0x50, 0x82, 0xD5], "Apple"),
    ([0x50, 0x84, 0x92], "Intel"),
    ([0x50, 0x85, 0x69], "Samsung"),
    ([0x50, 0x87, 0x89], "Cisco"),
    ([0x50, 0x89, 0xD1], "Huawei"),
    ([0x50, 0x8A, 0x7F], "Huawei"),
    ([0x50, 0x8C, 0xB1], "Texas Instruments"),
    ([0x50, 0x8D, 0x62], "Huawei"),
    ([0x50, 0x8D, 0x9E], "Huawei"),
    ([0x50, 0x91, 0xE3], "TP-LINK"),
    ([0x50, 0x92, 0xB9], "Samsung"),
    ([0x50, 0x93, 0xCE], "Huawei"),
    ([0x50, 0x98, 0x93], "Texas Instruments"),
    ([0x50, 0x9A, 0x4C], "Dell"),
    ([0x50, 0x9A, 0x88], "Huawei"),
    ([0x50, 0x9E, 0xA7], "Samsung"),
    ([0x50, 0x9F, 0x27], "Huawei"),
    ([0x50, 0xA1, 0xF3], "Huawei"),
    ([0x50, 0xA4, 0xC8], "Samsung"),
    ([0x50, 0xA6, 0x7F], "Apple"),
    ([0x50, 0xA6, 0xD8], "Apple"),
    ([0x50, 0xA7, 0x2B], "Huawei"),
    ([0x50, 0xAC, 0xB9], "Huawei"),
    ([0x50, 0xB1, 0x27], "Apple"),
    ([0x50, 0xB7, 0xC3], "Samsung"),
    ([0x50, 0xBC, 0x96], "Apple"),
    ([0x50, 0xBD, 0x5F], "TP-LINK"),
    ([0x50, 0xC5, 0x8D], "Juniper Networks"),
    ([0x50, 0xC7, 0x09], "Juniper Networks"),
    ([0x50, 0xC7, 0xBF], "TP-LINK"),
    ([0x50, 0xC8, 0xE5], "Samsung"),
    ([0x50, 0xD4, 0xF7], "TP-LINK"),
    ([0x50, 0xDE, 0x06], "Apple"),
    ([0x50, 0xE0, 0x85], "Intel"),
    ([0x50, 0xE4, 0xE0], "HP"),
    ([0x50, 0xE5, 0x49], "Gigabyte"),
    ([0x50, 0xEA, 0xD6], "Apple"),
    ([0x50, 0xEB, 0x1A], "Brocade"),
    ([0x50, 0xEB, 0x71], "Intel"),
    ([0x50, 0xEB, 0xF6], "ASUS"),
    ([0x50, 0xED, 0x3C], "Apple"),
    ([0x50, 0xF0, 0xD3], "Samsung"),
    ([0x50, 0xF1, 0x4A], "Texas Instruments"),
    ([0x50, 0xF2, 0x65], "Apple"),
    ([0x50, 0xF3, 0x51], "Apple"),
    ([0x50, 0xF4, 0xEB], "Apple"),
    ([0x50, 0xF5, 0x20], "Samsung"),
    ([0x50, 0xF7, 0x22], "Cisco"),
    ([0x50, 0xF7, 0xED], "Huawei"),
    ([0x50, 0xF9, 0x58], "Huawei"),
    ([0x50, 0xFA, 0x84], "TP-LINK"),
    ([0x50, 0xFC, 0x9F], "Samsung"),
    ([0x54, 0x02, 0x95], "Huawei"),
    ([0x54, 0x04, 0xA6], "ASUS"),
    ([0x54, 0x07, 0x64], "Huawei"),
    ([0x54, 0x07, 0x7D], "NETGEAR"),
    ([0x54, 0x09, 0x10], "Apple"),
    ([0x54, 0x0D, 0xF9], "Huawei"),
    ([0x54, 0x10, 0x2E], "Huawei"),
    ([0x54, 0x10, 0x4F], "Samsung"),
    ([0x54, 0x12, 0xCB], "Huawei"),
    ([0x54, 0x13, 0x10], "Huawei"),
    ([0x54, 0x14, 0xF3], "Intel"),
    ([0x54, 0x1E, 0x56], "Juniper Networks"),
    ([0x54, 0x21, 0x1D], "Huawei"),
    ([0x54, 0x21, 0x9D], "Samsung"),
    ([0x54, 0x22, 0x59], "Huawei"),
    ([0x54, 0x25, 0xEA], "Huawei"),
    ([0x54, 0x26, 0x18], "Huawei"),
    ([0x54, 0x26, 0x96], "Apple"),
    ([0x54, 0x29, 0x06], "Apple"),
    ([0x54, 0x2A, 0x43], "Apple"),
    ([0x54, 0x2B, 0x8D], "Apple"),
    ([0x54, 0x2F, 0x2B], "Huawei"),
    ([0x54, 0x32, 0x04], "Espressif"),
    ([0x54, 0x32, 0xC7], "Apple"),
    ([0x54, 0x33, 0xCB], "Apple"),
    ([0x54, 0x34, 0xEF], "Huawei"),
    ([0x54, 0x36, 0x31], "Intel"),
    ([0x54, 0x39, 0xDF], "Huawei"),
    ([0x54, 0x3A, 0xD6], "Samsung"),
    ([0x54, 0x40, 0xAD], "Samsung"),
    ([0x54, 0x43, 0xB2], "Espressif"),
    ([0x54, 0x44, 0x3B], "Huawei"),
    ([0x54, 0x44, 0xA3], "Samsung"),
    ([0x54, 0x45, 0x38], "Texas Instruments"),
    ([0x54, 0x48, 0x10], "Dell"),
    ([0x54, 0x4A, 0x00], "Cisco"),
    ([0x54, 0x4A, 0x16], "Texas Instruments"),
    ([0x54, 0x4B, 0x8C], "Juniper Networks"),
    ([0x54, 0x4C, 0x8A], "Microsoft"),
    ([0x54, 0x4E, 0x90], "Apple"),
    ([0x54, 0x51, 0x1B], "Huawei"),
    ([0x54, 0x51, 0xDE], "Cisco"),
    ([0x54, 0x52, 0x84], "Huawei"),
    ([0x54, 0x55, 0xD5], "Huawei"),
    ([0x54, 0x56, 0x18], "Huawei"),
    ([0x54, 0x59, 0x25], "Huawei"),
    ([0x54, 0x5A, 0xA6], "Espressif"),
    ([0x54, 0x60, 0x6D], "Huawei"),
    ([0x54, 0x62, 0xE2], "Apple"),
    ([0x54, 0x69, 0x90], "Huawei"),
    ([0x54, 0x6C, 0x0E], "Texas Instruments"),
    ([0x54, 0x6C, 0xEB], "Intel"),
    ([0x54, 0x71, 0xDD], "Huawei"),
    ([0x54, 0x72, 0x4F], "Apple"),
    ([0x54, 0x73, 0x5A], "Huawei"),
    ([0x54, 0x75, 0x95], "TP-LINK"),
    ([0x54, 0x75, 0xD0], "Cisco"),
    ([0x54, 0x77, 0x8A], "HP"),
    ([0x54, 0x78, 0x1A], "Cisco"),
    ([0x54, 0x7C, 0x69], "Cisco"),
    ([0x54, 0x7D, 0xCD], "Texas Instruments"),
    ([0x54, 0x7F, 0xEE], "Cisco"),
    ([0x54, 0x80, 0x28], "HP"),
    ([0x54, 0x86, 0xBC], "Cisco"),
    ([0x54, 0x88, 0xDE], "Cisco"),
    ([0x54, 0x89, 0x98], "Huawei"),
    ([0x54, 0x8A, 0xBA], "Cisco"),
    ([0x54, 0x8D, 0x5A], "Intel"),
    ([0x54, 0x92, 0x09], "Huawei"),
    ([0x54, 0x92, 0xBE], "Samsung"),
    ([0x54, 0x99, 0x63], "Apple"),
    ([0x54, 0x9B, 0x12], "Samsung"),
    ([0x54, 0x9F, 0x13], "Apple"),
    ([0x54, 0x9F, 0x35], "Dell"),
    ([0x54, 0x9F, 0xC6], "Cisco"),
    ([0x54, 0xA0, 0x50], "ASUS"),
    ([0x54, 0xA2, 0x74], "Cisco"),
    ([0x54, 0xA5, 0x1B], "Huawei"),
    ([0x54, 0xA6, 0x37], "Huawei"),
    ([0x54, 0xA6, 0xDB], "Huawei"),
    ([0x54, 0xA7, 0x03], "TP-LINK"),
    ([0x54, 0xAE, 0x27], "Apple"),
    ([0x54, 0xAF, 0x97], "TP-LINK"),
    ([0x54, 0xB1, 0x21], "Huawei"),
    ([0x54, 0xB8, 0x02], "Samsung"),
    ([0x54, 0xB8, 0xDB], "Apple"),
    ([0x54, 0xBA, 0xD6], "Huawei"),
    ([0x54, 0xBD, 0x79], "Samsung"),
    ([0x54, 0xBF, 0x64], "Dell"),
    ([0x54, 0xC4, 0x80], "Huawei"),
    ([0x54, 0xC8, 0x0F], "TP-LINK"),
    ([0x54, 0xCF, 0x8D], "Huawei"),
    ([0x54, 0xD1, 0x7D], "Samsung"),
    ([0x54, 0xD4, 0x6F], "Cisco"),
    ([0x54, 0xD7, 0xE3], "HP"),
    ([0x54, 0xD9, 0xC6], "Huawei"),
    ([0x54, 0xDD, 0x21], "Huawei"),
    ([0x54, 0xDD, 0x4F], "Samsung"),
    ([0x54, 0xE0, 0x32], "Juniper Networks"),
    ([0x54, 0xE1, 0x5B], "Huawei"),
    ([0x54, 0xE4, 0x3A], "Apple"),
    ([0x54, 0xE4, 0xED], "Intel"),
    ([0x54, 0xE6, 0x1B], "Apple"),
    ([0x54, 0xE6, 0xFC], "TP-LINK"),
    ([0x54, 0xEA, 0xA8], "Apple"),
    ([0x54, 0xEB, 0xE9], "Apple"),
    ([0x54, 0xEF, 0x43], "Huawei"),
    ([0x54, 0xF0, 0xB1], "HP"),
    ([0x54, 0xF2, 0x01], "Samsung"),
    ([0x54, 0xF2, 0x94], "Huawei"),
    ([0x54, 0xF6, 0x07], "Huawei"),
    ([0x54, 0xF6, 0xE2], "Huawei"),
    ([0x54, 0xF8, 0x76], "ABB"),
    ([0x54, 0xFA, 0x3E], "Samsung"),
    ([0x54, 0xFC, 0xF0], "Samsung"),
    ([0x54, 0xFE, 0xEB], "Texas Instruments"),
    ([0x58, 0x00, 0xBB], "Juniper Networks"),
    ([0x58, 0x04, 0x4F], "TP-LINK"),
    ([0x58, 0x0A, 0x20], "Cisco"),
    ([0x58, 0x0A, 0xD4], "Apple"),
    ([0x58, 0x11, 0x22], "ASUS"),
    ([0x58, 0x1C, 0xF8], "Intel"),
    ([0x58, 0x1F, 0x28], "Huawei"),
    ([0x58, 0x1F, 0xAA], "Apple"),
    ([0x58, 0x20, 0x71], "Samsung"),
    ([0x58, 0x20, 0xB1], "HP"),
    ([0x58, 0x25, 0x75], "Huawei"),
    ([0x58, 0x2A, 0x93], "Apple"),
    ([0x58, 0x2A, 0xBD], "Espressif"),
    ([0x58, 0x2A, 0xF7], "Huawei"),
    ([0x58, 0x2B, 0x0A], "Texas Instruments"),
    ([0x58, 0x35, 0x5D], "Huawei"),
    ([0x58, 0x35, 0xD9], "Cisco"),
    ([0x58, 0x36, 0x53], "Apple"),
    ([0x58, 0x40, 0x4E], "Apple"),
    ([0x58, 0x41, 0x20], "TP-LINK"),
    ([0x58, 0x49, 0x3B], "Palo Alto Networks"),
    ([0x58, 0x52, 0x8A], "Mitsubishi Electric"),
    ([0x58, 0x55, 0x95], "Apple"),
    ([0x58, 0x55, 0xCA], "Apple"),
    ([0x58, 0x56, 0x9F], "Cisco"),
    ([0x58, 0x56, 0xAA], "Apple"),
    ([0x58, 0x56, 0xC2], "Huawei"),
    ([0x58, 0x57, 0x0D], "Danfoss"),
    ([0x58, 0x58, 0xCD], "Extreme Networks"),
    ([0x58, 0x59, 0xC2], "Extreme Networks"),
    ([0x58, 0x60, 0x5F], "Huawei"),
    ([0x58, 0x64, 0xC4], "Apple"),
    ([0x58, 0x66, 0x6D], "Apple"),
    ([0x58, 0x6B, 0x14], "Apple"),
    ([0x58, 0x6C, 0x25], "Intel"),
    ([0x58, 0x6D, 0x67], "Intel"),
    ([0x58, 0x6D, 0x8F], "Cisco"),
    ([0x58, 0x73, 0xD1], "Huawei"),
    ([0x58, 0x73, 0xD8], "Apple"),
    ([0x58, 0x76, 0x9C], "Palo Alto Networks"),
    ([0x58, 0x79, 0x61], "Microsoft"),
    ([0x58, 0x79, 0xE0], "Samsung"),
    ([0x58, 0x7A, 0x62], "Texas Instruments"),
    ([0x58, 0x7F, 0x57], "Apple"),
    ([0x58, 0x7F, 0x66], "Huawei"),
    ([0x58, 0x82, 0xA8], "Microsoft"),
    ([0x58, 0x83, 0x36], "Huawei"),
    ([0x58, 0x86, 0x70], "Juniper Networks"),
    ([0x58, 0x87, 0x9F], "Huawei"),
    ([0x58, 0x8A, 0x5A], "Dell"),
    ([0x58, 0x8B, 0x1C], "Cisco"),
    ([0x58, 0x8C, 0x81], "Espressif"),
    ([0x58, 0x8D, 0x09], "Cisco"),
    ([0x58, 0x8D, 0x39], "Mitsubishi Electric"),
    ([0x58, 0x91, 0xCF], "Intel"),
    ([0x58, 0x93, 0x51], "Huawei"),
    ([0x58, 0x93, 0xD8], "Texas Instruments"),
    ([0x58, 0x93, 0xE8], "Apple"),
    ([0x58, 0x94, 0x6B], "Intel"),
    ([0x58, 0x94, 0xAE], "Huawei"),
    ([0x58, 0x95, 0x7E], "Huawei"),
    ([0x58, 0x96, 0x1D], "Intel"),
    ([0x58, 0x97, 0x1E], "Cisco"),
    ([0x58, 0x97, 0xBD], "Cisco"),
    ([0x58, 0xA0, 0x23], "Intel"),
    ([0x58, 0xA1, 0x5F], "Texas Instruments"),
    ([0x58, 0xA6, 0x39], "Samsung"),
    ([0x58, 0xA8, 0x39], "Intel"),
    ([0x58, 0xAC, 0x78], "Cisco"),
    ([0x58, 0xAD, 0x12], "Apple"),
    ([0x58, 0xAE, 0x2B], "Huawei"),
    ([0x58, 0xAE, 0xA8], "Huawei"),
    ([0x58, 0xB0, 0x35], "Apple"),
    ([0x58, 0xB1, 0x0F], "Samsung"),
    ([0x58, 0xB1, 0x8F], "Huawei"),
    ([0x58, 0xB9, 0x65], "Apple"),
    ([0x58, 0xBA, 0xD4], "Huawei"),
    ([0x58, 0xBC, 0x27], "Cisco"),
    ([0x58, 0xBE, 0x72], "Huawei"),
    ([0x58, 0xBF, 0x25], "Espressif"),
    ([0x58, 0xBF, 0xEA], "Cisco"),
    ([0x58, 0xC3, 0x8B], "Samsung"),
    ([0x58, 0xC5, 0xCB], "Samsung"),
    ([0x58, 0xCE, 0x2A], "Intel"),
    ([0x58, 0xCF, 0x79], "Espressif"),
    ([0x58, 0xD0, 0x61], "Huawei"),
    ([0x58, 0xD1, 0x5A], "Texas Instruments"),
    ([0x58, 0xD3, 0x49], "Apple"),
    ([0x58, 0xD5, 0x0A], "Murata"),
    ([0x58, 0xD6, 0x1F], "Ubiquiti"),
    ([0x58, 0xD7, 0x59], "Huawei"),
    ([0x58, 0xD8, 0x12], "TP-LINK"),
    ([0x58, 0xD9, 0xC3], "Lenovo"),
    ([0x58, 0xDF, 0x59], "Cisco"),
    ([0x58, 0xE2, 0x8F], "Apple"),
    ([0x58, 0xE4, 0x34], "Juniper Networks"),
    ([0x58, 0xE6, 0xBA], "Apple"),
    ([0x58, 0xE6, 0xC5], "Espressif"),
    ([0x58, 0xF2, 0xFC], "Huawei"),
    ([0x58, 0xF3, 0x9C], "Cisco"),
    ([0x58, 0xF8, 0xD7], "Huawei"),
    ([0x58, 0xF9, 0x87], "Huawei"),
    ([0x58, 0xFB, 0x3E], "Huawei"),
    ([0x58, 0xFB, 0x84], "Intel"),
    ([0x58, 0xFC, 0xC8], "Honeywell"),
    ([0x5C, 0x01, 0x3B], "Espressif"),
    ([0x5C, 0x03, 0x39], "Huawei"),
    ([0x5C, 0x06, 0x10], "Cisco"),
    ([0x5C, 0x07, 0xA6], "Huawei"),
    ([0x5C, 0x09, 0x47], "Apple"),
    ([0x5C, 0x09, 0x79], "Huawei"),
    ([0x5C, 0x0B, 0x3B], "Huawei"),
    ([0x5C, 0x0E, 0x8B], "Extreme Networks"),
    ([0x5C, 0x10, 0xC5], "Samsung"),
    ([0x5C, 0x13, 0xAC], "Apple"),
    ([0x5C, 0x13, 0xCC], "Apple"),
    ([0x5C, 0x16, 0x7D], "Huawei"),
    ([0x5C, 0x17, 0x20], "Huawei"),
    ([0x5C, 0x1B, 0xF4], "Apple"),
    ([0x5C, 0x1D, 0xD9], "Apple"),
    ([0x5C, 0x21, 0x67], "Rockwell/Allen-Bradley"),
    ([0x5C, 0x26, 0x0A], "Dell"),
    ([0x5C, 0x2E, 0x59], "Samsung"),
    ([0x5C, 0x31, 0x3E], "Texas Instruments"),
    ([0x5C, 0x31, 0x92], "Cisco"),
    ([0x5C, 0x39, 0x77], "Juniper Networks"),
    ([0x5C, 0x3C, 0x27], "Samsung"),
    ([0x5C, 0x3E, 0x06], "Cisco"),
    ([0x5C, 0x3E, 0x1B], "Apple"),
    ([0x5C, 0x45, 0x27], "Juniper Networks"),
    ([0x5C, 0x48, 0x79], "Huawei"),
    ([0x5C, 0x49, 0x7D], "Samsung"),
    ([0x5C, 0x4C, 0xA9], "Huawei"),
    ([0x5C, 0x50, 0x15], "Cisco"),
    ([0x5C, 0x50, 0xD9], "Apple"),
    ([0x5C, 0x51, 0x36], "Samsung"),
    ([0x5C, 0x51, 0x4F], "Intel"),
    ([0x5C, 0x51, 0x81], "Samsung"),
    ([0x5C, 0x51, 0x88], "Lenovo"),
    ([0x5C, 0x52, 0x30], "Apple"),
    ([0x5C, 0x52, 0x84], "Apple"),
    ([0x5C, 0x54, 0x6D], "Huawei"),
    ([0x5C, 0x58, 0xE6], "Palo Alto Networks"),
    ([0x5C, 0x59, 0x48], "Apple"),
    ([0x5C, 0x5A, 0xC7], "Cisco"),
    ([0x5C, 0x5E, 0x0A], "Samsung"),
    ([0x5C, 0x5E, 0xAB], "Juniper Networks"),
    ([0x5C, 0x5E, 0xBB], "Huawei"),
    ([0x5C, 0x5F, 0x67], "Intel"),
    ([0x5C, 0x60, 0xBA], "HP"),
    ([0x5C, 0x61, 0x17], "Huawei"),
    ([0x5C, 0x62, 0x8B], "TP-LINK"),
    ([0x5C, 0x63, 0xB0], "Fortinet"),
    ([0x5C, 0x63, 0xBF], "TP-LINK"),
    ([0x5C, 0x64, 0x7A], "Huawei"),
    ([0x5C, 0x64, 0xF1], "Cisco"),
    ([0x5C, 0x67, 0x83], "Intel"),
    ([0x5C, 0x6B, 0x32], "Texas Instruments"),
    ([0x5C, 0x6F, 0x69], "Broadcom"),
    ([0x5C, 0x70, 0x17], "Apple"),
    ([0x5C, 0x70, 0x75], "Huawei"),
    ([0x5C, 0x71, 0x0D], "Cisco"),
    ([0x5C, 0x78, 0xF8], "Huawei"),
    ([0x5C, 0x7D, 0x5E], "Huawei"),
    ([0x5C, 0x80, 0xB6], "Intel"),
    ([0x5C, 0x83, 0x8F], "Cisco"),
    ([0x5C, 0x85, 0x05], "Huawei"),
    ([0x5C, 0x86, 0x5C], "Samsung"),
    ([0x5C, 0x87, 0x30], "Apple"),
    ([0x5C, 0x87, 0x9C], "Intel"),
    ([0x5C, 0x88, 0x16], "Rockwell/Allen-Bradley"),
    ([0x5C, 0x89, 0x9A], "TP-LINK"),
    ([0x5C, 0x8A, 0x38], "HP"),
    ([0x5C, 0x8D, 0x4E], "Apple"),
    ([0x5C, 0x91, 0x57], "Huawei"),
    ([0x5C, 0x91, 0x75], "Apple"),
    ([0x5C, 0x95, 0xAE], "Apple"),
    ([0x5C, 0x96, 0x9D], "Apple"),
    ([0x5C, 0x97, 0xF3], "Apple"),
    ([0x5C, 0x99, 0x60], "Samsung"),
    ([0x5C, 0x99, 0x77], "Apple"),
    ([0x5C, 0x9A, 0xA1], "Huawei"),
    ([0x5C, 0x9B, 0xA6], "Apple"),
    ([0x5C, 0xA4, 0x7D], "HP"),
    ([0x5C, 0xA4, 0x8A], "Cisco"),
    ([0x5C, 0xA6, 0x2D], "Cisco"),
    ([0x5C, 0xA6, 0x4F], "TP-LINK"),
    ([0x5C, 0xA6, 0xE6], "TP-LINK"),
    ([0x5C, 0xA8, 0x6A], "Huawei"),
    ([0x5C, 0xAC, 0x3D], "Samsung"),
    ([0x5C, 0xAD, 0xBA], "Apple"),
    ([0x5C, 0xAD, 0xCF], "Apple"),
    ([0x5C, 0xB0, 0x0A], "Huawei"),
    ([0x5C, 0xB1, 0x2E], "Cisco"),
    ([0x5C, 0xB2, 0x6D], "Intel"),
    ([0x5C, 0xB3, 0x95], "Huawei"),
    ([0x5C, 0xB4, 0x3E], "Huawei"),
    ([0x5C, 0xB4, 0x7E], "Intel"),
    ([0x5C, 0xB9, 0x01], "HP"),
    ([0x5C, 0xBA, 0x2C], "HP"),
    ([0x5C, 0xBA, 0x37], "Microsoft"),
    ([0x5C, 0xBD, 0x9A], "Huawei"),
    ([0x5C, 0xC0, 0xA0], "Huawei"),
    ([0x5C, 0xC1, 0xD7], "Samsung"),
    ([0x5C, 0xC1, 0xF2], "Huawei"),
    ([0x5C, 0xC3, 0x07], "Huawei"),
    ([0x5C, 0xC5, 0xD4], "Intel"),
    ([0x5C, 0xC7, 0x87], "Huawei"),
    ([0x5C, 0xCA, 0x1A], "Microsoft"),
    ([0x5C, 0xCB, 0x99], "Samsung"),
    ([0x5C, 0xCD, 0x5B], "Intel"),
    ([0x5C, 0xCF, 0x7F], "Espressif"),
    ([0x5C, 0xD2, 0xE4], "Intel"),
    ([0x5C, 0xD3, 0x3D], "Samsung"),
    ([0x5C, 0xD8, 0x9E], "Huawei"),
    ([0x5C, 0xDA, 0xD4], "Murata"),
    ([0x5C, 0xDC, 0x49], "Samsung"),
    ([0x5C, 0xE0, 0xC5], "Intel"),
    ([0x5C, 0xE1, 0x76], "Cisco"),
    ([0x5C, 0xE4, 0x2A], "Intel"),
    ([0x5C, 0xE7, 0x47], "Huawei"),
    ([0x5C, 0xE8, 0x83], "Huawei"),
    ([0x5C, 0xE8, 0xEB], "Samsung"),
    ([0x5C, 0xE9, 0x1E], "Apple"),
    ([0x5C, 0xE9, 0x31], "TP-LINK"),
    ([0x5C, 0xED, 0x8C], "HP"),
    ([0x5C, 0xED, 0xF4], "Samsung"),
    ([0x5C, 0xF5, 0xDA], "Apple"),
    ([0x5C, 0xF6, 0xDC], "Samsung"),
    ([0x5C, 0xF7, 0xE6], "Apple"),
    ([0x5C, 0xF8, 0x21], "Texas Instruments"),
    ([0x5C, 0xF8, 0xA1], "Murata"),
    ([0x5C, 0xF9, 0x38], "Apple"),
    ([0x5C, 0xF9, 0x6A], "Huawei"),
    ([0x5C, 0xF9, 0xDD], "Dell"),
    ([0x5C, 0xFC, 0x66], "Cisco"),
    ([0x60, 0x01, 0x94], "Espressif"),
    ([0x60, 0x01, 0xB1], "Huawei"),
    ([0x60, 0x03, 0x08], "Apple"),
    ([0x60, 0x06, 0xE3], "Apple"),
    ([0x60, 0x08, 0x10], "Huawei"),
    ([0x60, 0x0F, 0x6B], "Apple"),
    ([0x60, 0x10, 0x9E], "Huawei"),
    ([0x60, 0x12, 0x3C], "Huawei"),
    ([0x60, 0x15, 0x2B], "Palo Alto Networks"),
    ([0x60, 0x15, 0x6F], "TP-LINK"),
    ([0x60, 0x18, 0x3A], "Huawei"),
    ([0x60, 0x18, 0x95], "Dell"),
    ([0x60, 0x1D, 0x56], "Extreme Networks"),
    ([0x60, 0x1D, 0x91], "Lenovo"),
    ([0x60, 0x21, 0xC0], "Murata"),
    ([0x60, 0x22, 0x32], "Ubiquiti"),
    ([0x60, 0x25, 0xED], "HP"),
    ([0x60, 0x26, 0x02], "Texas Instruments"),
    ([0x60, 0x26, 0xAA], "Cisco"),
    ([0x60, 0x26, 0xEF], "HP"),
    ([0x60, 0x29, 0x2B], "TP-LINK"),
    ([0x60, 0x2A, 0xD0], "Cisco"),
    ([0x60, 0x2D, 0x74], "Extreme Networks"),
    ([0x60, 0x2E, 0x20], "Huawei"),
    ([0x60, 0x30, 0xB3], "Huawei"),
    ([0x60, 0x30, 0xD4], "Apple"),
    ([0x60, 0x32, 0xB1], "TP-LINK"),
    ([0x60, 0x33, 0x4B], "Apple"),
    ([0x60, 0x36, 0xDD], "Intel"),
    ([0x60, 0x39, 0x1F], "ABB"),
    ([0x60, 0x3A, 0x7C], "TP-LINK"),
    ([0x60, 0x3A, 0xAF], "Samsung"),
    ([0x60, 0x3D, 0x29], "Huawei"),
    ([0x60, 0x3E, 0x5F], "Apple"),
    ([0x60, 0x45, 0x2E], "Intel"),
    ([0x60, 0x45, 0xBD], "Microsoft"),
    ([0x60, 0x45, 0xCB], "ASUS"),
    ([0x60, 0x4D, 0xE1], "Huawei"),
    ([0x60, 0x4F, 0x5B], "Huawei"),
    ([0x60, 0x53, 0x55], "Huawei"),
    ([0x60, 0x53, 0x75], "Huawei"),
    ([0x60, 0x55, 0xF9], "Espressif"),
    ([0x60, 0x56, 0xB1], "Huawei"),
    ([0x60, 0x57, 0x18], "Intel"),
    ([0x60, 0x57, 0xC8], "Apple"),
    ([0x60, 0x5B, 0x30], "Dell"),
    ([0x60, 0x5E, 0x4F], "Huawei"),
    ([0x60, 0x5F, 0xAA], "Huawei"),
    ([0x60, 0x64, 0x05], "Texas Instruments"),
    ([0x60, 0x65, 0x25], "Apple"),
    ([0x60, 0x67, 0x20], "Intel"),
    ([0x60, 0x68, 0x4E], "Samsung"),
    ([0x60, 0x69, 0x44], "Apple"),
    ([0x60, 0x6B, 0xBD], "Samsung"),
    ([0x60, 0x6C, 0x66], "Intel"),
    ([0x60, 0x70, 0xC0], "Apple"),
    ([0x60, 0x73, 0x5C], "Cisco"),
    ([0x60, 0x77, 0x71], "Texas Instruments"),
    ([0x60, 0x77, 0xE2], "Samsung"),
    ([0x60, 0x7E, 0xC9], "Apple"),
    ([0x60, 0x7E, 0xCD], "Huawei"),
    ([0x60, 0x7E, 0xDD], "Microsoft"),
    ([0x60, 0x7F, 0xCB], "Samsung"),
    ([0x60, 0x81, 0x10], "Apple"),
    ([0x60, 0x82, 0x46], "Apple"),
    ([0x60, 0x83, 0x06], "Huawei"),
    ([0x60, 0x83, 0x34], "Huawei"),
    ([0x60, 0x83, 0x73], "Apple"),
    ([0x60, 0x83, 0xE7], "TP-LINK"),
    ([0x60, 0x8B, 0x0E], "Apple"),
    ([0x60, 0x8C, 0x4A], "Apple"),
    ([0x60, 0x8E, 0x08], "Samsung"),
    ([0x60, 0x8F, 0x5C], "Samsung"),
    ([0x60, 0x92, 0x17], "Apple"),
    ([0x60, 0x93, 0x16], "Apple"),
    ([0x60, 0x95, 0x78], "Samsung"),
    ([0x60, 0x95, 0xBD], "Apple"),
    ([0x60, 0x96, 0xA4], "Huawei"),
    ([0x60, 0x98, 0x66], "Texas Instruments"),
    ([0x60, 0x99, 0xD1], "Lenovo"),
    ([0x60, 0x9A, 0xC1], "Apple"),
    ([0x60, 0x9B, 0xB4], "Huawei"),
    ([0x60, 0x9C, 0x9F], "Brocade"),
    ([0x60, 0xA1, 0x0A], "Samsung"),
    ([0x60, 0xA2, 0xC6], "Huawei"),
    ([0x60, 0xA3, 0x7D], "Apple"),
    ([0x60, 0xA3, 0xE3], "TP-LINK"),
    ([0x60, 0xA4, 0x4C], "ASUS"),
    ([0x60, 0xA4, 0xB7], "TP-LINK"),
    ([0x60, 0xA4, 0xD0], "Samsung"),
    ([0x60, 0xA5, 0xE2], "Intel"),
    ([0x60, 0xA6, 0xC5], "Huawei"),
    ([0x60, 0xA7, 0x51], "Huawei"),
    ([0x60, 0xA9, 0x54], "Cisco"),
    ([0x60, 0xAA, 0xEF], "Huawei"),
    ([0x60, 0xAF, 0x6D], "Samsung"),
    ([0x60, 0xB0, 0xE8], "Huawei"),
    ([0x60, 0xB4, 0xA2], "Samsung"),
    ([0x60, 0xB6, 0xE1], "Texas Instruments"),
    ([0x60, 0xB9, 0xC0], "Cisco"),
    ([0x60, 0xBD, 0x83], "Huawei"),
    ([0x60, 0xBE, 0xB5], "Lenovo"),
    ([0x60, 0xBE, 0xC4], "Apple"),
    ([0x60, 0xC5, 0x47], "Apple"),
    ([0x60, 0xC5, 0xAD], "Samsung"),
    ([0x60, 0xC7, 0x8D], "Juniper Networks"),
    ([0x60, 0xCE, 0x41], "Huawei"),
    ([0x60, 0xCF, 0x84], "ASUS"),
    ([0x60, 0xD0, 0x39], "Apple"),
    ([0x60, 0xD0, 0xA9], "Samsung"),
    ([0x60, 0xD7, 0x55], "Huawei"),
    ([0x60, 0xD9, 0xA0], "Lenovo"),
    ([0x60, 0xD9, 0xC7], "Apple"),
    ([0x60, 0xDD, 0x70], "Apple"),
    ([0x60, 0xDD, 0x8E], "Intel"),
    ([0x60, 0xDE, 0x18], "Apple"),
    ([0x60, 0xDE, 0x44], "Huawei"),
    ([0x60, 0xDE, 0x94], "Huawei"),
    ([0x60, 0xDE, 0xF3], "Huawei"),
    ([0x60, 0xE3, 0x27], "TP-LINK"),
    ([0x60, 0xE3, 0x2B], "Intel"),
    ([0x60, 0xE7, 0x01], "Huawei"),
    ([0x60, 0xE8, 0x5B], "Texas Instruments"),
    ([0x60, 0xF1, 0x89], "Murata"),
    ([0x60, 0xF1, 0x8A], "Huawei"),
    ([0x60, 0xF2, 0x62], "Intel"),
    ([0x60, 0xF4, 0x45], "Apple"),
    ([0x60, 0xF5, 0x49], "Apple"),
    ([0x60, 0xF6, 0x77], "Intel"),
    ([0x60, 0xF8, 0x1D], "Apple"),
    ([0x60, 0xFA, 0x9D], "Huawei"),
    ([0x60, 0xFA, 0xCD], "Apple"),
    ([0x60, 0xFB, 0x42], "Apple"),
    ([0x60, 0xFD, 0xA6], "Apple"),
    ([0x60, 0xFE, 0xC5], "Apple"),
    ([0x60, 0xFF, 0x12], "Samsung"),
    ([0x64, 0x00, 0x6A], "Dell"),
    ([0x64, 0x00, 0xF1], "Cisco"),
    ([0x64, 0x03, 0x7F], "Samsung"),
    ([0x64, 0x07, 0x8C], "Huawei"),
    ([0x64, 0x07, 0xF6], "Samsung"),
    ([0x64, 0x08, 0x64], "Cisco"),
    ([0x64, 0x0B, 0xD7], "Apple"),
    ([0x64, 0x0C, 0x91], "Apple"),
    ([0x64, 0x11, 0xA4], "Lenovo"),
    ([0x64, 0x12, 0x25], "Cisco"),
    ([0x64, 0x13, 0xAB], "Huawei"),
    ([0x64, 0x16, 0x8D], "Cisco"),
    ([0x64, 0x16, 0xF0], "Huawei"),
    ([0x64, 0x17, 0xCD], "Samsung"),
    ([0x64, 0x1B, 0x2F], "Samsung"),
    ([0x64, 0x1C, 0x10], "Texas Instruments"),
    ([0x64, 0x1C, 0xAE], "Samsung"),
    ([0x64, 0x1C, 0xB0], "Samsung"),
    ([0x64, 0x20, 0x0C], "Apple"),
    ([0x64, 0x23, 0x15], "Huawei"),
    ([0x64, 0x27, 0x53], "Huawei"),
    ([0x64, 0x29, 0xFF], "Huawei"),
    ([0x64, 0x2C, 0xAC], "Huawei"),
    ([0x64, 0x2E, 0x41], "Huawei"),
    ([0x64, 0x2F, 0x1C], "Huawei"),
    ([0x64, 0x31, 0x35], "Apple"),
    ([0x64, 0x31, 0x50], "HP"),
    ([0x64, 0x32, 0xA8], "Intel"),
    ([0x64, 0x33, 0xDB], "Texas Instruments"),
    ([0x64, 0x3A, 0xEA], "Cisco"),
    ([0x64, 0x3E, 0x0A], "Huawei"),
    ([0x64, 0x3E, 0x8C], "Huawei"),
    ([0x64, 0x41, 0xE6], "Apple"),
    ([0x64, 0x48, 0x42], "Apple"),
    ([0x64, 0x49, 0x7D], "Intel"),
    ([0x64, 0x4A, 0x7D], "Intel"),
    ([0x64, 0x4C, 0x36], "Intel"),
    ([0x64, 0x4E, 0xD7], "HP"),
    ([0x64, 0x51, 0x06], "HP"),
    ([0x64, 0x51, 0xF4], "Huawei"),
    ([0x64, 0x53, 0xE0], "Huawei"),
    ([0x64, 0x56, 0x01], "TP-LINK"),
    ([0x64, 0x57, 0xBA], "Intel"),
    ([0x64, 0x5A, 0x36], "Apple"),
    ([0x64, 0x5A, 0xED], "Apple"),
    ([0x64, 0x5D, 0x86], "Intel"),
    ([0x64, 0x5D, 0xF4], "Samsung"),
    ([0x64, 0x5E, 0x10], "Huawei"),
    ([0x64, 0x60, 0x38], "Hirschmann"),
    ([0x64, 0x61, 0x40], "Huawei"),
    ([0x64, 0x64, 0x9B], "Juniper Networks"),
    ([0x64, 0x66, 0xB3], "TP-LINK"),
    ([0x64, 0x66, 0xD8], "Samsung"),
    ([0x64, 0x67, 0xCD], "Huawei"),
    ([0x64, 0x69, 0x4E], "Texas Instruments"),
    ([0x64, 0x6C, 0xB2], "Samsung"),
    ([0x64, 0x6D, 0x2F], "Apple"),
    ([0x64, 0x6D, 0x4E], "Huawei"),
    ([0x64, 0x6D, 0x6C], "Huawei"),
    ([0x64, 0x6E, 0x97], "TP-LINK"),
    ([0x64, 0x6E, 0xE0], "Intel"),
    ([0x64, 0x70, 0x02], "TP-LINK"),
    ([0x64, 0x70, 0x33], "Apple"),
    ([0x64, 0x70, 0x60], "Texas Instruments"),
    ([0x64, 0x76, 0xBA], "Apple"),
    ([0x64, 0x77, 0x91], "Samsung"),
    ([0x64, 0x79, 0x24], "Huawei"),
    ([0x64, 0x79, 0xF0], "Intel"),
    ([0x64, 0x7B, 0xCE], "Samsung"),
    ([0x64, 0x7B, 0xD4], "Texas Instruments"),
    ([0x64, 0x7C, 0xE8], "Palo Alto Networks"),
    ([0x64, 0x80, 0x99], "Intel"),
    ([0x64, 0x87, 0x88], "Juniper Networks"),
    ([0x64, 0x89, 0xF1], "Samsung"),
    ([0x64, 0x8C, 0xBB], "Texas Instruments"),
    ([0x64, 0x8F, 0x3E], "Cisco"),
    ([0x64, 0x9A, 0xBE], "Apple"),
    ([0x64, 0x9B, 0x8F], "Texas Instruments"),
    ([0x64, 0x9C, 0x81], "Qualcomm"),
    ([0x64, 0x9C, 0x8E], "Texas Instruments"),
    ([0x64, 0x9E, 0xF3], "Cisco"),
    ([0x64, 0xA0, 0xE7], "Cisco"),
    ([0x64, 0xA1, 0x98], "Huawei"),
    ([0x64, 0xA2, 0x8A], "Huawei"),
    ([0x64, 0xA3, 0xCB], "Apple"),
    ([0x64, 0xA5, 0xC3], "Apple"),
    ([0x64, 0xA6, 0x51], "Huawei"),
    ([0x64, 0xAC, 0x2B], "Juniper Networks"),
    ([0x64, 0xAC, 0xE0], "Samsung"),
    ([0x64, 0xAE, 0x0C], "Cisco"),
    ([0x64, 0xB0, 0xA6], "Apple"),
    ([0x64, 0xB0, 0xE8], "Huawei"),
    ([0x64, 0xB3, 0x10], "Samsung"),
    ([0x64, 0xB5, 0xF2], "Samsung"),
    ([0x64, 0xB7, 0x08], "Espressif"),
    ([0x64, 0xB8, 0x53], "Samsung"),
    ([0x64, 0xB9, 0x4E], "Dell"),
    ([0x64, 0xB9, 0xE8], "Apple"),
    ([0x64, 0xBC, 0x43], "Huawei"),
    ([0x64, 0xBC, 0x58], "Intel"),
    ([0x64, 0xBD, 0x6D], "Apple"),
    ([0x64, 0xBF, 0x6B], "Huawei"),
    ([0x64, 0xC3, 0x94], "Huawei"),
    ([0x64, 0xC3, 0xD6], "Juniper Networks"),
    ([0x64, 0xC7, 0x53], "Apple"),
    ([0x64, 0xC9, 0x05], "Apple"),
    ([0x64, 0xCF, 0xD9], "Texas Instruments"),
    ([0x64, 0xD0, 0xD6], "Samsung"),
    ([0x64, 0xD2, 0xC4], "Apple"),
    ([0x64, 0xD4, 0xDA], "Intel"),
    ([0x64, 0xD5, 0x62], "Huawei"),
    ([0x64, 0xD6, 0x9A], "Intel"),
    ([0x64, 0xD7, 0xC0], "Huawei"),
    ([0x64, 0xD8, 0x14], "Cisco"),
    ([0x64, 0xD9, 0x89], "Cisco"),
    ([0x64, 0xDE, 0x6D], "Intel"),
    ([0x64, 0xE6, 0x82], "Apple"),
    ([0x64, 0xE7, 0xD8], "Samsung"),
    ([0x64, 0xE8, 0x33], "Espressif"),
    ([0x64, 0xE8, 0x81], "HP"),
    ([0x64, 0xE9, 0x50], "Cisco"),
    ([0x64, 0xF6, 0x9D], "Cisco"),
    ([0x64, 0xF7, 0x05], "Huawei"),
    ([0x64, 0xF8, 0x1C], "Huawei"),
    ([0x68, 0x04, 0x89], "Cisco"),
    ([0x68, 0x05, 0x71], "Samsung"),
    ([0x68, 0x05, 0xCA], "Intel"),
    ([0x68, 0x07, 0x15], "Intel"),
    ([0x68, 0x09, 0x27], "Apple"),
    ([0x68, 0x09, 0x47], "Espressif"),
    ([0x68, 0x13, 0x24], "Huawei"),
    ([0x68, 0x17, 0x29], "Intel"),
    ([0x68, 0x1A, 0x47], "Apple"),
    ([0x68, 0x1B, 0xEF], "Huawei"),
    ([0x68, 0x1D, 0x4C], "Kontron"),
    ([0x68, 0x1F, 0xD8], "Siemens"),
    ([0x68, 0x22, 0x8E], "Juniper Networks"),
    ([0x68, 0x22, 0xE5], "Huawei"),
    ([0x68, 0x23, 0xB0], "Texas Instruments"),
    ([0x68, 0x25, 0xDD], "Espressif"),
    ([0x68, 0x27, 0x37], "Samsung"),
    ([0x68, 0x28, 0xCF], "HP"),
    ([0x68, 0x2C, 0x7B], "Cisco"),
    ([0x68, 0x2F, 0x67], "Apple"),
    ([0x68, 0x30, 0x36], "Apple"),
    ([0x68, 0x30, 0x45], "Huawei"),
    ([0x68, 0x34, 0x21], "Intel"),
    ([0x68, 0x3A, 0x1E], "Cisco"),
    ([0x68, 0x3B, 0x78], "Cisco"),
    ([0x68, 0x3E, 0x02], "Siemens"),
    ([0x68, 0x3E, 0x26], "Intel"),
    ([0x68, 0x3E, 0xC0], "Apple"),
    ([0x68, 0x44, 0x06], "Texas Instruments"),
    ([0x68, 0x44, 0x65], "Apple"),
    ([0x68, 0x45, 0x71], "Huawei"),
    ([0x68, 0x45, 0xCC], "Apple"),
    ([0x68, 0x47, 0x49], "Texas Instruments"),
    ([0x68, 0x48, 0x98], "Samsung"),
    ([0x68, 0x49, 0x83], "Huawei"),
    ([0x68, 0x49, 0x92], "Cisco"),
    ([0x68, 0x4A, 0x5F], "Apple"),
    ([0x68, 0x4A, 0xAE], "Huawei"),
    ([0x68, 0x4A, 0xE9], "Samsung"),
    ([0x68, 0x4C, 0x25], "Huawei"),
    ([0x68, 0x4F, 0x64], "Dell"),
    ([0x68, 0x51, 0x34], "HP"),
    ([0x68, 0x54, 0x5A], "Intel"),
    ([0x68, 0x5A, 0xCF], "Samsung"),
    ([0x68, 0x5B, 0x35], "Apple"),
    ([0x68, 0x5D, 0x43], "Intel"),
    ([0x68, 0x5E, 0x1C], "Texas Instruments"),
    ([0x68, 0x5E, 0xDD], "Apple"),
    ([0x68, 0x63, 0x72], "Huawei"),
    ([0x68, 0x64, 0x4B], "Apple"),
    ([0x68, 0x67, 0x25], "Espressif"),
    ([0x68, 0x6C, 0xE6], "Microsoft"),
    ([0x68, 0x71, 0x61], "Cisco"),
    ([0x68, 0x72, 0x51], "Ubiquiti"),
    ([0x68, 0x72, 0xC3], "Samsung"),
    ([0x68, 0x77, 0x24], "TP-LINK"),
    ([0x68, 0x79, 0x09], "Cisco"),
    ([0x68, 0x7A, 0x64], "Intel"),
    ([0x68, 0x7D, 0x6B], "Samsung"),
    ([0x68, 0x7D, 0xB4], "Cisco"),
    ([0x68, 0x7F, 0x74], "Cisco"),
    ([0x68, 0x7F, 0xF0], "TP-LINK"),
    ([0x68, 0x81, 0xE0], "Huawei"),
    ([0x68, 0x83, 0xCB], "Apple"),
    ([0x68, 0x86, 0xA7], "Cisco"),
    ([0x68, 0x87, 0x1C], "Lenovo"),
    ([0x68, 0x87, 0xC6], "Cisco"),
    ([0x68, 0x89, 0xC1], "Huawei"),
    ([0x68, 0x8F, 0x84], "Huawei"),
    ([0x68, 0x92, 0x68], "Lenovo"),
    ([0x68, 0x95, 0x1B], "Huawei"),
    ([0x68, 0x96, 0x2E], "Huawei"),
    ([0x68, 0x96, 0x7B], "Apple"),
    ([0x68, 0x99, 0xCD], "Cisco"),
    ([0x68, 0x9B, 0x43], "Huawei"),
    ([0x68, 0x9C, 0x70], "Apple"),
    ([0x68, 0x9C, 0xE2], "Cisco"),
    ([0x68, 0x9E, 0x0B], "Cisco"),
    ([0x68, 0x9E, 0x19], "Texas Instruments"),
    ([0x68, 0x9E, 0x6A], "Huawei"),
    ([0x68, 0xA0, 0x3E], "Huawei"),
    ([0x68, 0xA0, 0xF6], "Huawei"),
    ([0x68, 0xA4, 0x6A], "Huawei"),
    ([0x68, 0xA5, 0x93], "Apple"),
    ([0x68, 0xA7, 0x29], "Apple"),
    ([0x68, 0xA8, 0x28], "Huawei"),
    ([0x68, 0xA8, 0x6D], "Apple"),
    ([0x68, 0xAB, 0x1E], "Apple"),
    ([0x68, 0xAE, 0x20], "Apple"),
    ([0x68, 0xB5, 0x99], "HP"),
    ([0x68, 0xB5, 0xE3], "Huawei"),
    ([0x68, 0xB6, 0xB3], "Espressif"),
    ([0x68, 0xBC, 0x0C], "Cisco"),
    ([0x68, 0xBD, 0xAB], "Cisco"),
    ([0x68, 0xBF, 0xC4], "Samsung"),
    ([0x68, 0xC4, 0x4D], "Lenovo"),
    ([0x68, 0xC6, 0x3A], "Espressif"),
    ([0x68, 0xC6, 0xAC], "Intel"),
    ([0x68, 0xC8, 0xEB], "Rockwell/Allen-Bradley"),
    ([0x68, 0xC9, 0x0B], "Texas Instruments"),
    ([0x68, 0xCA, 0xC4], "Apple"),
    ([0x68, 0xCA, 0xE4], "Cisco"),
    ([0x68, 0xCC, 0x6E], "Huawei"),
    ([0x68, 0xCC, 0xAE], "Fortinet"),
    ([0x68, 0xD7, 0x9A], "Ubiquiti"),
    ([0x68, 0xD9, 0x27], "Huawei"),
    ([0x68, 0xD9, 0x3C], "Apple"),
    ([0x68, 0xD9, 0x72], "Cisco"),
    ([0x68, 0xDB, 0xCA], "Apple"),
    ([0x68, 0xDD, 0xB7], "TP-LINK"),
    ([0x68, 0xDF, 0xE4], "Samsung"),
    ([0x68, 0xE2, 0x09], "Huawei"),
    ([0x68, 0xE5, 0x80], "Apple"),
    ([0x68, 0xE5, 0x9E], "Cisco"),
    ([0x68, 0xE7, 0x4A], "Texas Instruments"),
    ([0x68, 0xE7, 0xC2], "Samsung"),
    ([0x68, 0xEB, 0xAE], "Samsung"),
    ([0x68, 0xEC, 0xC5], "Intel"),
    ([0x68, 0xED, 0x57], "Juniper Networks"),
    ([0x68, 0xEE, 0x8F], "Espressif"),
    ([0x68, 0xEE, 0x96], "Cisco"),
    ([0x68, 0xEF, 0x43], "Apple"),
    ([0x68, 0xEF, 0xBD], "Cisco"),
    ([0x68, 0xEF, 0xDC], "Apple"),
    ([0x68, 0xF3, 0x8E], "Juniper Networks"),
    ([0x68, 0xF5, 0x43], "Huawei"),
    ([0x68, 0xF7, 0xD8], "Microsoft"),
    ([0x68, 0xF9, 0x0F], "Intel"),
    ([0x68, 0xFB, 0x7E], "Apple"),
    ([0x68, 0xFC, 0xCA], "Samsung"),
    ([0x68, 0xFE, 0x71], "Espressif"),
    ([0x68, 0xFE, 0xF7], "Apple"),
    ([0x68, 0xFF, 0x7B], "TP-LINK"),
    ([0x6C, 0x00, 0x6B], "Samsung"),
    ([0x6C, 0x02, 0xE0], "HP"),
    ([0x6C, 0x03, 0x09], "Cisco"),
    ([0x6C, 0x03, 0x70], "Extreme Networks"),
    ([0x6C, 0x03, 0xB5], "Cisco"),
    ([0x6C, 0x04, 0x7A], "Huawei"),
    ([0x6C, 0x06, 0xD6], "Huawei"),
    ([0x6C, 0x0B, 0x5E], "HP"),
    ([0x6C, 0x12, 0x70], "Apple"),
    ([0x6C, 0x13, 0xD5], "Cisco"),
    ([0x6C, 0x14, 0x6E], "Huawei"),
    ([0x6C, 0x15, 0x44], "Microsoft"),
    ([0x6C, 0x16, 0x32], "Huawei"),
    ([0x6C, 0x19, 0xC0], "Apple"),
    ([0x6C, 0x1A, 0x75], "Huawei"),
    ([0x6C, 0x1A, 0xEA], "Texas Instruments"),
    ([0x6C, 0x1D, 0x2C], "Huawei"),
    ([0x6C, 0x1F, 0x8A], "Apple"),
    ([0x6C, 0x20, 0x56], "Cisco"),
    ([0x6C, 0x24, 0x83], "Microsoft"),
    ([0x6C, 0x26, 0x36], "Huawei"),
    ([0x6C, 0x27, 0x79], "Microsoft"),
    ([0x6C, 0x29, 0x95], "Intel"),
    ([0x6C, 0x29, 0xD2], "Cisco"),
    ([0x6C, 0x2B, 0x59], "Dell"),
    ([0x6C, 0x2F, 0x2C], "Samsung"),
    ([0x6C, 0x2F, 0x80], "Intel"),
    ([0x6C, 0x2F, 0x8A], "Samsung"),
    ([0x6C, 0x30, 0x2A], "Texas Instruments"),
    ([0x6C, 0x31, 0x0E], "Cisco"),
    ([0x6C, 0x34, 0x91], "Huawei"),
    ([0x6C, 0x3A, 0xFF], "Apple"),
    ([0x6C, 0x3B, 0xE5], "HP"),
    ([0x6C, 0x3C, 0x8C], "Dell"),
    ([0x6C, 0x3E, 0x6D], "Apple"),
    ([0x6C, 0x40, 0x08], "Apple"),
    ([0x6C, 0x41, 0x0E], "Cisco"),
    ([0x6C, 0x41, 0x6A], "Cisco"),
    ([0x6C, 0x41, 0xDE], "Huawei"),
    ([0x6C, 0x44, 0x2A], "Huawei"),
    ([0x6C, 0x4A, 0x85], "Apple"),
    ([0x6C, 0x4C, 0xBC], "TP-LINK"),
    ([0x6C, 0x4C, 0xE2], "Intel"),
    ([0x6C, 0x4D, 0x73], "Apple"),
    ([0x6C, 0x4E, 0xF6], "Cisco"),
    ([0x6C, 0x4F, 0xA1], "Cisco"),
    ([0x6C, 0x50, 0x4D], "Cisco"),
    ([0x6C, 0x51, 0xBF], "Huawei"),
    ([0x6C, 0x51, 0xE4], "Huawei"),
    ([0x6C, 0x55, 0x63], "Samsung"),
    ([0x6C, 0x55, 0x8D], "Huawei"),
    ([0x6C, 0x5A, 0xB0], "TP-LINK"),
    ([0x6C, 0x5D, 0x3A], "Microsoft"),
    ([0x6C, 0x5E, 0x3B], "Cisco"),
    ([0x6C, 0x5F, 0x1C], "Lenovo"),
    ([0x6C, 0x60, 0xD0], "Huawei"),
    ([0x6C, 0x62, 0xFE], "Juniper Networks"),
    ([0x6C, 0x63, 0xF8], "Ubiquiti"),
    ([0x6C, 0x67, 0xEF], "Huawei"),
    ([0x6C, 0x6A, 0x77], "Intel"),
    ([0x6C, 0x6C, 0x0F], "Huawei"),
    ([0x6C, 0x6C, 0xD3], "Cisco"),
    ([0x6C, 0x70, 0x9F], "Apple"),
    ([0x6C, 0x70, 0xCB], "Samsung"),
    ([0x6C, 0x71, 0x0D], "Cisco"),
    ([0x6C, 0x71, 0xD2], "Huawei"),
    ([0x6C, 0x72, 0xE7], "Apple"),
    ([0x6C, 0x76, 0x37], "Huawei"),
    ([0x6C, 0x77, 0xF0], "Huawei"),
    ([0x6C, 0x78, 0xC1], "Juniper Networks"),
    ([0x6C, 0x79, 0xB8], "Texas Instruments"),
    ([0x6C, 0x7D, 0xB7], "Cisco"),
    ([0x6C, 0x7E, 0x67], "Apple"),
    ([0x6C, 0x7F, 0x0C], "Cisco"),
    ([0x6C, 0x7F, 0x49], "Huawei"),
    ([0x6C, 0x82, 0x43], "Huawei"),
    ([0x6C, 0x83, 0x36], "Samsung"),
    ([0x6C, 0x83, 0x75], "Broadcom"),
    ([0x6C, 0x88, 0x14], "Intel"),
    ([0x6C, 0x8B, 0xD3], "Cisco"),
    ([0x6C, 0x8D, 0x77], "Cisco"),
    ([0x6C, 0x8D, 0xC1], "Apple"),
    ([0x6C, 0x8F, 0xB5], "Microsoft"),
    ([0x6C, 0x92, 0xCF], "Broadcom"),
    ([0x6C, 0x94, 0x66], "Intel"),
    ([0x6C, 0x94, 0xF8], "Apple"),
    ([0x6C, 0x96, 0xCF], "Apple"),
    ([0x6C, 0x97, 0x6D], "Lenovo"),
    ([0x6C, 0x99, 0x89], "Cisco"),
    ([0x6C, 0x9C, 0xED], "Cisco"),
    ([0x6C, 0xA1, 0x00], "Intel"),
    ([0x6C, 0xAB, 0x05], "Cisco"),
    ([0x6C, 0xAB, 0x31], "Apple"),
    ([0x6C, 0xAC, 0xC2], "Samsung"),
    ([0x6C, 0xB0, 0xCE], "NETGEAR"),
    ([0x6C, 0xB1, 0x33], "Apple"),
    ([0x6C, 0xB1, 0x58], "TP-LINK"),
    ([0x6C, 0xB2, 0xAE], "Cisco"),
    ([0x6C, 0xB2, 0xFD], "Texas Instruments"),
    ([0x6C, 0xB4, 0x56], "Espressif"),
    ([0x6C, 0xB4, 0xFD], "Huawei"),
    ([0x6C, 0xB7, 0x49], "Huawei"),
    ([0x6C, 0xB7, 0xE2], "Huawei"),
    ([0x6C, 0xB7, 0xF4], "Samsung"),
    ([0x6C, 0xC2, 0x17], "HP"),
    ([0x6C, 0xC2, 0x6B], "Apple"),
    ([0x6C, 0xC3, 0x74], "Texas Instruments"),
    ([0x6C, 0xC3, 0xB2], "Cisco"),
    ([0x6C, 0xC4, 0x9F], "HP"),
    ([0x6C, 0xC8, 0x40], "Espressif"),
    ([0x6C, 0xCD, 0xD6], "NETGEAR"),
    ([0x6C, 0xD1, 0xE5], "Huawei"),
    ([0x6C, 0xD6, 0x3F], "Huawei"),
    ([0x6C, 0xD6, 0xE3], "Cisco"),
    ([0x6C, 0xD7, 0x04], "Huawei"),
    ([0x6C, 0xDD, 0x30], "Cisco"),
    ([0x6C, 0xDD, 0xBC], "Samsung"),
    ([0x6C, 0xDE, 0xA9], "Cisco"),
    ([0x6C, 0xE5, 0xC9], "Apple"),
    ([0x6C, 0xE8, 0x5C], "Apple"),
    ([0x6C, 0xE8, 0x73], "TP-LINK"),
    ([0x6C, 0xE8, 0x74], "Huawei"),
    ([0x6C, 0xEB, 0xB6], "Huawei"),
    ([0x6C, 0xEC, 0xEB], "Texas Instruments"),
    ([0x6C, 0xEF, 0xBD], "Cisco"),
    ([0x6C, 0xF0, 0x49], "Gigabyte"),
    ([0x6C, 0xF3, 0x73], "Samsung"),
    ([0x6C, 0xF3, 0x7F], "HP"),
    ([0x6C, 0xF6, 0xDA], "Intel"),
    ([0x6C, 0xFA, 0x89], "Cisco"),
    ([0x6C, 0xFE, 0x54], "Intel"),
    ([0x70, 0x01, 0xB5], "Cisco"),
    ([0x70, 0x03, 0x9F], "Espressif"),
    ([0x70, 0x04, 0x1D], "Espressif"),
    ([0x70, 0x08, 0x10], "Intel"),
    ([0x70, 0x09, 0x71], "Samsung"),
    ([0x70, 0x0B, 0x4F], "Cisco"),
    ([0x70, 0x0F, 0x6A], "Cisco"),
    ([0x70, 0x10, 0x5C], "Cisco"),
    ([0x70, 0x10, 0x6F], "HP"),
    ([0x70, 0x11, 0x24], "Apple"),
    ([0x70, 0x13, 0x84], "Apple"),
    ([0x70, 0x14, 0xA6], "Apple"),
    ([0x70, 0x15, 0xFB], "Intel"),
    ([0x70, 0x18, 0xA7], "Cisco"),
    ([0x70, 0x19, 0x2F], "Huawei"),
    ([0x70, 0x1A, 0xB8], "Intel"),
    ([0x70, 0x1C, 0xE7], "Intel"),
    ([0x70, 0x1F, 0x3C], "Samsung"),
    ([0x70, 0x1F, 0x53], "Cisco"),
    ([0x70, 0x22, 0xFE], "Apple"),
    ([0x70, 0x28, 0x8B], "Samsung"),
    ([0x70, 0x2A, 0xD5], "Samsung"),
    ([0x70, 0x2F, 0x35], "Huawei"),
    ([0x70, 0x31, 0x7F], "Apple"),
    ([0x70, 0x32, 0x17], "Intel"),
    ([0x70, 0x35, 0x09], "Cisco"),
    ([0x70, 0x38, 0x11], "Siemens"),
    ([0x70, 0x3A, 0x0E], "HP"),
    ([0x70, 0x3C, 0x69], "Apple"),
    ([0x70, 0x3E, 0xAC], "Apple"),
    ([0x70, 0x40, 0xFF], "Huawei"),
    ([0x70, 0x46, 0x98], "Huawei"),
    ([0x70, 0x48, 0x0F], "Apple"),
    ([0x70, 0x4B, 0xCA], "Espressif"),
    ([0x70, 0x4C, 0xA2], "Apple"),
    ([0x70, 0x4C, 0xA5], "Fortinet"),
    ([0x70, 0x4D, 0x7B], "ASUS"),
    ([0x70, 0x4E, 0x6B], "Huawei"),
    ([0x70, 0x4E, 0xE0], "Samsung"),
    ([0x70, 0x4F, 0x57], "TP-LINK"),
    ([0x70, 0x54, 0xF5], "Huawei"),
    ([0x70, 0x56, 0x81], "Apple"),
    ([0x70, 0x5A, 0x0F], "HP"),
    ([0x70, 0x5A, 0xAC], "Samsung"),
    ([0x70, 0x61, 0x7B], "Cisco"),
    ([0x70, 0x66, 0xB9], "Huawei"),
    ([0x70, 0x69, 0x5A], "Cisco"),
    ([0x70, 0x6B, 0xB9], "Cisco"),
    ([0x70, 0x6D, 0x15], "Cisco"),
    ([0x70, 0x6E, 0x10], "Huawei"),
    ([0x70, 0x6E, 0x6D], "Cisco"),
    ([0x70, 0x70, 0x0D], "Apple"),
    ([0x70, 0x70, 0x13], "Huawei"),
    ([0x70, 0x70, 0x8B], "Cisco"),
    ([0x70, 0x70, 0xD5], "Huawei"),
    ([0x70, 0x72, 0x0D], "Lenovo"),
    ([0x70, 0x72, 0x3C], "Huawei"),
    ([0x70, 0x72, 0xFE], "Apple"),
    ([0x70, 0x73, 0x62], "Huawei"),
    ([0x70, 0x73, 0xCB], "Apple"),
    ([0x70, 0x74, 0x14], "Murata"),
    ([0x70, 0x79, 0x90], "Huawei"),
    ([0x70, 0x79, 0xB3], "Cisco"),
    ([0x70, 0x7B, 0xE8], "Huawei"),
    ([0x70, 0x7C, 0xE3], "Huawei"),
    ([0x70, 0x7D, 0xB9], "Cisco"),
    ([0x70, 0x81, 0x05], "Cisco"),
    ([0x70, 0x81, 0xEB], "Apple"),
    ([0x70, 0x86, 0xC1], "Texas Instruments"),
    ([0x70, 0x87, 0xA7], "Murata"),
    ([0x70, 0x8A, 0x09], "Huawei"),
    ([0x70, 0x8B, 0xCD], "ASUS"),
    ([0x70, 0x8C, 0xB6], "Huawei"),
    ([0x70, 0x8C, 0xF2], "Apple"),
    ([0x70, 0x90, 0xB7], "Huawei"),
    ([0x70, 0x96, 0x84], "Apple"),
    ([0x70, 0x9A, 0xC4], "Huawei"),
    ([0x70, 0x9C, 0x45], "Huawei"),
    ([0x70, 0x9C, 0xD1], "Intel"),
    ([0x70, 0xA0, 0x4B], "Intel"),
    ([0x70, 0xA2, 0xB3], "Apple"),
    ([0x70, 0xA6, 0xCC], "Intel"),
    ([0x70, 0xA7, 0x41], "Ubiquiti"),
    ([0x70, 0xA8, 0xA5], "Microsoft"),
    ([0x70, 0xA8, 0xD3], "Intel"),
    ([0x70, 0xA8, 0xE3], "Huawei"),
    ([0x70, 0xA9, 0x83], "Cisco"),
    ([0x70, 0xAE, 0x2A], "Apple"),
    ([0x70, 0xAE, 0xD5], "Apple"),
    ([0x70, 0xAF, 0x09], "Espressif"),
    ([0x70, 0xB1, 0x3D], "Samsung"),
    ([0x70, 0xB3, 0x06], "Apple"),
    ([0x70, 0xB3, 0x17], "Cisco"),
    ([0x70, 0xB5, 0x1A], "Huawei"),
    ([0x70, 0xB5, 0xE8], "Dell"),
    ([0x70, 0xB7, 0xE4], "Broadcom"),
    ([0x70, 0xB8, 0xF6], "Espressif"),
    ([0x70, 0xB9, 0x50], "Texas Instruments"),
    ([0x70, 0xBB, 0x5B], "Apple"),
    ([0x70, 0xBC, 0x10], "Microsoft"),
    ([0x70, 0xBC, 0x48], "Cisco"),
    ([0x70, 0xBD, 0x96], "Cisco"),
    ([0x70, 0xC2, 0x88], "Intel"),
    ([0x70, 0xC7, 0xF2], "Huawei"),
    ([0x70, 0xC9, 0xC6], "Cisco"),
    ([0x70, 0xCA, 0x9B], "Cisco"),
    ([0x70, 0xCD, 0x0D], "Intel"),
    ([0x70, 0xCD, 0x60], "Apple"),
    ([0x70, 0xCE, 0x8C], "Samsung"),
    ([0x70, 0xCF, 0x49], "Intel"),
    ([0x70, 0xD3, 0x13], "Huawei"),
    ([0x70, 0xD3, 0x79], "Cisco"),
    ([0x70, 0xD8, 0x23], "Intel"),
    ([0x70, 0xD8, 0xC2], "Intel"),
    ([0x70, 0xDA, 0x48], "Cisco"),
    ([0x70, 0xDB, 0x98], "Cisco"),
    ([0x70, 0xDD, 0xEF], "Huawei"),
    ([0x70, 0xDE, 0xE2], "Apple"),
    ([0x70, 0xDF, 0x2F], "Cisco"),
    ([0x70, 0xE4, 0x22], "Cisco"),
    ([0x70, 0xE5, 0x6E], "Texas Instruments"),
    ([0x70, 0xE7, 0x2C], "Apple"),
    ([0x70, 0xE9, 0x97], "Huawei"),
    ([0x70, 0xEA, 0x1A], "Cisco"),
    ([0x70, 0xEA, 0x5A], "Apple"),
    ([0x70, 0xEB, 0xA5], "Huawei"),
    ([0x70, 0xEC, 0xE4], "Apple"),
    ([0x70, 0xEF, 0x00], "Apple"),
    ([0x70, 0xF0, 0x87], "Apple"),
    ([0x70, 0xF0, 0x96], "Cisco"),
    ([0x70, 0xF3, 0x5A], "Cisco"),
    ([0x70, 0xF8, 0xAE], "Microsoft"),
    ([0x70, 0xF9, 0x27], "Samsung"),
    ([0x70, 0xF9, 0x4A], "Apple"),
    ([0x70, 0xFD, 0x45], "Huawei"),
    ([0x70, 0xFD, 0x46], "Samsung"),
    ([0x70, 0xFF, 0x76], "Texas Instruments"),
    ([0x74, 0x00, 0xE8], "Huawei"),
    ([0x74, 0x02, 0xE1], "Texas Instruments"),
    ([0x74, 0x04, 0x2B], "Lenovo"),
    ([0x74, 0x04, 0xF1], "Intel"),
    ([0x74, 0x05, 0xA5], "TP-LINK"),
    ([0x74, 0x0A, 0xE1], "Huawei"),
    ([0x74, 0x0B, 0xB0], "Hirschmann"),
    ([0x74, 0x0C, 0xEE], "Huawei"),
    ([0x74, 0x0E, 0xA4], "Apple"),
    ([0x74, 0x10, 0xE0], "Broadcom"),
    ([0x74, 0x11, 0xB2], "Cisco"),
    ([0x74, 0x13, 0x6A], "Lenovo"),
    ([0x74, 0x13, 0xEA], "Intel"),
    ([0x74, 0x14, 0xD0], "Apple"),
    ([0x74, 0x15, 0xF5], "Apple"),
    ([0x74, 0x19, 0x0A], "Samsung"),
    ([0x74, 0x1B, 0xB2], "Apple"),
    ([0x74, 0x1E, 0xB1], "Samsung"),
    ([0x74, 0x22, 0xBB], "Huawei"),
    ([0x74, 0x24, 0x35], "Huawei"),
    ([0x74, 0x26, 0xAC], "Cisco"),
    ([0x74, 0x28, 0x69], "Huawei"),
    ([0x74, 0x29, 0x17], "Apple"),
    ([0x74, 0x29, 0x59], "Apple"),
    ([0x74, 0x29, 0x72], "Juniper Networks"),
    ([0x74, 0x29, 0x81], "Texas Instruments"),
    ([0x74, 0x31, 0x74], "Apple"),
    ([0x74, 0x34, 0x2B], "Huawei"),
    ([0x74, 0x39, 0x89], "TP-LINK"),
    ([0x74, 0x3A, 0xF4], "Intel"),
    ([0x74, 0x3C, 0x24], "Huawei"),
    ([0x74, 0x3C, 0xDE], "HP"),
    ([0x74, 0x3F, 0x8E], "Apple"),
    ([0x74, 0x42, 0x18], "Apple"),
    ([0x74, 0x42, 0x8B], "Apple"),
    ([0x74, 0x44, 0x01], "NETGEAR"),
    ([0x74, 0x45, 0x2D], "Huawei"),
    ([0x74, 0x45, 0x8A], "Samsung"),
    ([0x74, 0x46, 0xA0], "HP"),
    ([0x74, 0x46, 0xB3], "Texas Instruments"),
    ([0x74, 0x4D, 0x6D], "Huawei"),
    ([0x74, 0x4D, 0xBD], "Espressif"),
    ([0x74, 0x50, 0xCD], "Huawei"),
    ([0x74, 0x54, 0x7D], "Cisco"),
    ([0x74, 0x56, 0x3C], "Gigabyte"),
    ([0x74, 0x59, 0x09], "Huawei"),
    ([0x74, 0x5A, 0xAA], "Huawei"),
    ([0x74, 0x60, 0xFA], "Huawei"),
    ([0x74, 0x63, 0xC2], "Huawei"),
    ([0x74, 0x65, 0x0C], "Apple"),
    ([0x74, 0x67, 0xF7], "Extreme Networks"),
    ([0x74, 0x6A, 0x84], "Texas Instruments"),
    ([0x74, 0x6D, 0xFA], "Samsung"),
    ([0x74, 0x70, 0x69], "Huawei"),
    ([0x74, 0x70, 0xFD], "Intel"),
    ([0x74, 0x71, 0x8B], "Apple"),
    ([0x74, 0x73, 0x1D], "ifm electronic"),
    ([0x74, 0x73, 0xB4], "Apple"),
    ([0x74, 0x76, 0x1F], "Microsoft"),
    ([0x74, 0x77, 0x86], "Apple"),
    ([0x74, 0x78, 0x27], "Dell"),
    ([0x74, 0x78, 0xA6], "Fortinet"),
    ([0x74, 0x7A, 0x90], "Murata"),
    ([0x74, 0x81, 0x14], "Apple"),
    ([0x74, 0x83, 0xC2], "Ubiquiti"),
    ([0x74, 0x86, 0x0B], "Cisco"),
    ([0x74, 0x86, 0x7A], "Dell"),
    ([0x74, 0x86, 0xE2], "Dell"),
    ([0x74, 0x87, 0x2E], "Huawei"),
    ([0x74, 0x88, 0x2A], "Huawei"),
    ([0x74, 0x88, 0xBB], "Cisco"),
    ([0x74, 0x8D, 0x08], "Apple"),
    ([0x74, 0x8D, 0xAA], "Huawei"),
    ([0x74, 0x8E, 0xF8], "Brocade"),
    ([0x74, 0x8F, 0x3C], "Apple"),
    ([0x74, 0x8F, 0xC2], "Cisco"),
    ([0x74, 0x95, 0xA7], "Keyence"),
    ([0x74, 0x9B, 0x89], "Huawei"),
    ([0x74, 0x9D, 0x8F], "Huawei"),
    ([0x74, 0x9E, 0x75], "HP"),
    ([0x74, 0x9E, 0xAF], "Apple"),
    ([0x74, 0x9E, 0xF5], "Samsung"),
    ([0x74, 0xA0, 0x2F], "Cisco"),
    ([0x74, 0xA0, 0x63], "Huawei"),
    ([0x74, 0xA2, 0xE6], "Cisco"),
    ([0x74, 0xA5, 0x28], "Huawei"),
    ([0x74, 0xA5, 0x8C], "Texas Instruments"),
    ([0x74, 0xA6, 0xCD], "Apple"),
    ([0x74, 0xA9, 0x81], "Huawei"),
    ([0x74, 0xAC, 0xB9], "Ubiquiti"),
    ([0x74, 0xAD, 0x98], "Cisco"),
    ([0x74, 0xB0, 0x59], "Lenovo"),
    ([0x74, 0xB5, 0x87], "Apple"),
    ([0x74, 0xB7, 0x25], "Huawei"),
    ([0x74, 0xB8, 0x39], "Texas Instruments"),
    ([0x74, 0xB8, 0xA8], "Huawei"),
    ([0x74, 0xBE, 0xF3], "Lenovo"),
    ([0x74, 0xC1, 0x4F], "Huawei"),
    ([0x74, 0xC4, 0x12], "Microsoft"),
    ([0x74, 0xCC, 0x40], "Apple"),
    ([0x74, 0xD0, 0x2B], "ASUS"),
    ([0x74, 0xD2, 0x1D], "Huawei"),
    ([0x74, 0xD2, 0x85], "Texas Instruments"),
    ([0x74, 0xD4, 0x35], "Gigabyte"),
    ([0x74, 0xD6, 0xE5], "Huawei"),
    ([0x74, 0xD6, 0xEA], "Texas Instruments"),
    ([0x74, 0xD8, 0x09], "Microsoft"),
    ([0x74, 0xD8, 0x3E], "Intel"),
    ([0x74, 0xDA, 0x78], "HP"),
    ([0x74, 0xDA, 0x88], "TP-LINK"),
    ([0x74, 0xDA, 0xEA], "Texas Instruments"),
    ([0x74, 0xE1, 0x82], "Texas Instruments"),
    ([0x74, 0xE1, 0xB6], "Apple"),
    ([0x74, 0xE2, 0x8C], "Microsoft"),
    ([0x74, 0xE2, 0xE7], "Cisco"),
    ([0x74, 0xE2, 0xF5], "Apple"),
    ([0x74, 0xE5, 0x0B], "Intel"),
    ([0x74, 0xE5, 0xF9], "Intel"),
    ([0x74, 0xE6, 0xE2], "Dell"),
    ([0x74, 0xE7, 0x98], "Juniper Networks"),
    ([0x74, 0xE9, 0x87], "Apple"),
    ([0x74, 0xE9, 0xBF], "Huawei"),
    ([0x74, 0xEA, 0x3A], "TP-LINK"),
    ([0x74, 0xEB, 0x80], "Samsung"),
    ([0x74, 0xF4, 0x41], "Samsung"),
    ([0x74, 0xF6, 0x61], "Schneider Electric"),
    ([0x74, 0xF6, 0x7A], "Samsung"),
    ([0x74, 0xF9, 0x0F], "Huawei"),
    ([0x74, 0xF9, 0x2C], "Ubiquiti"),
    ([0x74, 0xFA, 0x29], "Ubiquiti"),
    ([0x74, 0xFC, 0x45], "Siemens"),
    ([0x74, 0xFC, 0x77], "Huawei"),
    ([0x74, 0xFE, 0x48], "Advantech"),
    ([0x74, 0xFE, 0xCE], "TP-LINK"),
    ([0x78, 0x00, 0x9E], "Samsung"),
    ([0x78, 0x02, 0x8B], "Apple"),
    ([0x78, 0x02, 0xB1], "Cisco"),
    ([0x78, 0x04, 0x73], "Texas Instruments"),
    ([0x78, 0x04, 0xE3], "Huawei"),
    ([0x78, 0x06, 0xC9], "Huawei"),
    ([0x78, 0x07, 0x8F], "Huawei"),
    ([0x78, 0x08, 0x4D], "Huawei"),
    ([0x78, 0x0C, 0xB8], "Intel"),
    ([0x78, 0x0C, 0xF0], "Cisco"),
    ([0x78, 0x0F, 0x81], "Cisco"),
    ([0x78, 0x11, 0x9D], "Cisco"),
    ([0x78, 0x16, 0x99], "Huawei"),
    ([0x78, 0x17, 0xBE], "Huawei"),
    ([0x78, 0x18, 0xA8], "Huawei"),
    ([0x78, 0x18, 0xEC], "Fortinet"),
    ([0x78, 0x19, 0xF7], "Juniper Networks"),
    ([0x78, 0x1C, 0x3C], "Espressif"),
    ([0x78, 0x1D, 0xBA], "Huawei"),
    ([0x78, 0x1F, 0xDB], "Samsung"),
    ([0x78, 0x20, 0x51], "TP-LINK"),
    ([0x78, 0x21, 0x84], "Espressif"),
    ([0x78, 0x23, 0x27], "Samsung"),
    ([0x78, 0x24, 0xAF], "ASUS"),
    ([0x78, 0x24, 0xBE], "Cisco"),
    ([0x78, 0x25, 0x99], "Huawei"),
    ([0x78, 0x25, 0xAD], "Samsung"),
    ([0x78, 0x2B, 0x46], "Intel"),
    ([0x78, 0x2B, 0x60], "Huawei"),
    ([0x78, 0x2B, 0xCB], "Dell"),
    ([0x78, 0x2D, 0xAD], "Huawei"),
    ([0x78, 0x31, 0xC1], "Apple"),
    ([0x78, 0x33, 0xC6], "Samsung"),
    ([0x78, 0x34, 0x09], "Huawei"),
    ([0x78, 0x34, 0xB4], "Huawei"),
    ([0x78, 0x37, 0x16], "Samsung"),
    ([0x78, 0x3A, 0x84], "Apple"),
    ([0x78, 0x3F, 0x4D], "Apple"),
    ([0x78, 0x40, 0xE4], "Samsung"),
    ([0x78, 0x42, 0x1C], "Espressif"),
    ([0x78, 0x44, 0xFD], "TP-LINK"),
    ([0x78, 0x45, 0x58], "Ubiquiti"),
    ([0x78, 0x45, 0xB3], "Huawei"),
    ([0x78, 0x45, 0xC4], "Dell"),
    ([0x78, 0x45, 0xDC], "Huawei"),
    ([0x78, 0x46, 0xD4], "Samsung"),
    ([0x78, 0x47, 0x1D], "Samsung"),
    ([0x78, 0x48, 0x59], "HP"),
    ([0x78, 0x4B, 0x87], "Murata"),
    ([0x78, 0x4F, 0x43], "Apple"),
    ([0x78, 0x4F, 0x9B], "Juniper Networks"),
    ([0x78, 0x50, 0x7C], "Juniper Networks"),
    ([0x78, 0x52, 0x1A], "Samsung"),
    ([0x78, 0x57, 0x73], "Huawei"),
    ([0x78, 0x58, 0x60], "Huawei"),
    ([0x78, 0x59, 0x5E], "Samsung"),
    ([0x78, 0x5B, 0x64], "Huawei"),
    ([0x78, 0x5C, 0x5E], "Huawei"),
    ([0x78, 0x5E, 0xCC], "Apple"),
    ([0x78, 0x60, 0x5B], "TP-LINK"),
    ([0x78, 0x60, 0x89], "Samsung"),
    ([0x78, 0x62, 0x56], "Huawei"),
    ([0x78, 0x64, 0xA0], "Cisco"),
    ([0x78, 0x64, 0xC0], "Apple"),
    ([0x78, 0x67, 0xD7], "Apple"),
    ([0x78, 0x6A, 0x89], "Huawei"),
    ([0x78, 0x6C, 0x1C], "Apple"),
    ([0x78, 0x6D, 0x94], "Palo Alto Networks"),
    ([0x78, 0x72, 0x5D], "Cisco"),
    ([0x78, 0x75, 0x3E], "Apple"),
    ([0x78, 0x78, 0x26], "Huawei"),
    ([0x78, 0x78, 0x71], "Texas Instruments"),
    ([0x78, 0x79, 0x84], "Apple"),
    ([0x78, 0x7B, 0x8A], "Apple"),
    ([0x78, 0x7D, 0x53], "Extreme Networks"),
    ([0x78, 0x7E, 0x61], "Apple"),
    ([0x78, 0x83, 0x71], "Huawei"),
    ([0x78, 0x85, 0x17], "Cisco"),
    ([0x78, 0x85, 0xF4], "Huawei"),
    ([0x78, 0x86, 0x2E], "Microsoft"),
    ([0x78, 0x88, 0x6D], "Apple"),
    ([0x78, 0x8A, 0x20], "Ubiquiti"),
    ([0x78, 0x8C, 0xB5], "TP-LINK"),
    ([0x78, 0x92, 0x9C], "Intel"),
    ([0x78, 0x96, 0x0D], "Apple"),
    ([0x78, 0x96, 0x6E], "Huawei"),
    ([0x78, 0x96, 0xA3], "Extreme Networks"),
    ([0x78, 0x9E, 0xD0], "Samsung"),
    ([0x78, 0x9F, 0x70], "Apple"),
    ([0x78, 0x9F, 0x87], "Siemens"),
    ([0x78, 0x9F, 0xAA], "Huawei"),
    ([0x78, 0xA1, 0x06], "TP-LINK"),
    ([0x78, 0xA3, 0xE4], "Apple"),
    ([0x78, 0xA5, 0x04], "Texas Instruments"),
    ([0x78, 0xA6, 0xE1], "Brocade"),
    ([0x78, 0xA7, 0xC7], "Apple"),
    ([0x78, 0xA8, 0x73], "Samsung"),
    ([0x78, 0xAB, 0x60], "ABB"),
    ([0x78, 0xAB, 0xBB], "Samsung"),
    ([0x78, 0xAC, 0x44], "Dell"),
    ([0x78, 0xAC, 0xC0], "HP"),
    ([0x78, 0xAF, 0x08], "Intel"),
    ([0x78, 0xB4, 0x6A], "Huawei"),
    ([0x78, 0xB5, 0x54], "Huawei"),
    ([0x78, 0xB6, 0xFE], "Samsung"),
    ([0x78, 0xBA, 0xF9], "Cisco"),
    ([0x78, 0xBC, 0x1A], "Cisco"),
    ([0x78, 0xBD, 0xBC], "Samsung"),
    ([0x78, 0xC1, 0x1D], "Samsung"),
    ([0x78, 0xC3, 0xE9], "Samsung"),
    ([0x78, 0xC5, 0xE5], "Texas Instruments"),
    ([0x78, 0xC5, 0xF8], "Huawei"),
    ([0x78, 0xC8, 0x84], "Huawei"),
    ([0x78, 0xCA, 0x39], "Apple"),
    ([0x78, 0xCD, 0x55], "Texas Instruments"),
    ([0x78, 0xCF, 0x2F], "Huawei"),
    ([0x78, 0xCF, 0xF9], "Huawei"),
    ([0x78, 0xD1, 0x62], "Apple"),
    ([0x78, 0xD2, 0x94], "NETGEAR"),
    ([0x78, 0xD7, 0x52], "Huawei"),
    ([0x78, 0xD7, 0x5F], "Apple"),
    ([0x78, 0xDA, 0x6E], "Cisco"),
    ([0x78, 0xDA, 0xAF], "Huawei"),
    ([0x78, 0xDB, 0x2F], "Texas Instruments"),
    ([0x78, 0xDC, 0x87], "Huawei"),
    ([0x78, 0xDD, 0x33], "Huawei"),
    ([0x78, 0xDE, 0xE4], "Texas Instruments"),
    ([0x78, 0xE0, 0xC5], "Samsung"),
    ([0x78, 0xE2, 0x2C], "Huawei"),
    ([0x78, 0xE3, 0x6D], "Espressif"),
    ([0x78, 0xE3, 0xB5], "HP"),
    ([0x78, 0xE3, 0xDE], "Apple"),
    ([0x78, 0xE7, 0xD1], "HP"),
    ([0x78, 0xEB, 0x46], "Huawei"),
    ([0x78, 0xEE, 0x4C], "Espressif"),
    ([0x78, 0xF0, 0x9B], "Huawei"),
    ([0x78, 0xF1, 0xC6], "Cisco"),
    ([0x78, 0xF2, 0x38], "Samsung"),
    ([0x78, 0xF5, 0x05], "Murata"),
    ([0x78, 0xF5, 0x57], "Huawei"),
    ([0x78, 0xF5, 0xFD], "Huawei"),
    ([0x78, 0xF7, 0xBE], "Samsung"),
    ([0x78, 0xFB, 0xD8], "Apple"),
    ([0x78, 0xFD, 0x94], "Apple"),
    ([0x78, 0xFE, 0x3D], "Juniper Networks"),
    ([0x78, 0xFF, 0x57], "Intel"),
    ([0x7C, 0x00, 0x4D], "Huawei"),
    ([0x7C, 0x01, 0x0A], "Texas Instruments"),
    ([0x7C, 0x01, 0x91], "Apple"),
    ([0x7C, 0x04, 0xD0], "Apple"),
    ([0x7C, 0x0A, 0x3F], "Samsung"),
    ([0x7C, 0x0B, 0xC6], "Samsung"),
    ([0x7C, 0x0C, 0x5F], "Espressif"),
    ([0x7C, 0x0C, 0xFA], "Huawei"),
    ([0x7C, 0x0E, 0xCE], "Cisco"),
    ([0x7C, 0x10, 0xC9], "ASUS"),
    ([0x7C, 0x11, 0xBE], "Apple"),
    ([0x7C, 0x11, 0xCB], "Huawei"),
    ([0x7C, 0x16, 0x2A], "Huawei"),
    ([0x7C, 0x1A, 0xC0], "Huawei"),
    ([0x7C, 0x1B, 0x93], "Huawei"),
    ([0x7C, 0x1C, 0x68], "Samsung"),
    ([0x7C, 0x1C, 0xF1], "Huawei"),
    ([0x7C, 0x1E, 0x52], "Microsoft"),
    ([0x7C, 0x21, 0x0D], "Cisco"),
    ([0x7C, 0x21, 0x0E], "Cisco"),
    ([0x7C, 0x21, 0x4A], "Intel"),
    ([0x7C, 0x23, 0x02], "Samsung"),
    ([0x7C, 0x24, 0x99], "Apple"),
    ([0x7C, 0x25, 0x86], "Juniper Networks"),
    ([0x7C, 0x29, 0x6F], "Apple"),
    ([0x7C, 0x2A, 0x31], "Intel"),
    ([0x7C, 0x2A, 0xCA], "Apple"),
    ([0x7C, 0x2C, 0x67], "Espressif"),
    ([0x7C, 0x2E, 0xDD], "Samsung"),
    ([0x7C, 0x31, 0x0E], "Cisco"),
    ([0x7C, 0x33, 0xF9], "Huawei"),
    ([0x7C, 0x36, 0x26], "Huawei"),
    ([0x7C, 0x38, 0x66], "Texas Instruments"),
    ([0x7C, 0x38, 0xAD], "Samsung"),
    ([0x7C, 0x39, 0x85], "Huawei"),
    ([0x7C, 0x3B, 0x2D], "Apple"),
    ([0x7C, 0x3D, 0x2B], "Huawei"),
    ([0x7C, 0x3E, 0x74], "Huawei"),
    ([0x7C, 0x4B, 0x26], "Apple"),
    ([0x7C, 0x4D, 0x8F], "HP"),
    ([0x7C, 0x4F, 0xAD], "Espressif"),
    ([0x7C, 0x50, 0x49], "Apple"),
    ([0x7C, 0x50, 0x79], "Intel"),
    ([0x7C, 0x57, 0x3C], "HP"),
    ([0x7C, 0x57, 0x58], "HP"),
    ([0x7C, 0x5C, 0xF8], "Intel"),
    ([0x7C, 0x60, 0x97], "Huawei"),
    ([0x7C, 0x61, 0x30], "Apple"),
    ([0x7C, 0x62, 0xE7], "Cisco"),
    ([0x7C, 0x64, 0x56], "Samsung"),
    ([0x7C, 0x66, 0x9A], "Huawei"),
    ([0x7C, 0x66, 0x9D], "Texas Instruments"),
    ([0x7C, 0x67, 0xA2], "Intel"),
    ([0x7C, 0x68, 0xB9], "Huawei"),
    ([0x7C, 0x69, 0x2B], "Huawei"),
    ([0x7C, 0x69, 0xF6], "Cisco"),
    ([0x7C, 0x6D, 0x12], "Microsoft"),
    ([0x7C, 0x6D, 0x62], "Apple"),
    ([0x7C, 0x6D, 0xF8], "Apple"),
    ([0x7C, 0x70, 0xDB], "Intel"),
    ([0x7C, 0x72, 0xE7], "Texas Instruments"),
    ([0x7C, 0x73, 0x98], "Espressif"),
    ([0x7C, 0x73, 0xEB], "Huawei"),
    ([0x7C, 0x75, 0x2D], "Samsung"),
    ([0x7C, 0x76, 0x35], "Intel"),
    ([0x7C, 0x76, 0x68], "Huawei"),
    ([0x7C, 0x78, 0x7E], "Samsung"),
    ([0x7C, 0x7A, 0x91], "Intel"),
    ([0x7C, 0x7B, 0x1C], "Lenovo"),
    ([0x7C, 0x7B, 0xBF], "Samsung"),
    ([0x7C, 0x7D, 0x3D], "Huawei"),
    ([0x7C, 0x85, 0x2F], "Huawei"),
    ([0x7C, 0x87, 0x67], "Cisco"),
    ([0x7C, 0x87, 0xCE], "Espressif"),
    ([0x7C, 0x89, 0x31], "Huawei"),
    ([0x7C, 0x89, 0x56], "Samsung"),
    ([0x7C, 0x89, 0xC1], "Palo Alto Networks"),
    ([0x7C, 0x8B, 0xB5], "Samsung"),
    ([0x7C, 0x8B, 0xCA], "TP-LINK"),
    ([0x7C, 0x8E, 0xE4], "Texas Instruments"),
    ([0x7C, 0x91, 0x22], "Samsung"),
    ([0x7C, 0x94, 0x2A], "Huawei"),
    ([0x7C, 0x95, 0xB1], "Extreme Networks"),
    ([0x7C, 0x95, 0xF3], "Cisco"),
    ([0x7C, 0x97, 0xE1], "Huawei"),
    ([0x7C, 0x9A, 0x1D], "Apple"),
    ([0x7C, 0x9E, 0xBD], "Espressif"),
    ([0x7C, 0xA1, 0x77], "Huawei"),
    ([0x7C, 0xA1, 0xAE], "Apple"),
    ([0x7C, 0xA2, 0x3E], "Huawei"),
    ([0x7C, 0xA4, 0xF7], "Extreme Networks"),
    ([0x7C, 0xA5, 0x3E], "Lenovo"),
    ([0x7C, 0xA6, 0x2A], "HP"),
    ([0x7C, 0xA8, 0xEC], "HP"),
    ([0x7C, 0xAB, 0x60], "Apple"),
    ([0x7C, 0xAD, 0x4F], "Cisco"),
    ([0x7C, 0xAD, 0x74], "Cisco"),
    ([0x7C, 0xB0, 0xC2], "Intel"),
    ([0x7C, 0xB1, 0x5D], "Huawei"),
    ([0x7C, 0xB2, 0x1B], "Cisco"),
    ([0x7C, 0xB2, 0x7D], "Intel"),
    ([0x7C, 0xB3, 0x53], "Cisco"),
    ([0x7C, 0xB5, 0x66], "Intel"),
    ([0x7C, 0xB5, 0x9B], "TP-LINK"),
    ([0x7C, 0xB5, 0x9F], "Huawei"),
    ([0x7C, 0xB8, 0xDA], "Murata"),
    ([0x7C, 0xC0, 0x25], "Palo Alto Networks"),
    ([0x7C, 0xC0, 0x6F], "Apple"),
    ([0x7C, 0xC0, 0xAA], "Microsoft"),
    ([0x7C, 0xC1, 0x80], "Apple"),
    ([0x7C, 0xC2, 0x25], "Samsung"),
    ([0x7C, 0xC2, 0xC6], "TP-LINK"),
    ([0x7C, 0xC3, 0x85], "Huawei"),
    ([0x7C, 0xC3, 0xA1], "Apple"),
    ([0x7C, 0xC5, 0x37], "Apple"),
    ([0x7C, 0xC7, 0x90], "Palo Alto Networks"),
    ([0x7C, 0xC8, 0x82], "Huawei"),
    ([0x7C, 0xC8, 0xDF], "Apple"),
    ([0x7C, 0xC9, 0x5A], "Dell"),
    ([0x7C, 0xCC, 0xB8], "Intel"),
    ([0x7C, 0xD1, 0xAD], "Apple"),
    ([0x7C, 0xD1, 0xC3], "Apple"),
    ([0x7C, 0xD2, 0xDA], "Apple"),
    ([0x7C, 0xD3, 0xE5], "Huawei"),
    ([0x7C, 0xD9, 0xA0], "Huawei"),
    ([0x7C, 0xDC, 0x73], "Huawei"),
    ([0x7C, 0xDF, 0xA1], "Espressif"),
    ([0x7C, 0xE2, 0x69], "Texas Instruments"),
    ([0x7C, 0xE2, 0xCA], "Juniper Networks"),
    ([0x7C, 0xE5, 0x3F], "Huawei"),
    ([0x7C, 0xE8, 0xB1], "Espressif"),
    ([0x7C, 0xEC, 0x79], "Texas Instruments"),
    ([0x7C, 0xEC, 0xB1], "Apple"),
    ([0x7C, 0xED, 0x8D], "Microsoft"),
    ([0x7C, 0xF0, 0x5F], "Apple"),
    ([0x7C, 0xF1, 0x7E], "TP-LINK"),
    ([0x7C, 0xF3, 0x4D], "Apple"),
    ([0x7C, 0xF8, 0x54], "Samsung"),
    ([0x7C, 0xF8, 0x80], "Cisco"),
    ([0x7C, 0xF9, 0x0E], "Samsung"),
    ([0x7C, 0xFA, 0xDF], "Apple"),
    ([0x7C, 0xFC, 0x16], "Apple"),
    ([0x80, 0x00, 0x0B], "Intel"),
    ([0x80, 0x00, 0x6E], "Apple"),
    ([0x80, 0x04, 0x5F], "Apple"),
    ([0x80, 0x05, 0x18], "Huawei"),
    ([0x80, 0x07, 0x94], "Samsung"),
    ([0x80, 0x0C, 0x67], "Apple"),
    ([0x80, 0x0D, 0x3F], "Samsung"),
    ([0x80, 0x12, 0x42], "Apple"),
    ([0x80, 0x13, 0x16], "Intel"),
    ([0x80, 0x13, 0x82], "Huawei"),
    ([0x80, 0x13, 0xBE], "Juniper Networks"),
    ([0x80, 0x18, 0x44], "Dell"),
    ([0x80, 0x18, 0xA7], "Samsung"),
    ([0x80, 0x19, 0x34], "Intel"),
    ([0x80, 0x19, 0x70], "Samsung"),
    ([0x80, 0x1D, 0x39], "Apple"),
    ([0x80, 0x20, 0xFD], "Samsung"),
    ([0x80, 0x24, 0x8F], "Cisco"),
    ([0x80, 0x27, 0x6C], "Cisco"),
    ([0x80, 0x2A, 0xA8], "Ubiquiti"),
    ([0x80, 0x2D, 0xBF], "Cisco"),
    ([0x80, 0x2E, 0xC3], "Huawei"),
    ([0x80, 0x2E, 0xDE], "Huawei"),
    ([0x80, 0x30, 0xDC], "Texas Instruments"),
    ([0x80, 0x30, 0xE0], "HP"),
    ([0x80, 0x31, 0xF0], "Samsung"),
    ([0x80, 0x32, 0x53], "Intel"),
    ([0x80, 0x37, 0x73], "NETGEAR"),
    ([0x80, 0x38, 0xBC], "Huawei"),
    ([0x80, 0x38, 0xFB], "Intel"),
    ([0x80, 0x39, 0x8C], "Samsung"),
    ([0x80, 0x3B, 0x2A], "ABB"),
    ([0x80, 0x3C, 0x04], "TP-LINK"),
    ([0x80, 0x3C, 0x20], "Huawei"),
    ([0x80, 0x41, 0x26], "Huawei"),
    ([0x80, 0x43, 0x3F], "Juniper Networks"),
    ([0x80, 0x45, 0x6B], "Espressif"),
    ([0x80, 0x45, 0xDD], "Intel"),
    ([0x80, 0x47, 0x15], "Apple"),
    ([0x80, 0x47, 0x86], "Samsung"),
    ([0x80, 0x49, 0x71], "Apple"),
    ([0x80, 0x4A, 0x14], "Apple"),
    ([0x80, 0x4E, 0x70], "Samsung"),
    ([0x80, 0x4E, 0x81], "Samsung"),
    ([0x80, 0x54, 0x2D], "Samsung"),
    ([0x80, 0x54, 0x9C], "Samsung"),
    ([0x80, 0x54, 0xD9], "Huawei"),
    ([0x80, 0x54, 0xE3], "Apple"),
    ([0x80, 0x57, 0x19], "Samsung"),
    ([0x80, 0x58, 0xF8], "Lenovo"),
    ([0x80, 0x5A, 0x70], "Fortinet"),
    ([0x80, 0x5F, 0xC5], "Apple"),
    ([0x80, 0x60, 0x36], "Huawei"),
    ([0x80, 0x61, 0x32], "Cisco"),
    ([0x80, 0x64, 0x6F], "Espressif"),
    ([0x80, 0x65, 0x6D], "Samsung"),
    ([0x80, 0x65, 0x7C], "Apple"),
    ([0x80, 0x65, 0x99], "Espressif"),
    ([0x80, 0x69, 0x33], "Huawei"),
    ([0x80, 0x6A, 0x00], "Cisco"),
    ([0x80, 0x6C, 0x1B], "Lenovo"),
    ([0x80, 0x6F, 0x1C], "Huawei"),
    ([0x80, 0x6F, 0xB0], "Texas Instruments"),
    ([0x80, 0x71, 0x1F], "Juniper Networks"),
    ([0x80, 0x71, 0x7A], "Huawei"),
    ([0x80, 0x72, 0x64], "Huawei"),
    ([0x80, 0x75, 0xBF], "Samsung"),
    ([0x80, 0x7A, 0x7F], "ABB"),
    ([0x80, 0x7B, 0x3E], "Samsung"),
    ([0x80, 0x7D, 0x14], "Huawei"),
    ([0x80, 0x7D, 0x3A], "Espressif"),
    ([0x80, 0x7F, 0xF8], "Juniper Networks"),
    ([0x80, 0x80, 0x2C], "Fortinet"),
    ([0x80, 0x82, 0x23], "Apple"),
    ([0x80, 0x83, 0xF6], "Apple"),
    ([0x80, 0x84, 0x89], "Intel"),
    ([0x80, 0x86, 0xD9], "Samsung"),
    ([0x80, 0x86, 0xF2], "Intel"),
    ([0x80, 0x89, 0x17], "TP-LINK"),
    ([0x80, 0x8A, 0xBD], "Samsung"),
    ([0x80, 0x8D, 0xB7], "HP"),
    ([0x80, 0x8F, 0x1D], "TP-LINK"),
    ([0x80, 0x92, 0x9F], "Apple"),
    ([0x80, 0x95, 0x3A], "Apple"),
    ([0x80, 0x95, 0x62], "Extreme Networks"),
    ([0x80, 0x96, 0x21], "Lenovo"),
    ([0x80, 0x96, 0x98], "Apple"),
    ([0x80, 0x99, 0x9B], "Murata"),
    ([0x80, 0x99, 0xCF], "Texas Instruments"),
    ([0x80, 0x9B, 0x20], "Intel"),
    ([0x80, 0x9F, 0xF5], "Samsung"),
    ([0x80, 0xA9, 0x97], "Apple"),
    ([0x80, 0xAC, 0xAC], "Juniper Networks"),
    ([0x80, 0xAE, 0x54], "TP-LINK"),
    ([0x80, 0xAF, 0x19], "Apple"),
    ([0x80, 0xB0, 0x3D], "Apple"),
    ([0x80, 0xB5, 0x4E], "Espressif"),
    ([0x80, 0xB5, 0x75], "Huawei"),
    ([0x80, 0xB5, 0xC6], "Omron"),
    ([0x80, 0xB6, 0x55], "Intel"),
    ([0x80, 0xB6, 0x86], "Huawei"),
    ([0x80, 0xB9, 0x89], "Apple"),
    ([0x80, 0xBE, 0x05], "Apple"),
    ([0x80, 0xC0, 0x1E], "Intel"),
    ([0x80, 0xC1, 0x6E], "HP"),
    ([0x80, 0xC4, 0x1B], "Texas Instruments"),
    ([0x80, 0xC5, 0xE6], "Microsoft"),
    ([0x80, 0xCC, 0x12], "Huawei"),
    ([0x80, 0xCC, 0x9C], "NETGEAR"),
    ([0x80, 0xCE, 0x62], "HP"),
    ([0x80, 0xCE, 0xB9], "Samsung"),
    ([0x80, 0xCF, 0x41], "Lenovo"),
    ([0x80, 0xCF, 0xA2], "Huawei"),
    ([0x80, 0xD0, 0x9B], "Huawei"),
    ([0x80, 0xD1, 0xCE], "Apple"),
    ([0x80, 0xD4, 0xA5], "Huawei"),
    ([0x80, 0xD6, 0x05], "Apple"),
    ([0x80, 0xDB, 0x17], "Juniper Networks"),
    ([0x80, 0xE0, 0x1D], "Cisco"),
    ([0x80, 0xE1, 0xBF], "Huawei"),
    ([0x80, 0xE4, 0xBA], "Intel"),
    ([0x80, 0xE6, 0x50], "Apple"),
    ([0x80, 0xE8, 0x2C], "HP"),
    ([0x80, 0xE8, 0x6F], "Cisco"),
    ([0x80, 0xEA, 0x07], "TP-LINK"),
    ([0x80, 0xEA, 0x96], "Apple"),
    ([0x80, 0xED, 0x2C], "Apple"),
    ([0x80, 0xF1, 0xA4], "Huawei"),
    ([0x80, 0xF1, 0xB2], "Espressif"),
    ([0x80, 0xF3, 0xDA], "Espressif"),
    ([0x80, 0xF5, 0xB5], "Texas Instruments"),
    ([0x80, 0xFB, 0x06], "Huawei"),
    ([0x84, 0x03, 0x28], "Juniper Networks"),
    ([0x84, 0x05, 0x11], "Apple"),
    ([0x84, 0x08, 0x3A], "Intel"),
    ([0x84, 0x0C, 0x6D], "Cisco"),
    ([0x84, 0x0D, 0x8E], "Espressif"),
    ([0x84, 0x0F, 0x4C], "Apple"),
    ([0x84, 0x10, 0x0D], "Lenovo"),
    ([0x84, 0x11, 0x9E], "Samsung"),
    ([0x84, 0x14, 0x4D], "Intel"),
    ([0x84, 0x15, 0xD3], "Huawei"),
    ([0x84, 0x16, 0x0C], "Broadcom"),
    ([0x84, 0x16, 0xF9], "TP-LINK"),
    ([0x84, 0x18, 0x88], "Juniper Networks"),
    ([0x84, 0x19, 0x85], "Samsung"),
    ([0x84, 0x1B, 0x5E], "NETGEAR"),
    ([0x84, 0x1B, 0x77], "Intel"),
    ([0x84, 0x1F, 0xE8], "Espressif"),
    ([0x84, 0x21, 0xF1], "Huawei"),
    ([0x84, 0x22, 0x89], "Samsung"),
    ([0x84, 0x25, 0x19], "Samsung"),
    ([0x84, 0x25, 0xDB], "Samsung"),
    ([0x84, 0x29, 0x99], "Apple"),
    ([0x84, 0x2A, 0xFD], "HP"),
    ([0x84, 0x2B, 0x2B], "Dell"),
    ([0x84, 0x2E, 0x27], "Samsung"),
    ([0x84, 0x2F, 0x57], "Apple"),
    ([0x84, 0x34, 0x97], "HP"),
    ([0x84, 0x37, 0xD5], "Samsung"),
    ([0x84, 0x38, 0x35], "Apple"),
    ([0x84, 0x39, 0x8F], "Fortinet"),
    ([0x84, 0x3A, 0x4B], "Intel"),
    ([0x84, 0x3D, 0xC6], "Cisco"),
    ([0x84, 0x3E, 0x92], "Huawei"),
    ([0x84, 0x41, 0x67], "Apple"),
    ([0x84, 0x46, 0xFE], "Huawei"),
    ([0x84, 0x47, 0x65], "Huawei"),
    ([0x84, 0x50, 0x75], "Huawei"),
    ([0x84, 0x51, 0x81], "Samsung"),
    ([0x84, 0x52, 0x34], "Juniper Networks"),
    ([0x84, 0x54, 0xDF], "Huawei"),
    ([0x84, 0x55, 0xA5], "Samsung"),
    ([0x84, 0x57, 0x33], "Microsoft"),
    ([0x84, 0x5A, 0x3E], "Cisco"),
    ([0x84, 0x5B, 0x12], "Huawei"),
    ([0x84, 0x5C, 0x31], "Dell"),
    ([0x84, 0x5C, 0xF3], "Intel"),
    ([0x84, 0x5F, 0x04], "Samsung"),
    ([0x84, 0x63, 0xD6], "Microsoft"),
    ([0x84, 0x64, 0xDD], "Huawei"),
    ([0x84, 0x68, 0x3E], "Intel"),
    ([0x84, 0x68, 0x78], "Apple"),
    ([0x84, 0x69, 0x93], "HP"),
    ([0x84, 0x71, 0x6A], "Huawei"),
    ([0x84, 0x72, 0x93], "Texas Instruments"),
    ([0x84, 0x76, 0x37], "Huawei"),
    ([0x84, 0x78, 0x48], "Ubiquiti"),
    ([0x84, 0x78, 0x8B], "Apple"),
    ([0x84, 0x78, 0xAC], "Cisco"),
    ([0x84, 0x7B, 0x57], "Intel"),
    ([0x84, 0x7B, 0xEB], "Dell"),
    ([0x84, 0x7C, 0xEE], "Cisco"),
    ([0x84, 0x7E, 0x40], "Texas Instruments"),
    ([0x84, 0x80, 0x2D], "Cisco"),
    ([0x84, 0x85, 0x06], "Apple"),
    ([0x84, 0x88, 0xE1], "Apple"),
    ([0x84, 0x89, 0xAD], "Apple"),
    ([0x84, 0x8A, 0x8D], "Cisco"),
    ([0x84, 0x8C, 0x8D], "Apple"),
    ([0x84, 0x8D, 0xC7], "Cisco"),
    ([0x84, 0x8E, 0x0C], "Apple"),
    ([0x84, 0x8F, 0x69], "Dell"),
    ([0x84, 0x92, 0x65], "Intel"),
    ([0x84, 0x92, 0xE5], "Huawei"),
    ([0x84, 0x93, 0xA0], "Huawei"),
    ([0x84, 0x94, 0x37], "Apple"),
    ([0x84, 0x96, 0x90], "Murata"),
    ([0x84, 0x98, 0x66], "Samsung"),
    ([0x84, 0x98, 0xA7], "Texas Instruments"),
    ([0x84, 0x9F, 0xB5], "Huawei"),
    ([0x84, 0xA1, 0x34], "Apple"),
    ([0x84, 0xA4, 0x66], "Samsung"),
    ([0x84, 0xA6, 0xC8], "Intel"),
    ([0x84, 0xA8, 0xE4], "Huawei"),
    ([0x84, 0xA9, 0x3E], "HP"),
    ([0x84, 0xA9, 0xC4], "Huawei"),
    ([0x84, 0xAB, 0x1A], "Apple"),
    ([0x84, 0xAC, 0x16], "Apple"),
    ([0x84, 0xAD, 0x58], "Huawei"),
    ([0x84, 0xAD, 0x8D], "Apple"),
    ([0x84, 0xB1, 0x53], "Apple"),
    ([0x84, 0xB1, 0xE2], "Microsoft"),
    ([0x84, 0xB1, 0xE4], "Apple"),
    ([0x84, 0xB2, 0x61], "Cisco"),
    ([0x84, 0xB5, 0x17], "Cisco"),
    ([0x84, 0xB5, 0x41], "Samsung"),
    ([0x84, 0xB5, 0x9C], "Juniper Networks"),
    ([0x84, 0xB8, 0x02], "Cisco"),
    ([0x84, 0xB8, 0x90], "TP-LINK"),
    ([0x84, 0xBB, 0x26], "Texas Instruments"),
    ([0x84, 0xBE, 0x52], "Huawei"),
    ([0x84, 0xC0, 0xEF], "Samsung"),
    ([0x84, 0xC1, 0xC1], "Juniper Networks"),
    ([0x84, 0xC5, 0xA6], "Intel"),
    ([0x84, 0xC6, 0x92], "Texas Instruments"),
    ([0x84, 0xCC, 0x63], "Huawei"),
    ([0x84, 0xCC, 0xA8], "Espressif"),
    ([0x84, 0xD1, 0xC1], "Intel"),
    ([0x84, 0xD3, 0x28], "Apple"),
    ([0x84, 0xD3, 0xD5], "Huawei"),
    ([0x84, 0xD4, 0x12], "Palo Alto Networks"),
    ([0x84, 0xD4, 0x7E], "HP"),
    ([0x84, 0xD7, 0xDE], "Huawei"),
    ([0x84, 0xD8, 0x1B], "TP-LINK"),
    ([0x84, 0xDB, 0xA4], "Huawei"),
    ([0x84, 0xDB, 0xAC], "Huawei"),
    ([0x84, 0xDD, 0x20], "Texas Instruments"),
    ([0x84, 0xE9, 0x86], "Huawei"),
    ([0x84, 0xEB, 0x18], "Texas Instruments"),
    ([0x84, 0xEB, 0xEF], "Cisco"),
    ([0x84, 0xEE, 0x7F], "Huawei"),
    ([0x84, 0xEE, 0xE4], "Samsung"),
    ([0x84, 0xEF, 0x18], "Intel"),
    ([0x84, 0xF1, 0x47], "Cisco"),
    ([0x84, 0xF3, 0xEB], "Espressif"),
    ([0x84, 0xF7, 0x03], "Espressif"),
    ([0x84, 0xFC, 0xAC], "Apple"),
    ([0x84, 0xFC, 0xE6], "Espressif"),
    ([0x84, 0xFC, 0xFE], "Apple"),
    ([0x84, 0xFD, 0xD1], "Intel"),
    ([0x84, 0xFE, 0x40], "Huawei"),
    ([0x84, 0xFF, 0xC2], "Cisco"),
    ([0x88, 0x01, 0xF9], "Texas Instruments"),
    ([0x88, 0x0A, 0xA3], "Juniper Networks"),
    ([0x88, 0x0C, 0xE0], "Texas Instruments"),
    ([0x88, 0x10, 0x8F], "Huawei"),
    ([0x88, 0x11, 0x96], "Huawei"),
    ([0x88, 0x12, 0x4E], "Qualcomm"),
    ([0x88, 0x13, 0xBF], "Espressif"),
    ([0x88, 0x15, 0x44], "Cisco"),
    ([0x88, 0x15, 0x66], "Huawei"),
    ([0x88, 0x15, 0xC5], "Huawei"),
    ([0x88, 0x19, 0x08], "Apple"),
    ([0x88, 0x1D, 0xFC], "Cisco"),
    ([0x88, 0x1E, 0x5A], "Apple"),
    ([0x88, 0x1F, 0xA1], "Apple"),
    ([0x88, 0x20, 0x0D], "Apple"),
    ([0x88, 0x22, 0x5B], "HP"),
    ([0x88, 0x25, 0x10], "HP"),
    ([0x88, 0x25, 0x93], "TP-LINK"),
    ([0x88, 0x28, 0xB3], "Huawei"),
    ([0x88, 0x28, 0xFB], "Juniper Networks"),
    ([0x88, 0x29, 0x9C], "Samsung"),
    ([0x88, 0x30, 0x37], "Juniper Networks"),
    ([0x88, 0x30, 0x8A], "Murata"),
    ([0x88, 0x33, 0x14], "Texas Instruments"),
    ([0x88, 0x36, 0xCF], "Huawei"),
    ([0x88, 0x3A, 0x30], "HP"),
    ([0x88, 0x3F, 0x27], "Huawei"),
    ([0x88, 0x3F, 0x4A], "Texas Instruments"),
    ([0x88, 0x3F, 0x99], "Siemens"),
    ([0x88, 0x3F, 0xD3], "Huawei"),
    ([0x88, 0x40, 0x33], "Huawei"),
    ([0x88, 0x40, 0x3B], "Huawei"),
    ([0x88, 0x43, 0xE1], "Cisco"),
    ([0x88, 0x44, 0x77], "Huawei"),
    ([0x88, 0x4A, 0xEA], "Texas Instruments"),
    ([0x88, 0x4B, 0x39], "Siemens"),
    ([0x88, 0x4D, 0x7C], "Apple"),
    ([0x88, 0x4F, 0x59], "Cisco"),
    ([0x88, 0x51, 0xF2], "Apple"),
    ([0x88, 0x51, 0xFB], "HP"),
    ([0x88, 0x53, 0x2E], "Intel"),
    ([0x88, 0x53, 0x95], "Apple"),
    ([0x88, 0x53, 0xD4], "Huawei"),
    ([0x88, 0x54, 0x6B], "Texas Instruments"),
    ([0x88, 0x56, 0xA6], "Espressif"),
    ([0x88, 0x57, 0x21], "Espressif"),
    ([0x88, 0x5A, 0x92], "Cisco"),
    ([0x88, 0x5B, 0xDD], "Extreme Networks"),
    ([0x88, 0x5E, 0x54], "Samsung"),
    ([0x88, 0x63, 0xC5], "Huawei"),
    ([0x88, 0x63, 0xDF], "Apple"),
    ([0x88, 0x64, 0x40], "Apple"),
    ([0x88, 0x66, 0x39], "Huawei"),
    ([0x88, 0x66, 0x5A], "Apple"),
    ([0x88, 0x66, 0xA5], "Apple"),
    ([0x88, 0x67, 0xDC], "Huawei"),
    ([0x88, 0x69, 0x3D], "Huawei"),
    ([0x88, 0x6B, 0x6E], "Apple"),
    ([0x88, 0x6B, 0xDB], "Apple"),
    ([0x88, 0x6D, 0x2D], "Huawei"),
    ([0x88, 0x6E, 0xEB], "Huawei"),
    ([0x88, 0x6F, 0xD4], "Dell"),
    ([0x88, 0x70, 0x15], "Apple"),
    ([0x88, 0x70, 0x8C], "Lenovo"),
    ([0x88, 0x74, 0x77], "Huawei"),
    ([0x88, 0x75, 0x56], "Cisco"),
    ([0x88, 0x75, 0x98], "Samsung"),
    ([0x88, 0x78, 0x73], "Intel"),
    ([0x88, 0x79, 0x7E], "Lenovo"),
    ([0x88, 0x7A, 0xBC], "Cisco"),
    ([0x88, 0x7E, 0x25], "Extreme Networks"),
    ([0x88, 0x7E, 0x9B], "Apple"),
    ([0x88, 0x81, 0xB9], "Huawei"),
    ([0x88, 0x83, 0x22], "Samsung"),
    ([0x88, 0x86, 0x03], "Huawei"),
    ([0x88, 0x89, 0x2F], "Huawei"),
    ([0x88, 0x8E, 0x68], "Huawei"),
    ([0x88, 0x8F, 0xA4], "Huawei"),
    ([0x88, 0x90, 0x09], "Juniper Networks"),
    ([0x88, 0x90, 0x8D], "Cisco"),
    ([0x88, 0x94, 0x71], "Brocade"),
    ([0x88, 0x99, 0x86], "TP-LINK"),
    ([0x88, 0x9B, 0x39], "Samsung"),
    ([0x88, 0x9C, 0xAD], "Cisco"),
    ([0x88, 0x9F, 0x6F], "Samsung"),
    ([0x88, 0xA0, 0xBE], "Huawei"),
    ([0x88, 0xA2, 0x5E], "Juniper Networks"),
    ([0x88, 0xA2, 0x9E], "Raspberry Pi"),
    ([0x88, 0xA2, 0xD7], "Huawei"),
    ([0x88, 0xA3, 0x03], "Samsung"),
    ([0x88, 0xA4, 0x79], "Apple"),
    ([0x88, 0xA9, 0xB7], "Apple"),
    ([0x88, 0xAD, 0xD2], "Samsung"),
    ([0x88, 0xAE, 0x07], "Apple"),
    ([0x88, 0xB1, 0x11], "Intel"),
    ([0x88, 0xB2, 0x91], "Apple"),
    ([0x88, 0xB4, 0xA6], "Lenovo"),
    ([0x88, 0xB4, 0xBE], "Huawei"),
    ([0x88, 0xB7, 0xEB], "Apple"),
    ([0x88, 0xB9, 0x45], "Apple"),
    ([0x88, 0xBC, 0xC1], "Huawei"),
    ([0x88, 0xBD, 0x45], "Samsung"),
    ([0x88, 0xBF, 0xE4], "Huawei"),
    ([0x88, 0xC0, 0x8B], "Apple"),
    ([0x88, 0xC2, 0x27], "Huawei"),
    ([0x88, 0xC2, 0x55], "Texas Instruments"),
    ([0x88, 0xC6, 0x63], "Apple"),
    ([0x88, 0xC6, 0xE8], "Huawei"),
    ([0x88, 0xCB, 0x87], "Apple"),
    ([0x88, 0xCE, 0x3F], "Huawei"),
    ([0x88, 0xCE, 0xFA], "Huawei"),
    ([0x88, 0xCF, 0x98], "Huawei"),
    ([0x88, 0xCF, 0xCD], "Texas Instruments"),
    ([0x88, 0xD5, 0x46], "Apple"),
    ([0x88, 0xD7, 0xF6], "ASUS"),
    ([0x88, 0xD8, 0x2E], "Intel"),
    ([0x88, 0xD9, 0x8F], "Juniper Networks"),
    ([0x88, 0xDA, 0x04], "Huawei"),
    ([0x88, 0xDD, 0xB8], "Huawei"),
    ([0x88, 0xE0, 0x56], "Huawei"),
    ([0x88, 0xE0, 0xF3], "Juniper Networks"),
    ([0x88, 0xE3, 0xAB], "Huawei"),
    ([0x88, 0xE6, 0x4B], "Juniper Networks"),
    ([0x88, 0xE8, 0x7F], "Apple"),
    ([0x88, 0xE9, 0xA4], "HP"),
    ([0x88, 0xE9, 0xFE], "Apple"),
    ([0x88, 0xF0, 0x31], "Cisco"),
    ([0x88, 0xF0, 0x77], "Cisco"),
    ([0x88, 0xF1, 0x55], "Espressif"),
    ([0x88, 0xF4, 0xDA], "Intel"),
    ([0x88, 0xF5, 0x6E], "Huawei"),
    ([0x88, 0xF6, 0xDC], "Huawei"),
    ([0x88, 0xF8, 0x72], "Huawei"),
    ([0x88, 0xFC, 0x5D], "Cisco"),
    ([0x8C, 0x00, 0x6D], "Apple"),
    ([0x8C, 0x04, 0xBA], "Dell"),
    ([0x8C, 0x05, 0x72], "Huawei"),
    ([0x8C, 0x08, 0x79], "Texas Instruments"),
    ([0x8C, 0x08, 0xAA], "Apple"),
    ([0x8C, 0x0D, 0x76], "Huawei"),
    ([0x8C, 0x0F, 0xC9], "Huawei"),
    ([0x8C, 0x14, 0x2A], "Cisco"),
    ([0x8C, 0x15, 0xC7], "Huawei"),
    ([0x8C, 0x17, 0x59], "Intel"),
    ([0x8C, 0x17, 0xB6], "Huawei"),
    ([0x8C, 0x1A, 0xBF], "Samsung"),
    ([0x8C, 0x1D, 0x96], "Intel"),
    ([0x8C, 0x1E, 0x80], "Cisco"),
    ([0x8C, 0x21, 0x0A], "TP-LINK"),
    ([0x8C, 0x25, 0x05], "Huawei"),
    ([0x8C, 0x26, 0xAA], "Apple"),
    ([0x8C, 0x29, 0x37], "Apple"),
    ([0x8C, 0x2D, 0xAA], "Apple"),
    ([0x8C, 0x2E, 0x72], "Samsung"),
    ([0x8C, 0x30, 0x66], "Ubiquiti"),
    ([0x8C, 0x33, 0x96], "Apple"),
    ([0x8C, 0x34, 0x46], "Huawei"),
    ([0x8C, 0x34, 0xFD], "Huawei"),
    ([0x8C, 0x36, 0x7A], "Palo Alto Networks"),
    ([0x8C, 0x3B, 0xAD], "NETGEAR"),
    ([0x8C, 0x42, 0x6D], "Huawei"),
    ([0x8C, 0x44, 0xA5], "Cisco"),
    ([0x8C, 0x45, 0x00], "Murata"),
    ([0x8C, 0x47, 0xBE], "Dell"),
    ([0x8C, 0x49, 0x7A], "Extreme Networks"),
    ([0x8C, 0x4B, 0x14], "Espressif"),
    ([0x8C, 0x4E, 0x46], "Lenovo"),
    ([0x8C, 0x4F, 0x00], "Espressif"),
    ([0x8C, 0x55, 0x4A], "Intel"),
    ([0x8C, 0x58, 0x77], "Apple"),
    ([0x8C, 0x5A, 0xC1], "Huawei"),
    ([0x8C, 0x5E, 0xBD], "Huawei"),
    ([0x8C, 0x60, 0x4F], "Cisco"),
    ([0x8C, 0x68, 0x3A], "Huawei"),
    ([0x8C, 0x6A, 0x3B], "Samsung"),
    ([0x8C, 0x6B, 0xDB], "Huawei"),
    ([0x8C, 0x6D, 0x77], "Huawei"),
    ([0x8C, 0x70, 0x5A], "Intel"),
    ([0x8C, 0x71, 0xF8], "Samsung"),
    ([0x8C, 0x77, 0x12], "Samsung"),
    ([0x8C, 0x79, 0x09], "HP"),
    ([0x8C, 0x79, 0xF5], "Samsung"),
    ([0x8C, 0x7A, 0xAA], "Apple"),
    ([0x8C, 0x7B, 0x9D], "Apple"),
    ([0x8C, 0x7C, 0x92], "Apple"),
    ([0x8C, 0x7C, 0xFF], "Brocade"),
    ([0x8C, 0x83, 0xE1], "Samsung"),
    ([0x8C, 0x83, 0xE8], "Huawei"),
    ([0x8C, 0x84, 0x42], "Cisco"),
    ([0x8C, 0x84, 0x74], "Broadcom"),
    ([0x8C, 0x85, 0x90], "Apple"),
    ([0x8C, 0x85, 0xC1], "HP"),
    ([0x8C, 0x86, 0x1E], "Apple"),
    ([0x8C, 0x86, 0x2A], "Huawei"),
    ([0x8C, 0x86, 0xDD], "TP-LINK"),
    ([0x8C, 0x88, 0x81], "Cisco"),
    ([0x8C, 0x8A, 0xCD], "Huawei"),
    ([0x8C, 0x8B, 0x83], "Texas Instruments"),
    ([0x8C, 0x8C, 0x29], "Espressif"),
    ([0x8C, 0x8D, 0x28], "Intel"),
    ([0x8C, 0x8E, 0xF2], "Apple"),
    ([0x8C, 0x8F, 0xE9], "Apple"),
    ([0x8C, 0x90, 0x2D], "TP-LINK"),
    ([0x8C, 0x91, 0xA4], "Apple"),
    ([0x8C, 0x94, 0x1F], "Cisco"),
    ([0x8C, 0x94, 0x61], "Cisco"),
    ([0x8C, 0x94, 0xDF], "Espressif"),
    ([0x8C, 0x98, 0x6B], "Apple"),
    ([0x8C, 0x98, 0x85], "Samsung"),
    ([0x8C, 0xA3, 0xEC], "Samsung"),
    ([0x8C, 0xA5, 0xCF], "Huawei"),
    ([0x8C, 0xA6, 0xDF], "TP-LINK"),
    ([0x8C, 0xA9, 0x6D], "Huawei"),
    ([0x8C, 0xA9, 0x82], "Intel"),
    ([0x8C, 0xAA, 0xB5], "Espressif"),
    ([0x8C, 0xB0, 0xE9], "Samsung"),
    ([0x8C, 0xB5, 0x0E], "Cisco"),
    ([0x8C, 0xB6, 0x4F], "Cisco"),
    ([0x8C, 0xB8, 0x7E], "Intel"),
    ([0x8C, 0xBF, 0xA6], "Samsung"),
    ([0x8C, 0xBF, 0xEA], "Espressif"),
    ([0x8C, 0xC5, 0xD0], "Samsung"),
    ([0x8C, 0xC6, 0x81], "Intel"),
    ([0x8C, 0xC8, 0xCD], "Samsung"),
    ([0x8C, 0xC9, 0xE9], "Huawei"),
    ([0x8C, 0xCE, 0x4E], "Espressif"),
    ([0x8C, 0xCF, 0x09], "Dell"),
    ([0x8C, 0xD0, 0x66], "Texas Instruments"),
    ([0x8C, 0xDC, 0xD4], "HP"),
    ([0x8C, 0xDE, 0xE6], "Samsung"),
    ([0x8C, 0xE5, 0xC0], "Samsung"),
    ([0x8C, 0xE5, 0xEF], "Huawei"),
    ([0x8C, 0xE9, 0xEE], "Intel"),
    ([0x8C, 0xE9, 0xFF], "Dell"),
    ([0x8C, 0xEA, 0x48], "Samsung"),
    ([0x8C, 0xEB, 0xC6], "Huawei"),
    ([0x8C, 0xEC, 0x4B], "Dell"),
    ([0x8C, 0xEC, 0x7B], "Apple"),
    ([0x8C, 0xED, 0xE1], "Ubiquiti"),
    ([0x8C, 0xF1, 0x12], "Lenovo"),
    ([0x8C, 0xF3, 0x19], "Siemens"),
    ([0x8C, 0xF8, 0xC5], "Intel"),
    ([0x8C, 0xFA, 0xBA], "Apple"),
    ([0x8C, 0xFA, 0xDD], "Huawei"),
    ([0x8C, 0xFD, 0x18], "Huawei"),
    ([0x8C, 0xFD, 0x49], "Espressif"),
    ([0x8C, 0xFD, 0xF0], "Qualcomm"),
    ([0x8C, 0xFE, 0x57], "Apple"),
    ([0x90, 0x00, 0xDB], "Samsung"),
    ([0x90, 0x01, 0x17], "Huawei"),
    ([0x90, 0x03, 0x25], "Huawei"),
    ([0x90, 0x06, 0x28], "Samsung"),
    ([0x90, 0x06, 0xDB], "Huawei"),
    ([0x90, 0x06, 0xF2], "Texas Instruments"),
    ([0x90, 0x09, 0xDF], "Intel"),
    ([0x90, 0x0A, 0x48], "Samsung"),
    ([0x90, 0x10, 0x57], "Intel"),
    ([0x90, 0x15, 0x06], "Espressif"),
    ([0x90, 0x16, 0xBA], "Huawei"),
    ([0x90, 0x17, 0x3F], "Huawei"),
    ([0x90, 0x17, 0xAC], "Huawei"),
    ([0x90, 0x17, 0xC8], "Huawei"),
    ([0x90, 0x20, 0xC2], "HP"),
    ([0x90, 0x20, 0xD7], "Microsoft"),
    ([0x90, 0x25, 0xF2], "Huawei"),
    ([0x90, 0x27, 0xE4], "Apple"),
    ([0x90, 0x2B, 0x34], "Gigabyte"),
    ([0x90, 0x2B, 0xD2], "Huawei"),
    ([0x90, 0x2C, 0x09], "Apple"),
    ([0x90, 0x2E, 0x1C], "Intel"),
    ([0x90, 0x35, 0xA2], "Apple"),
    ([0x90, 0x38, 0x0C], "Espressif"),
    ([0x90, 0x3C, 0x92], "Apple"),
    ([0x90, 0x3F, 0xC3], "Huawei"),
    ([0x90, 0x3F, 0xEA], "Huawei"),
    ([0x90, 0x41, 0xB2], "Ubiquiti"),
    ([0x90, 0x47, 0xC2], "Intel"),
    ([0x90, 0x48, 0x46], "Texas Instruments"),
    ([0x90, 0x49, 0xFA], "Intel"),
    ([0x90, 0x4C, 0x81], "HP"),
    ([0x90, 0x4C, 0xC5], "Apple"),
    ([0x90, 0x4E, 0x2B], "Huawei"),
    ([0x90, 0x51, 0xF8], "HP"),
    ([0x90, 0x56, 0x71], "Cisco"),
    ([0x90, 0x59, 0xAF], "Texas Instruments"),
    ([0x90, 0x5E, 0x44], "Huawei"),
    ([0x90, 0x5F, 0x7A], "Apple"),
    ([0x90, 0x60, 0xF1], "Apple"),
    ([0x90, 0x61, 0xAE], "Intel"),
    ([0x90, 0x62, 0x3F], "Apple"),
    ([0x90, 0x63, 0x3B], "Samsung"),
    ([0x90, 0x64, 0x9B], "Espressif"),
    ([0x90, 0x64, 0xAD], "Huawei"),
    ([0x90, 0x65, 0x84], "Intel"),
    ([0x90, 0x67, 0x1C], "Huawei"),
    ([0x90, 0x68, 0xC3], "Lenovo"),
    ([0x90, 0x6A, 0xEB], "Microsoft"),
    ([0x90, 0x6C, 0xAC], "Fortinet"),
    ([0x90, 0x70, 0x65], "Texas Instruments"),
    ([0x90, 0x70, 0x69], "Espressif"),
    ([0x90, 0x72, 0x40], "Apple"),
    ([0x90, 0x73, 0x5A], "Lenovo"),
    ([0x90, 0x77, 0xEE], "Cisco"),
    ([0x90, 0x78, 0x41], "Intel"),
    ([0x90, 0x7B, 0xC6], "Texas Instruments"),
    ([0x90, 0x80, 0x8F], "Huawei"),
    ([0x90, 0x81, 0x2A], "Apple"),
    ([0x90, 0x81, 0x58], "Apple"),
    ([0x90, 0x81, 0x75], "Samsung"),
    ([0x90, 0x83, 0x7A], "GE"),
    ([0x90, 0x84, 0x0D], "Apple"),
    ([0x90, 0x88, 0x55], "Cisco"),
    ([0x90, 0x8A, 0x80], "Cisco"),
    ([0x90, 0x8C, 0x43], "Apple"),
    ([0x90, 0x8D, 0x6C], "Apple"),
    ([0x90, 0x8D, 0x6E], "Dell"),
    ([0x90, 0x94, 0x97], "Huawei"),
    ([0x90, 0x95, 0x07], "Huawei"),
    ([0x90, 0x97, 0xD5], "Espressif"),
    ([0x90, 0x97, 0xF3], "Samsung"),
    ([0x90, 0x98, 0x38], "Huawei"),
    ([0x90, 0x9A, 0x4A], "TP-LINK"),
    ([0x90, 0x9A, 0x77], "Texas Instruments"),
    ([0x90, 0x9B, 0x6F], "Apple"),
    ([0x90, 0x9C, 0x4A], "Apple"),
    ([0x90, 0xA2, 0x5B], "Apple"),
    ([0x90, 0xA5, 0x7D], "Huawei"),
    ([0x90, 0xA5, 0xAF], "Huawei"),
    ([0x90, 0xAC, 0x6D], "Apple"),
    ([0x90, 0xAE, 0x1B], "TP-LINK"),
    ([0x90, 0xB0, 0x21], "Intel"),
    ([0x90, 0xB0, 0xED], "Apple"),
    ([0x90, 0xB1, 0x1C], "Dell"),
    ([0x90, 0xB1, 0x44], "Samsung"),
    ([0x90, 0xB1, 0x76], "Intel"),
    ([0x90, 0xB2, 0x1F], "Apple"),
    ([0x90, 0xB6, 0x22], "Samsung"),
    ([0x90, 0xB6, 0x86], "Murata"),
    ([0x90, 0xB7, 0x90], "Apple"),
    ([0x90, 0xB8, 0x32], "Extreme Networks"),
    ([0x90, 0xB9, 0x31], "Apple"),
    ([0x90, 0xB9, 0xF9], "Lenovo"),
    ([0x90, 0xBA, 0x09], "Huawei"),
    ([0x90, 0xC1, 0xC6], "Apple"),
    ([0x90, 0xCC, 0x7A], "Huawei"),
    ([0x90, 0xCC, 0xDF], "Intel"),
    ([0x90, 0xCD, 0xE8], "Apple"),
    ([0x90, 0xCE, 0xB8], "Texas Instruments"),
    ([0x90, 0xD7, 0x33], "Huawei"),
    ([0x90, 0xD7, 0xEB], "Texas Instruments"),
    ([0x90, 0xDA, 0x72], "Espressif"),
    ([0x90, 0xDA, 0xF9], "Siemens"),
    ([0x90, 0xDD, 0x5D], "Apple"),
    ([0x90, 0xE1, 0x7B], "Apple"),
    ([0x90, 0xE2, 0x02], "Texas Instruments"),
    ([0x90, 0xE2, 0xBA], "Intel"),
    ([0x90, 0xE5, 0xB1], "Espressif"),
    ([0x90, 0xE6, 0xBA], "ASUS"),
    ([0x90, 0xE9, 0x5E], "Cisco"),
    ([0x90, 0xEB, 0x50], "Cisco"),
    ([0x90, 0xEC, 0xEA], "Apple"),
    ([0x90, 0xEE, 0xC7], "Samsung"),
    ([0x90, 0xF1, 0xAA], "Samsung"),
    ([0x90, 0xF6, 0x44], "Huawei"),
    ([0x90, 0xF6, 0x52], "TP-LINK"),
    ([0x90, 0xF9, 0x70], "Huawei"),
    ([0x90, 0xF9, 0xB7], "Huawei"),
    ([0x90, 0xFD, 0x61], "Apple"),
    ([0x94, 0x00, 0xB0], "Huawei"),
    ([0x94, 0x01, 0xC2], "Samsung"),
    ([0x94, 0x04, 0x9C], "Huawei"),
    ([0x94, 0x08, 0xC7], "Huawei"),
    ([0x94, 0x0B, 0x19], "Huawei"),
    ([0x94, 0x0B, 0xCD], "Apple"),
    ([0x94, 0x0C, 0x6D], "TP-LINK"),
    ([0x94, 0x0C, 0x98], "Apple"),
    ([0x94, 0x0D, 0x4B], "Cisco"),
    ([0x94, 0x0E, 0x6B], "Huawei"),
    ([0x94, 0x0E, 0xE7], "Huawei"),
    ([0x94, 0x10, 0x5A], "Dell"),
    ([0x94, 0x15, 0xB2], "Huawei"),
    ([0x94, 0x16, 0x25], "Apple"),
    ([0x94, 0x18, 0x65], "NETGEAR"),
    ([0x94, 0x18, 0x82], "HP"),
    ([0x94, 0x21, 0x57], "Apple"),
    ([0x94, 0x24, 0x53], "Huawei"),
    ([0x94, 0x25, 0x33], "Huawei"),
    ([0x94, 0x26, 0x1D], "Huawei"),
    ([0x94, 0x27, 0x0E], "Intel"),
    ([0x94, 0x2A, 0x6F], "Ubiquiti"),
    ([0x94, 0x2B, 0x68], "Apple"),
    ([0x94, 0x2D, 0xDC], "Samsung"),
    ([0x94, 0x2E, 0x17], "Schneider Electric"),
    ([0x94, 0x33, 0xD8], "Cisco"),
    ([0x94, 0x35, 0x0A], "Samsung"),
    ([0x94, 0x35, 0x89], "Huawei"),
    ([0x94, 0x37, 0xF7], "Huawei"),
    ([0x94, 0x39, 0x0E], "Intel"),
    ([0x94, 0x3B, 0x22], "NETGEAR"),
    ([0x94, 0x3C, 0xC6], "Espressif"),
    ([0x94, 0x3F, 0xC2], "HP"),
    ([0x94, 0x3F, 0xD6], "Apple"),
    ([0x94, 0x40, 0xC9], "HP"),
    ([0x94, 0x40, 0xF3], "Huawei"),
    ([0x94, 0x46, 0x67], "Cisco"),
    ([0x94, 0x47, 0x88], "Huawei"),
    ([0x94, 0x50, 0x44], "Texas Instruments"),
    ([0x94, 0x51, 0x03], "Samsung"),
    ([0x94, 0x51, 0xDC], "Espressif"),
    ([0x94, 0x52, 0x44], "Samsung"),
    ([0x94, 0x53, 0xFF], "Intel"),
    ([0x94, 0x54, 0xC5], "Espressif"),
    ([0x94, 0x56, 0x41], "Palo Alto Networks"),
    ([0x94, 0x57, 0xA5], "HP"),
    ([0x94, 0x59, 0x07], "Hirschmann"),
    ([0x94, 0x5A, 0xEA], "Huawei"),
    ([0x94, 0x5C, 0x9A], "Apple"),
    ([0x94, 0x60, 0x10], "Huawei"),
    ([0x94, 0x60, 0xD5], "HP"),
    ([0x94, 0x63, 0xD1], "Samsung"),
    ([0x94, 0x64, 0x24], "HP"),
    ([0x94, 0x65, 0x9C], "Intel"),
    ([0x94, 0x67, 0x7E], "Hirschmann"),
    ([0x94, 0x76, 0xB7], "Samsung"),
    ([0x94, 0x77, 0x2B], "Huawei"),
    ([0x94, 0x7A, 0xF4], "Huawei"),
    ([0x94, 0x7B, 0xE7], "Samsung"),
    ([0x94, 0x7D, 0x77], "Huawei"),
    ([0x94, 0x88, 0x54], "Texas Instruments"),
    ([0x94, 0x89, 0x78], "Apple"),
    ([0x94, 0x8B, 0xC1], "Samsung"),
    ([0x94, 0x90, 0x10], "Huawei"),
    ([0x94, 0x94, 0x26], "Apple"),
    ([0x94, 0x9A, 0xA9], "Microsoft"),
    ([0x94, 0x9B, 0x2C], "Extreme Networks"),
    ([0x94, 0x9C, 0xBE], "Huawei"),
    ([0x94, 0xA0, 0x7D], "Huawei"),
    ([0x94, 0xA2, 0x5D], "Huawei"),
    ([0x94, 0xA4, 0xB5], "Mitsubishi Electric"),
    ([0x94, 0xA4, 0xF9], "Huawei"),
    ([0x94, 0xA6, 0x7E], "NETGEAR"),
    ([0x94, 0xA9, 0x90], "Espressif"),
    ([0x94, 0xA9, 0xA8], "Texas Instruments"),
    ([0x94, 0xAD, 0x23], "Apple"),
    ([0x94, 0xAE, 0xE3], "Hirschmann"),
    ([0x94, 0xAE, 0xF0], "Cisco"),
    ([0x94, 0xB0, 0x1F], "Apple"),
    ([0x94, 0xB1, 0x0A], "Samsung"),
    ([0x94, 0xB2, 0x71], "Huawei"),
    ([0x94, 0xB4, 0x0F], "HP"),
    ([0x94, 0xB5, 0x55], "Espressif"),
    ([0x94, 0xB6, 0x09], "Intel"),
    ([0x94, 0xB8, 0x6D], "Intel"),
    ([0x94, 0xB9, 0x7E], "Espressif"),
    ([0x94, 0xBF, 0x2D], "Apple"),
    ([0x94, 0xBF, 0x94], "Juniper Networks"),
    ([0x94, 0xCA, 0x0F], "Honeywell"),
    ([0x94, 0xCE, 0x0F], "Huawei"),
    ([0x94, 0xCF, 0xB0], "Huawei"),
    ([0x94, 0xD0, 0x0D], "Huawei"),
    ([0x94, 0xD2, 0xBC], "Huawei"),
    ([0x94, 0xD4, 0x69], "Cisco"),
    ([0x94, 0xD5, 0x4D], "Huawei"),
    ([0x94, 0xD7, 0x71], "Samsung"),
    ([0x94, 0xD9, 0xB3], "TP-LINK"),
    ([0x94, 0xDB, 0xDA], "Huawei"),
    ([0x94, 0xDE, 0x80], "Gigabyte"),
    ([0x94, 0xDF, 0x34], "Huawei"),
    ([0x94, 0xE1, 0x29], "Samsung"),
    ([0x94, 0xE2, 0x3C], "Intel"),
    ([0x94, 0xE3, 0x00], "Huawei"),
    ([0x94, 0xE3, 0x6D], "Texas Instruments"),
    ([0x94, 0xE4, 0xBA], "Huawei"),
    ([0x94, 0xE6, 0x86], "Espressif"),
    ([0x94, 0xE6, 0xBA], "Samsung"),
    ([0x94, 0xE6, 0xF7], "Intel"),
    ([0x94, 0xE7, 0x0B], "Intel"),
    ([0x94, 0xE7, 0xEA], "Huawei"),
    ([0x94, 0xE7, 0xF3], "Huawei"),
    ([0x94, 0xE9, 0x6A], "Apple"),
    ([0x94, 0xE9, 0xEE], "Huawei"),
    ([0x94, 0xEA, 0x32], "Apple"),
    ([0x94, 0xEF, 0x50], "TP-LINK"),
    ([0x94, 0xF1, 0x28], "HP"),
    ([0x94, 0xF3, 0x92], "Fortinet"),
    ([0x94, 0xF6, 0xA3], "Apple"),
    ([0x94, 0xF6, 0xD6], "Apple"),
    ([0x94, 0xF7, 0xAD], "Juniper Networks"),
    ([0x94, 0xFC, 0x87], "Hirschmann"),
    ([0x94, 0xFE, 0x22], "Huawei"),
    ([0x94, 0xFF, 0x06], "HP"),
    ([0x94, 0xFF, 0x3C], "Fortinet"),
    ([0x98, 0x00, 0xC6], "Apple"),
    ([0x98, 0x01, 0xA7], "Apple"),
    ([0x98, 0x03, 0x8A], "Texas Instruments"),
    ([0x98, 0x03, 0x8E], "TP-LINK"),
    ([0x98, 0x03, 0xA0], "ABB"),
    ([0x98, 0x03, 0xD8], "Apple"),
    ([0x98, 0x04, 0x5F], "Huawei"),
    ([0x98, 0x06, 0x3C], "Samsung"),
    ([0x98, 0x07, 0x09], "Huawei"),
    ([0x98, 0x07, 0x2D], "Texas Instruments"),
    ([0x98, 0x0D, 0x51], "Huawei"),
    ([0x98, 0x0D, 0x6F], "Samsung"),
    ([0x98, 0x0D, 0xAF], "Apple"),
    ([0x98, 0x10, 0xE8], "Apple"),
    ([0x98, 0x18, 0x88], "Cisco"),
    ([0x98, 0x1A, 0x35], "Huawei"),
    ([0x98, 0x1C, 0xA2], "Apple"),
    ([0x98, 0x1D, 0xFA], "Samsung"),
    ([0x98, 0x24, 0x7B], "Huawei"),
    ([0x98, 0x25, 0x4A], "TP-LINK"),
    ([0x98, 0x2A, 0xFD], "Huawei"),
    ([0x98, 0x2B, 0xA6], "Lenovo"),
    ([0x98, 0x2C, 0xBC], "Intel"),
    ([0x98, 0x2D, 0x68], "Samsung"),
    ([0x98, 0x2F, 0xF8], "Huawei"),
    ([0x98, 0x35, 0xED], "Huawei"),
    ([0x98, 0x39, 0x8E], "Samsung"),
    ([0x98, 0x3B, 0x8F], "Intel"),
    ([0x98, 0x3C, 0x8C], "Apple"),
    ([0x98, 0x3D, 0xAE], "Espressif"),
    ([0x98, 0x3F, 0x60], "Huawei"),
    ([0x98, 0x3F, 0xE8], "Samsung"),
    ([0x98, 0x40, 0xBB], "Dell"),
    ([0x98, 0x43, 0xFA], "Intel"),
    ([0x98, 0x44, 0xCE], "Huawei"),
    ([0x98, 0x46, 0x0A], "Apple"),
    ([0x98, 0x48, 0x27], "TP-LINK"),
    ([0x98, 0x48, 0x74], "Huawei"),
    ([0x98, 0x49, 0x25], "Juniper Networks"),
    ([0x98, 0x4B, 0x06], "Huawei"),
    ([0x98, 0x4B, 0xE1], "HP"),
    ([0x98, 0x4E, 0x8A], "Samsung"),
    ([0x98, 0x4F, 0xEE], "Intel"),
    ([0x98, 0x50, 0x2E], "Apple"),
    ([0x98, 0x52, 0x07], "Huawei"),
    ([0x98, 0x52, 0xB1], "Samsung"),
    ([0x98, 0x53, 0x5F], "Huawei"),
    ([0x98, 0x54, 0x1B], "Intel"),
    ([0x98, 0x59, 0x45], "Texas Instruments"),
    ([0x98, 0x59, 0x7A], "Intel"),
    ([0x98, 0x5A, 0x98], "Huawei"),
    ([0x98, 0x5A, 0xEB], "Apple"),
    ([0x98, 0x5D, 0xAD], "Texas Instruments"),
    ([0x98, 0x5F, 0x41], "Intel"),
    ([0x98, 0x5F, 0xD3], "Microsoft"),
    ([0x98, 0x60, 0xCA], "Apple"),
    ([0x98, 0x61, 0x10], "Huawei"),
    ([0x98, 0x69, 0x8A], "Apple"),
    ([0x98, 0x6D, 0xC8], "Mitsubishi Electric"),
    ([0x98, 0x75, 0x1A], "Huawei"),
    ([0x98, 0x7A, 0x14], "Microsoft"),
    ([0x98, 0x7B, 0xF3], "Texas Instruments"),
    ([0x98, 0x7E, 0xB5], "Huawei"),
    ([0x98, 0x80, 0xEE], "Samsung"),
    ([0x98, 0x81, 0x8A], "Huawei"),
    ([0x98, 0x83, 0x89], "Samsung"),
    ([0x98, 0x84, 0xE3], "Texas Instruments"),
    ([0x98, 0x86, 0x8B], "Juniper Networks"),
    ([0x98, 0x87, 0x6C], "Huawei"),
    ([0x98, 0x88, 0x6C], "Huawei"),
    ([0x98, 0x88, 0xE0], "Espressif"),
    ([0x98, 0x89, 0x24], "Texas Instruments"),
    ([0x98, 0x8D, 0x46], "Intel"),
    ([0x98, 0x8F, 0x00], "HP"),
    ([0x98, 0x90, 0x96], "Dell"),
    ([0x98, 0x97, 0xCC], "TP-LINK"),
    ([0x98, 0x9C, 0x57], "Huawei"),
    ([0x98, 0x9E, 0x63], "Apple"),
    ([0x98, 0x9F, 0x1E], "Huawei"),
    ([0x98, 0xA2, 0xC0], "Cisco"),
    ([0x98, 0xA3, 0x16], "Espressif"),
    ([0x98, 0xA3, 0x75], "Huawei"),
    ([0x98, 0xA5, 0xF9], "Apple"),
    ([0x98, 0xAD, 0x1D], "Huawei"),
    ([0x98, 0xAF, 0x65], "Intel"),
    ([0x98, 0xB0, 0x8B], "Samsung"),
    ([0x98, 0xB3, 0x79], "Apple"),
    ([0x98, 0xB3, 0xEF], "Huawei"),
    ([0x98, 0xB8, 0xBC], "Samsung"),
    ([0x98, 0xB8, 0xE3], "Apple"),
    ([0x98, 0xBA, 0x5F], "TP-LINK"),
    ([0x98, 0xBD, 0x80], "Intel"),
    ([0x98, 0xC0, 0x8A], "Huawei"),
    ([0x98, 0xCA, 0x33], "Apple"),
    ([0x98, 0xCD, 0xAC], "Espressif"),
    ([0x98, 0xCF, 0x7D], "Apple"),
    ([0x98, 0xD3, 0xD7], "Huawei"),
    ([0x98, 0xD6, 0xBB], "Apple"),
    ([0x98, 0xD7, 0x42], "Samsung"),
    ([0x98, 0xD7, 0xE1], "Cisco"),
    ([0x98, 0xDA, 0xC4], "TP-LINK"),
    ([0x98, 0xDD, 0x60], "Apple"),
    ([0x98, 0xDE, 0xD0], "TP-LINK"),
    ([0x98, 0xE0, 0xD9], "Apple"),
    ([0x98, 0xE7, 0x43], "Dell"),
    ([0x98, 0xE7, 0xF4], "HP"),
    ([0x98, 0xE7, 0xF5], "Huawei"),
    ([0x98, 0xE8, 0x59], "Apple"),
    ([0x98, 0xF0, 0x4C], "Cisco"),
    ([0x98, 0xF0, 0x7B], "Texas Instruments"),
    ([0x98, 0xF0, 0x83], "Huawei"),
    ([0x98, 0xF0, 0xAB], "Apple"),
    ([0x98, 0xF1, 0x70], "Murata"),
    ([0x98, 0xF2, 0xB3], "HP"),
    ([0x98, 0xF3, 0xF6], "Huawei"),
    ([0x98, 0xF4, 0x87], "Texas Instruments"),
    ([0x98, 0xF4, 0xAB], "Espressif"),
    ([0x98, 0xFB, 0x27], "Samsung"),
    ([0x98, 0xFC, 0x11], "Cisco"),
    ([0x98, 0xFE, 0x3E], "Intel"),
    ([0x98, 0xFE, 0x54], "Raspberry Pi"),
    ([0x98, 0xFE, 0x94], "Apple"),
    ([0x98, 0xFE, 0xE1], "Apple"),
    ([0x98, 0xFF, 0xD0], "Lenovo"),
    ([0x9C, 0x02, 0x98], "Samsung"),
    ([0x9C, 0x03, 0x51], "Huawei"),
    ([0x9C, 0x04, 0xEB], "Apple"),
    ([0x9C, 0x05, 0xD6], "Ubiquiti"),
    ([0x9C, 0x09, 0x8B], "Cisco"),
    ([0x9C, 0x09, 0xCA], "Huawei"),
    ([0x9C, 0x0E, 0x51], "Schneider Electric"),
    ([0x9C, 0x13, 0x9E], "Espressif"),
    ([0x9C, 0x1A, 0x25], "Apple"),
    ([0x9C, 0x1C, 0x12], "HP"),
    ([0x9C, 0x1D, 0x36], "Huawei"),
    ([0x9C, 0x1D, 0x58], "Texas Instruments"),
    ([0x9C, 0x20, 0x7B], "Apple"),
    ([0x9C, 0x21, 0x6A], "TP-LINK"),
    ([0x9C, 0x21, 0x83], "Broadcom"),
    ([0x9C, 0x25, 0x95], "Samsung"),
    ([0x9C, 0x28, 0xB3], "Apple"),
    ([0x9C, 0x28, 0xEF], "Huawei"),
    ([0x9C, 0x29, 0x3F], "Apple"),
    ([0x9C, 0x29, 0x76], "Intel"),
    ([0x9C, 0x2A, 0x83], "Samsung"),
    ([0x9C, 0x2E, 0x7A], "Samsung"),
    ([0x9C, 0x35, 0xEB], "Apple"),
    ([0x9C, 0x37, 0x08], "HP"),
    ([0x9C, 0x37, 0xF4], "Huawei"),
    ([0x9C, 0x38, 0x18], "Cisco"),
    ([0x9C, 0x39, 0x28], "Samsung"),
    ([0x9C, 0x3A, 0xAF], "Samsung"),
    ([0x9C, 0x3D, 0xCF], "NETGEAR"),
    ([0x9C, 0x3E, 0x53], "Apple"),
    ([0x9C, 0x47, 0x82], "TP-LINK"),
    ([0x9C, 0x49, 0x29], "Huawei"),
    ([0x9C, 0x4E, 0x20], "Cisco"),
    ([0x9C, 0x4E, 0x36], "Intel"),
    ([0x9C, 0x4F, 0xDA], "Apple"),
    ([0x9C, 0x50, 0xD1], "Murata"),
    ([0x9C, 0x52, 0xF8], "Huawei"),
    ([0x9C, 0x53, 0x22], "TP-LINK"),
    ([0x9C, 0x54, 0x16], "Cisco"),
    ([0x9C, 0x56, 0x36], "Huawei"),
    ([0x9C, 0x57, 0x66], "Huawei"),
    ([0x9C, 0x57, 0xAD], "Cisco"),
    ([0x9C, 0x58, 0x3C], "Apple"),
    ([0x9C, 0x58, 0x84], "Apple"),
    ([0x9C, 0x5A, 0x80], "Juniper Networks"),
    ([0x9C, 0x5C, 0x8E], "ASUS"),
    ([0x9C, 0x5D, 0x12], "Extreme Networks"),
    ([0x9C, 0x5F, 0xB0], "Samsung"),
    ([0x9C, 0x60, 0x76], "Apple"),
    ([0x9C, 0x61, 0xD7], "Huawei"),
    ([0x9C, 0x64, 0x8B], "Apple"),
    ([0x9C, 0x65, 0xB0], "Samsung"),
    ([0x9C, 0x65, 0xEB], "Intel"),
    ([0x9C, 0x66, 0x97], "Cisco"),
    ([0x9C, 0x67, 0xD6], "Intel"),
    ([0x9C, 0x69, 0xD1], "Huawei"),
    ([0x9C, 0x6C, 0x15], "Microsoft"),
    ([0x9C, 0x71, 0x3A], "Huawei"),
    ([0x9C, 0x73, 0x70], "Huawei"),
    ([0x9C, 0x73, 0xB1], "Samsung"),
    ([0x9C, 0x74, 0x1A], "Huawei"),
    ([0x9C, 0x74, 0x6F], "Huawei"),
    ([0x9C, 0x76, 0x0E], "Apple"),
    ([0x9C, 0x79, 0xE3], "Apple"),
    ([0x9C, 0x7B, 0xEF], "HP"),
    ([0x9C, 0x7D, 0xA3], "Huawei"),
    ([0x9C, 0x82, 0x3F], "Huawei"),
    ([0x9C, 0x83, 0x06], "Samsung"),
    ([0x9C, 0x84, 0xBF], "Apple"),
    ([0x9C, 0x8A, 0xCB], "Juniper Networks"),
    ([0x9C, 0x8B, 0xA0], "Apple"),
    ([0x9C, 0x8C, 0x6E], "Samsung"),
    ([0x9C, 0x8C, 0xD8], "HP"),
    ([0x9C, 0x8E, 0x99], "HP"),
    ([0x9C, 0x8E, 0x9C], "Huawei"),
    ([0x9C, 0x92, 0x4F], "Apple"),
    ([0x9C, 0x95, 0x67], "Huawei"),
    ([0x9C, 0x96, 0x13], "Lenovo"),
    ([0x9C, 0x97, 0x1B], "Intel"),
    ([0x9C, 0x97, 0x74], "Huawei"),
    ([0x9C, 0x97, 0x93], "Huawei"),
    ([0x9C, 0x9C, 0x1F], "Espressif"),
    ([0x9C, 0x9E, 0x6E], "Espressif"),
    ([0x9C, 0x9E, 0x71], "Huawei"),
    ([0x9C, 0xA2, 0xF4], "TP-LINK"),
    ([0x9C, 0xA5, 0x13], "Samsung"),
    ([0x9C, 0xA6, 0x15], "TP-LINK"),
    ([0x9C, 0xA9, 0xB8], "Cisco"),
    ([0x9C, 0xA9, 0xC5], "Apple"),
    ([0x9C, 0xAA, 0x1B], "Microsoft"),
    ([0x9C, 0xAF, 0xCA], "Cisco"),
    ([0x9C, 0xB1, 0x50], "Intel"),
    ([0x9C, 0xB2, 0xB2], "Huawei"),
    ([0x9C, 0xB2, 0xE8], "Huawei"),
    ([0x9C, 0xB6, 0x54], "HP"),
    ([0x9C, 0xBF, 0xCD], "Huawei"),
    ([0x9C, 0xC1, 0x72], "Huawei"),
    ([0x9C, 0xC3, 0x94], "Apple"),
    ([0x9C, 0xC8, 0x93], "Juniper Networks"),
    ([0x9C, 0xC9, 0xEB], "NETGEAR"),
    ([0x9C, 0xCC, 0x01], "Espressif"),
    ([0x9C, 0xCC, 0x83], "Juniper Networks"),
    ([0x9C, 0xD3, 0x5B], "Samsung"),
    ([0x9C, 0xD3, 0x6D], "NETGEAR"),
    ([0x9C, 0xD5, 0x7D], "Cisco"),
    ([0x9C, 0xD9, 0x17], "Lenovo"),
    ([0x9C, 0xDA, 0x3E], "Intel"),
    ([0x9C, 0xDA, 0xA8], "Apple"),
    ([0x9C, 0xDA, 0xB7], "HP"),
    ([0x9C, 0xDB, 0xAF], "Huawei"),
    ([0x9C, 0xDC, 0x71], "HP"),
    ([0x9C, 0xDF, 0x8A], "Huawei"),
    ([0x9C, 0xE0, 0x63], "Samsung"),
    ([0x9C, 0xE1, 0x76], "Cisco"),
    ([0x9C, 0xE3, 0x30], "Cisco"),
    ([0x9C, 0xE3, 0x3F], "Apple"),
    ([0x9C, 0xE3, 0x74], "Huawei"),
    ([0x9C, 0xE6, 0x5E], "Apple"),
    ([0x9C, 0xE6, 0xE7], "Samsung"),
    ([0x9C, 0xEC, 0x61], "Huawei"),
    ([0x9C, 0xF2, 0x7E], "Samsung"),
    ([0x9C, 0xF3, 0x87], "Apple"),
    ([0x9C, 0xF3, 0xAC], "Apple"),
    ([0x9C, 0xF4, 0x8E], "Apple"),
    ([0x9C, 0xFA, 0x76], "Apple"),
    ([0x9C, 0xFC, 0x01], "Apple"),
    ([0x9C, 0xFC, 0x28], "Apple"),
    ([0x9C, 0xFC, 0xE8], "Intel"),
    ([0xA0, 0x02, 0xA5], "Intel"),
    ([0xA0, 0x04, 0x60], "NETGEAR"),
    ([0xA0, 0x07, 0x98], "Samsung"),
    ([0xA0, 0x08, 0x6F], "Huawei"),
    ([0xA0, 0x0A, 0x9A], "Huawei"),
    ([0xA0, 0x0E, 0x98], "Huawei"),
    ([0xA0, 0x0F, 0x37], "Cisco"),
    ([0xA0, 0x10, 0x81], "Samsung"),
    ([0xA0, 0x18, 0x28], "Apple"),
    ([0xA0, 0x1B, 0x9E], "Samsung"),
    ([0xA0, 0x1C, 0x8D], "Huawei"),
    ([0xA0, 0x1D, 0x48], "HP"),
    ([0xA0, 0x20, 0xA6], "Espressif"),
    ([0xA0, 0x21, 0x95], "Samsung"),
    ([0xA0, 0x21, 0xB7], "NETGEAR"),
    ([0xA0, 0x23, 0x9F], "Cisco"),
    ([0xA0, 0x25, 0xD7], "HP"),
    ([0xA0, 0x26, 0x05], "Hirschmann"),
    ([0xA0, 0x27, 0xB6], "Samsung"),
    ([0xA0, 0x29, 0x19], "Dell"),
    ([0xA0, 0x29, 0x42], "Intel"),
    ([0xA0, 0x2B, 0xB8], "HP"),
    ([0xA0, 0x31, 0xDB], "Huawei"),
    ([0xA0, 0x32, 0x99], "Lenovo"),
    ([0xA0, 0x33, 0x4F], "Cisco"),
    ([0xA0, 0x36, 0x79], "Huawei"),
    ([0xA0, 0x36, 0x9F], "Intel"),
    ([0xA0, 0x36, 0xBC], "ASUS"),
    ([0xA0, 0x3B, 0xE3], "Apple"),
    ([0xA0, 0x3D, 0x6E], "Cisco"),
    ([0xA0, 0x3D, 0x6F], "Cisco"),
    ([0xA0, 0x40, 0x6F], "Huawei"),
    ([0xA0, 0x40, 0xA0], "NETGEAR"),
    ([0xA0, 0x41, 0x47], "Huawei"),
    ([0xA0, 0x42, 0xD1], "Huawei"),
    ([0xA0, 0x44, 0x5C], "Huawei"),
    ([0xA0, 0x46, 0x5A], "Lenovo"),
    ([0xA0, 0x48, 0x1C], "HP"),
    ([0xA0, 0x48, 0x39], "Huawei"),
    ([0xA0, 0x4A, 0x5E], "Microsoft"),
    ([0xA0, 0x4E, 0xA7], "Apple"),
    ([0xA0, 0x4E, 0xCF], "Apple"),
    ([0xA0, 0x4F, 0x52], "Intel"),
    ([0xA0, 0x51, 0x0B], "Intel"),
    ([0xA0, 0x52, 0x72], "Apple"),
    ([0xA0, 0x55, 0x4F], "Cisco"),
    ([0xA0, 0x56, 0x2C], "Samsung"),
    ([0xA0, 0x56, 0xF3], "Apple"),
    ([0xA0, 0x57, 0xE3], "Huawei"),
    ([0xA0, 0x59, 0x11], "Cisco"),
    ([0xA0, 0x59, 0x50], "Intel"),
    ([0xA0, 0x60, 0x90], "Samsung"),
    ([0xA0, 0x63, 0x91], "NETGEAR"),
    ([0xA0, 0x6C, 0x65], "Texas Instruments"),
    ([0xA0, 0x70, 0xB7], "Huawei"),
    ([0xA0, 0x75, 0x91], "Samsung"),
    ([0xA0, 0x76, 0x4E], "Espressif"),
    ([0xA0, 0x78, 0x17], "Apple"),
    ([0xA0, 0x78, 0x2D], "Apple"),
    ([0xA0, 0x7D, 0x9C], "Samsung"),
    ([0xA0, 0x80, 0x69], "Intel"),
    ([0xA0, 0x82, 0x1F], "Samsung"),
    ([0xA0, 0x85, 0x27], "Intel"),
    ([0xA0, 0x85, 0xE3], "Espressif"),
    ([0xA0, 0x85, 0xFC], "Microsoft"),
    ([0xA0, 0x88, 0x69], "Intel"),
    ([0xA0, 0x88, 0x9D], "Huawei"),
    ([0xA0, 0x88, 0xB4], "Intel"),
    ([0xA0, 0x8C, 0xF8], "Huawei"),
    ([0xA0, 0x8C, 0xFD], "HP"),
    ([0xA0, 0x8D, 0x16], "Huawei"),
    ([0xA0, 0x93, 0x51], "Cisco"),
    ([0xA0, 0x99, 0x9B], "Apple"),
    ([0xA0, 0x9A, 0x8E], "Apple"),
    ([0xA0, 0x9D, 0x22], "Apple"),
    ([0xA0, 0xA0, 0x01], "HP"),
    ([0xA0, 0xA0, 0xDC], "Huawei"),
    ([0xA0, 0xA3, 0x09], "Apple"),
    ([0xA0, 0xA3, 0x3B], "Huawei"),
    ([0xA0, 0xA3, 0xB3], "Espressif"),
    ([0xA0, 0xA4, 0x7F], "Cisco"),
    ([0xA0, 0xA4, 0xC5], "Intel"),
    ([0xA0, 0xA8, 0xCD], "Intel"),
    ([0xA0, 0xAC, 0x69], "Samsung"),
    ([0xA0, 0xAD, 0x62], "Huawei"),
    ([0xA0, 0xAD, 0x9F], "ASUS"),
    ([0xA0, 0xAF, 0x12], "Huawei"),
    ([0xA0, 0xAF, 0xBD], "Intel"),
    ([0xA0, 0xB0, 0x86], "Hirschmann"),
    ([0xA0, 0xB0, 0xBD], "Samsung"),
    ([0xA0, 0xB3, 0x39], "Intel"),
    ([0xA0, 0xB3, 0xCC], "HP"),
    ([0xA0, 0xB4, 0x0F], "Apple"),
    ([0xA0, 0xB4, 0x39], "Cisco"),
    ([0xA0, 0xB4, 0xA5], "Samsung"),
    ([0xA0, 0xB7, 0x65], "Espressif"),
    ([0xA0, 0xBC, 0x6F], "Cisco"),
    ([0xA0, 0xBD, 0x71], "Qualcomm"),
    ([0xA0, 0xC1, 0xC5], "Apple"),
    ([0xA0, 0xC2, 0x0D], "Huawei"),
    ([0xA0, 0xC5, 0x89], "Intel"),
    ([0xA0, 0xC7, 0xD2], "Cisco"),
    ([0xA0, 0xC9, 0xA0], "Murata"),
    ([0xA0, 0xCB, 0xFD], "Samsung"),
    ([0xA0, 0xCC, 0x2B], "Murata"),
    ([0xA0, 0xCD, 0xF3], "Murata"),
    ([0xA0, 0xCF, 0x5B], "Cisco"),
    ([0xA0, 0xD0, 0x5B], "Samsung"),
    ([0xA0, 0xD1, 0xB3], "Apple"),
    ([0xA0, 0xD3, 0x65], "Intel"),
    ([0xA0, 0xD3, 0x7A], "Intel"),
    ([0xA0, 0xD3, 0xC1], "HP"),
    ([0xA0, 0xD7, 0x22], "Samsung"),
    ([0xA0, 0xD7, 0x95], "Apple"),
    ([0xA0, 0xD7, 0xA0], "Huawei"),
    ([0xA0, 0xD7, 0xF3], "Samsung"),
    ([0xA0, 0xD8, 0x07], "Huawei"),
    ([0xA0, 0xD9, 0x1A], "Texas Instruments"),
    ([0xA0, 0xDD, 0x6C], "Espressif"),
    ([0xA0, 0xDE, 0x0F], "Huawei"),
    ([0xA0, 0xDF, 0x15], "Huawei"),
    ([0xA0, 0xE0, 0xAF], "Cisco"),
    ([0xA0, 0xE3, 0x90], "Apple"),
    ([0xA0, 0xE6, 0xF8], "Texas Instruments"),
    ([0xA0, 0xE7, 0x0B], "Intel"),
    ([0xA0, 0xEC, 0xF9], "Cisco"),
    ([0xA0, 0xED, 0xCD], "Apple"),
    ([0xA0, 0xEE, 0x1A], "Apple"),
    ([0xA0, 0xF2, 0x61], "Palo Alto Networks"),
    ([0xA0, 0xF2, 0x62], "Espressif"),
    ([0xA0, 0xF3, 0xC1], "TP-LINK"),
    ([0xA0, 0xF4, 0x79], "Huawei"),
    ([0xA0, 0xF6, 0xFD], "Texas Instruments"),
    ([0xA0, 0xF8, 0x49], "Cisco"),
    ([0xA0, 0xFA, 0xC8], "Huawei"),
    ([0xA0, 0xFB, 0xC5], "Apple"),
    ([0xA4, 0x00, 0x4E], "Cisco"),
    ([0xA4, 0x00, 0xE2], "Huawei"),
    ([0xA4, 0x02, 0xB9], "Intel"),
    ([0xA4, 0x06, 0xE9], "Texas Instruments"),
    ([0xA4, 0x07, 0xB6], "Samsung"),
    ([0xA4, 0x08, 0xEA], "Murata"),
    ([0xA4, 0x09, 0x87], "Apple"),
    ([0xA4, 0x09, 0xB3], "Huawei"),
    ([0xA4, 0x0C, 0xC3], "Cisco"),
    ([0xA4, 0x0E, 0x75], "HP"),
    ([0xA4, 0x10, 0xB6], "Cisco"),
    ([0xA4, 0x11, 0x94], "Lenovo"),
    ([0xA4, 0x11, 0xBB], "Cisco"),
    ([0xA4, 0x16, 0xC0], "Apple"),
    ([0xA4, 0x16, 0xE7], "Huawei"),
    ([0xA4, 0x17, 0x8B], "Huawei"),
    ([0xA4, 0x18, 0x75], "Cisco"),
    ([0xA4, 0x1A, 0x3A], "TP-LINK"),
    ([0xA4, 0x1F, 0x72], "Dell"),
    ([0xA4, 0x22, 0xB6], "Lenovo"),
    ([0xA4, 0x27, 0xA5], "Palo Alto Networks"),
    ([0xA4, 0x2B, 0x8C], "NETGEAR"),
    ([0xA4, 0x2B, 0xB0], "TP-LINK"),
    ([0xA4, 0x30, 0x7A], "Samsung"),
    ([0xA4, 0x31, 0x35], "Apple"),
    ([0xA4, 0x34, 0xD9], "Intel"),
    ([0xA4, 0x34, 0xF1], "Texas Instruments"),
    ([0xA4, 0x37, 0x3E], "Huawei"),
    ([0xA4, 0x3B, 0x0E], "Huawei"),
    ([0xA4, 0x3F, 0xA7], "HP"),
    ([0xA4, 0x42, 0x3B], "Intel"),
    ([0xA4, 0x43, 0x43], "Huawei"),
    ([0xA4, 0x43, 0x80], "Huawei"),
    ([0xA4, 0x46, 0xB4], "Huawei"),
    ([0xA4, 0x4C, 0x11], "Cisco"),
    ([0xA4, 0x4C, 0xC8], "Dell"),
    ([0xA4, 0x4E, 0x31], "Intel"),
    ([0xA4, 0x51, 0x5E], "Juniper Networks"),
    ([0xA4, 0x51, 0x6F], "Microsoft"),
    ([0xA4, 0x53, 0x0E], "Cisco"),
    ([0xA4, 0x56, 0x30], "Cisco"),
    ([0xA4, 0x5C, 0x25], "Texas Instruments"),
    ([0xA4, 0x5D, 0x36], "HP"),
    ([0xA4, 0x5E, 0x60], "Apple"),
    ([0xA4, 0x67, 0x06], "Apple"),
    ([0xA4, 0x6B, 0xB6], "Intel"),
    ([0xA4, 0x6C, 0x24], "Huawei"),
    ([0xA4, 0x6C, 0x2A], "Cisco"),
    ([0xA4, 0x6C, 0xF1], "Samsung"),
    ([0xA4, 0x6D, 0xA4], "Huawei"),
    ([0xA4, 0x70, 0xD6], "Lenovo"),
    ([0xA4, 0x71, 0x74], "Huawei"),
    ([0xA4, 0x73, 0xAB], "Extreme Networks"),
    ([0xA4, 0x75, 0xB9], "Samsung"),
    ([0xA4, 0x77, 0xF3], "Apple"),
    ([0xA4, 0x78, 0x06], "Cisco"),
    ([0xA4, 0x79, 0x52], "Huawei"),
    ([0xA4, 0x7B, 0x1A], "Huawei"),
    ([0xA4, 0x7B, 0x9D], "Espressif"),
    ([0xA4, 0x7C, 0xC9], "Huawei"),
    ([0xA4, 0x7F, 0x1B], "Juniper Networks"),
    ([0xA4, 0x83, 0xE7], "Apple"),
    ([0xA4, 0x84, 0x31], "Samsung"),
    ([0xA4, 0x88, 0x73], "Cisco"),
    ([0xA4, 0x8C, 0xDB], "Lenovo"),
    ([0xA4, 0x93, 0x3F], "Huawei"),
    ([0xA4, 0x93, 0x4C], "Cisco"),
    ([0xA4, 0x93, 0xAD], "Huawei"),
    ([0xA4, 0x93, 0xFE], "Huawei"),
    ([0xA4, 0x97, 0x00], "Cisco"),
    ([0xA4, 0x97, 0x91], "Extreme Networks"),
    ([0xA4, 0x99, 0x47], "Huawei"),
    ([0xA4, 0x9A, 0x58], "Samsung"),
    ([0xA4, 0x9B, 0x4F], "Huawei"),
    ([0xA4, 0x9B, 0xCD], "Cisco"),
    ([0xA4, 0x9D, 0xDD], "Samsung"),
    ([0xA4, 0x9F, 0xE7], "Samsung"),
    ([0xA4, 0xA2, 0x4A], "Cisco"),
    ([0xA4, 0xA4, 0x6B], "Huawei"),
    ([0xA4, 0xA4, 0x90], "Samsung"),
    ([0xA4, 0xA5, 0x84], "Cisco"),
    ([0xA4, 0xAA, 0xFE], "Huawei"),
    ([0xA4, 0xAC, 0x0F], "Huawei"),
    ([0xA4, 0xB0, 0xF5], "Texas Instruments"),
    ([0xA4, 0xB1, 0x97], "Apple"),
    ([0xA4, 0xB1, 0xC1], "Intel"),
    ([0xA4, 0xB2, 0x39], "Cisco"),
    ([0xA4, 0xB4, 0x39], "Cisco"),
    ([0xA4, 0xB6, 0x1E], "Huawei"),
    ([0xA4, 0xB8, 0x05], "Apple"),
    ([0xA4, 0xBA, 0x76], "Huawei"),
    ([0xA4, 0xBA, 0xDB], "Dell"),
    ([0xA4, 0xBB, 0x6D], "Dell"),
    ([0xA4, 0xBD, 0xC4], "Huawei"),
    ([0xA4, 0xBE, 0x2B], "Huawei"),
    ([0xA4, 0xBF, 0x01], "Intel"),
    ([0xA4, 0xC3, 0x37], "Apple"),
    ([0xA4, 0xC3, 0x4E], "Texas Instruments"),
    ([0xA4, 0xC3, 0x61], "Apple"),
    ([0xA4, 0xC3, 0xF0], "Intel"),
    ([0xA4, 0xC4, 0x94], "Intel"),
    ([0xA4, 0xC5, 0x4E], "Huawei"),
    ([0xA4, 0xC6, 0x4F], "Huawei"),
    ([0xA4, 0xC6, 0x9A], "Samsung"),
    ([0xA4, 0xC6, 0xF0], "Apple"),
    ([0xA4, 0xC7, 0x4B], "Huawei"),
    ([0xA4, 0xC7, 0xF6], "Extreme Networks"),
    ([0xA4, 0xCA, 0xA0], "Huawei"),
    ([0xA4, 0xCB, 0x8F], "Espressif"),
    ([0xA4, 0xCF, 0x12], "Espressif"),
    ([0xA4, 0xCF, 0x99], "Apple"),
    ([0xA4, 0xD1, 0x8C], "Apple"),
    ([0xA4, 0xD1, 0xD2], "Apple"),
    ([0xA4, 0xD2, 0x3E], "Apple"),
    ([0xA4, 0xD5, 0x78], "Texas Instruments"),
    ([0xA4, 0xD9, 0x31], "Apple"),
    ([0xA4, 0xD9, 0x90], "Samsung"),
    ([0xA4, 0xDA, 0x32], "Texas Instruments"),
    ([0xA4, 0xDC, 0xBE], "Huawei"),
    ([0xA4, 0xDC, 0xD5], "Cisco"),
    ([0xA4, 0xDD, 0x58], "Huawei"),
    ([0xA4, 0xE1, 0x1A], "Juniper Networks"),
    ([0xA4, 0xE5, 0x7C], "Espressif"),
    ([0xA4, 0xE9, 0x75], "Apple"),
    ([0xA4, 0xEA, 0x8E], "Extreme Networks"),
    ([0xA4, 0xEB, 0xD3], "Samsung"),
    ([0xA4, 0xF0, 0x0F], "Espressif"),
    ([0xA4, 0xF1, 0xE8], "Apple"),
    ([0xA4, 0xF6, 0xE6], "Apple"),
    ([0xA4, 0xF6, 0xE8], "Apple"),
    ([0xA4, 0xF8, 0x41], "Apple"),
    ([0xA4, 0xF8, 0xFF], "Ubiquiti"),
    ([0xA4, 0xF9, 0x21], "Apple"),
    ([0xA4, 0xF9, 0x33], "Intel"),
    ([0xA4, 0xFC, 0x14], "Apple"),
    ([0xA8, 0x03, 0x2A], "Espressif"),
    ([0xA8, 0x06, 0x00], "Samsung"),
    ([0xA8, 0x09, 0xB1], "Huawei"),
    ([0xA8, 0x0C, 0x0D], "Cisco"),
    ([0xA8, 0x0C, 0x63], "Huawei"),
    ([0xA8, 0x0D, 0xE1], "Huawei"),
    ([0xA8, 0x10, 0x87], "Texas Instruments"),
    ([0xA8, 0x15, 0x4D], "TP-LINK"),
    ([0xA8, 0x16, 0xD0], "Samsung"),
    ([0xA8, 0x1A, 0xF1], "Apple"),
    ([0xA8, 0x1B, 0x6A], "Texas Instruments"),
    ([0xA8, 0x20, 0x66], "Apple"),
    ([0xA8, 0x29, 0x48], "TP-LINK"),
    ([0xA8, 0x29, 0xDC], "TP-LINK"),
    ([0xA8, 0x2B, 0xB9], "Samsung"),
    ([0xA8, 0x2B, 0xCD], "Huawei"),
    ([0xA8, 0x2C, 0x89], "Apple"),
    ([0xA8, 0x30, 0xBC], "Samsung"),
    ([0xA8, 0x34, 0x6A], "Samsung"),
    ([0xA8, 0x35, 0x12], "Huawei"),
    ([0xA8, 0x37, 0x59], "Huawei"),
    ([0xA8, 0x3B, 0x5C], "Huawei"),
    ([0xA8, 0x3C, 0xA5], "Dell"),
    ([0xA8, 0x3E, 0xD3], "Huawei"),
    ([0xA8, 0x42, 0xA1], "TP-LINK"),
    ([0xA8, 0x42, 0xE3], "Espressif"),
    ([0xA8, 0x46, 0x16], "Huawei"),
    ([0xA8, 0x46, 0x74], "Espressif"),
    ([0xA8, 0x46, 0x9D], "Cisco"),
    ([0xA8, 0x48, 0xFA], "Espressif"),
    ([0xA8, 0x49, 0x4D], "Huawei"),
    ([0xA8, 0x4A, 0x28], "Apple"),
    ([0xA8, 0x4B, 0x4D], "Samsung"),
    ([0xA8, 0x4F, 0xB1], "Cisco"),
    ([0xA8, 0x50, 0x81], "Huawei"),
    ([0xA8, 0x51, 0x5B], "Samsung"),
    ([0xA8, 0x51, 0xAB], "Apple"),
    ([0xA8, 0x52, 0xD4], "HP"),
    ([0xA8, 0x57, 0x4E], "TP-LINK"),
    ([0xA8, 0x59, 0x5F], "Intel"),
    ([0xA8, 0x5A, 0xE0], "Huawei"),
    ([0xA8, 0x5B, 0x78], "Apple"),
    ([0xA8, 0x5B, 0xB7], "Apple"),
    ([0xA8, 0x5B, 0xF7], "HP"),
    ([0xA8, 0x5C, 0x2C], "Apple"),
    ([0xA8, 0x5E, 0x45], "ASUS"),
    ([0xA8, 0x5F, 0x61], "Apple"),
    ([0xA8, 0x60, 0xB6], "Apple"),
    ([0xA8, 0x61, 0xEC], "Texas Instruments"),
    ([0xA8, 0x63, 0xF2], "Texas Instruments"),
    ([0xA8, 0x64, 0xF1], "Intel"),
    ([0xA8, 0x66, 0x7F], "Apple"),
    ([0xA8, 0x6D, 0x04], "Siemens"),
    ([0xA8, 0x6D, 0xAA], "Intel"),
    ([0xA8, 0x6E, 0x4E], "Huawei"),
    ([0xA8, 0x6E, 0x84], "TP-LINK"),
    ([0xA8, 0x72, 0x4D], "Intel"),
    ([0xA8, 0x74, 0x1D], "Phoenix Contact"),
    ([0xA8, 0x76, 0x50], "Samsung"),
    ([0xA8, 0x79, 0x71], "Huawei"),
    ([0xA8, 0x79, 0x8D], "Samsung"),
    ([0xA8, 0x7C, 0x01], "Samsung"),
    ([0xA8, 0x7C, 0x45], "Huawei"),
    ([0xA8, 0x7C, 0xF8], "Apple"),
    ([0xA8, 0x7D, 0x12], "Huawei"),
    ([0xA8, 0x7E, 0xEA], "Intel"),
    ([0xA8, 0x81, 0x7E], "Apple"),
    ([0xA8, 0x81, 0x95], "Samsung"),
    ([0xA8, 0x86, 0xDD], "Apple"),
    ([0xA8, 0x87, 0xB3], "Samsung"),
    ([0xA8, 0x88, 0x08], "Apple"),
    ([0xA8, 0x89, 0x40], "Huawei"),
    ([0xA8, 0x8C, 0x3E], "Microsoft"),
    ([0xA8, 0x8E, 0x24], "Apple"),
    ([0xA8, 0x8F, 0xD9], "Apple"),
    ([0xA8, 0x91, 0x3D], "Apple"),
    ([0xA8, 0x96, 0x75], "Lenovo"),
    ([0xA8, 0x96, 0x8A], "Apple"),
    ([0xA8, 0x99, 0x69], "Dell"),
    ([0xA8, 0x9C, 0x6C], "Ubiquiti"),
    ([0xA8, 0x9C, 0x78], "Apple"),
    ([0xA8, 0x9D, 0x21], "Cisco"),
    ([0xA8, 0x9F, 0xBA], "Samsung"),
    ([0xA8, 0xAA, 0x7C], "Huawei"),
    ([0xA8, 0xAB, 0xB5], "Apple"),
    ([0xA8, 0xB1, 0x3B], "HP"),
    ([0xA8, 0xB1, 0xD4], "Cisco"),
    ([0xA8, 0xB2, 0x71], "Huawei"),
    ([0xA8, 0xB4, 0x56], "Cisco"),
    ([0xA8, 0xBA, 0x25], "HP"),
    ([0xA8, 0xBA, 0x69], "Samsung"),
    ([0xA8, 0xBB, 0x56], "Apple"),
    ([0xA8, 0xBB, 0xCF], "Apple"),
    ([0xA8, 0xBD, 0x27], "HP"),
    ([0xA8, 0xBE, 0x27], "Apple"),
    ([0xA8, 0xC0, 0x92], "Huawei"),
    ([0xA8, 0xC2, 0x52], "Huawei"),
    ([0xA8, 0xC4, 0x07], "Huawei"),
    ([0xA8, 0xC6, 0x47], "Extreme Networks"),
    ([0xA8, 0xC8, 0x3A], "Huawei"),
    ([0xA8, 0xCA, 0x7B], "Huawei"),
    ([0xA8, 0xD0, 0x81], "Huawei"),
    ([0xA8, 0xD0, 0xE5], "Juniper Networks"),
    ([0xA8, 0xD1, 0x62], "Samsung"),
    ([0xA8, 0xD4, 0xE0], "Huawei"),
    ([0xA8, 0xE2, 0xC1], "Texas Instruments"),
    ([0xA8, 0xE5, 0x44], "Huawei"),
    ([0xA8, 0xE7, 0x7D], "Texas Instruments"),
    ([0xA8, 0xE9, 0x78], "Huawei"),
    ([0xA8, 0xEE, 0x67], "Samsung"),
    ([0xA8, 0xF0, 0x59], "Huawei"),
    ([0xA8, 0xF0, 0x7C], "Huawei"),
    ([0xA8, 0xF2, 0x66], "Huawei"),
    ([0xA8, 0xF2, 0x74], "Samsung"),
    ([0xA8, 0xF5, 0xAC], "Huawei"),
    ([0xA8, 0xFA, 0xD8], "Apple"),
    ([0xA8, 0xFE, 0x9D], "Apple"),
    ([0xA8, 0xFF, 0xBA], "Huawei"),
    ([0xAC, 0x00, 0x7A], "Apple"),
    ([0xAC, 0x05, 0xC7], "Intel"),
    ([0xAC, 0x07, 0x5F], "Huawei"),
    ([0xAC, 0x07, 0x75], "Apple"),
    ([0xAC, 0x0B, 0xFB], "Espressif"),
    ([0xAC, 0x12, 0x03], "Intel"),
    ([0xAC, 0x15, 0x18], "Espressif"),
    ([0xAC, 0x15, 0xA2], "TP-LINK"),
    ([0xAC, 0x15, 0xF4], "Apple"),
    ([0xAC, 0x16, 0x15], "Apple"),
    ([0xAC, 0x16, 0x2D], "HP"),
    ([0xAC, 0x16, 0xDE], "Intel"),
    ([0xAC, 0x17, 0xC8], "Cisco"),
    ([0xAC, 0x19, 0x8E], "Intel"),
    ([0xAC, 0x1A, 0x3D], "Dell"),
    ([0xAC, 0x1D, 0x06], "Apple"),
    ([0xAC, 0x1E, 0x92], "Samsung"),
    ([0xAC, 0x1F, 0x0F], "Texas Instruments"),
    ([0xAC, 0x1F, 0x74], "Apple"),
    ([0xAC, 0x22, 0x0B], "ASUS"),
    ([0xAC, 0x22, 0x41], "Huawei"),
    ([0xAC, 0x27, 0x6E], "Espressif"),
    ([0xAC, 0x29, 0x3A], "Apple"),
    ([0xAC, 0x2A, 0xA1], "Cisco"),
    ([0xAC, 0x2B, 0x6E], "Intel"),
    ([0xAC, 0x31, 0x84], "Huawei"),
    ([0xAC, 0x33, 0x28], "Huawei"),
    ([0xAC, 0x36, 0x13], "Samsung"),
    ([0xAC, 0x38, 0x70], "Lenovo"),
    ([0xAC, 0x3A, 0x67], "Cisco"),
    ([0xAC, 0x3C, 0x0B], "Apple"),
    ([0xAC, 0x3D, 0xCB], "Intel"),
    ([0xAC, 0x45, 0x00], "Apple"),
    ([0xAC, 0x45, 0xEF], "Intel"),
    ([0xAC, 0x47, 0x1B], "Huawei"),
    ([0xAC, 0x49, 0xDB], "Apple"),
    ([0xAC, 0x4A, 0x56], "Cisco"),
    ([0xAC, 0x4A, 0x67], "Cisco"),
    ([0xAC, 0x4B, 0xC8], "Juniper Networks"),
    ([0xAC, 0x4D, 0x16], "Texas Instruments"),
    ([0xAC, 0x4D, 0xD9], "Extreme Networks"),
    ([0xAC, 0x4E, 0x91], "Huawei"),
    ([0xAC, 0x51, 0xAB], "Huawei"),
    ([0xAC, 0x53, 0x22], "Samsung"),
    ([0xAC, 0x5A, 0x14], "Samsung"),
    ([0xAC, 0x5A, 0xFC], "Intel"),
    ([0xAC, 0x5C, 0x2C], "Apple"),
    ([0xAC, 0x5E, 0x14], "Huawei"),
    ([0xAC, 0x60, 0x89], "Huawei"),
    ([0xAC, 0x61, 0x75], "Huawei"),
    ([0xAC, 0x61, 0xEA], "Apple"),
    ([0xAC, 0x64, 0x17], "Siemens"),
    ([0xAC, 0x64, 0x90], "Huawei"),
    ([0xAC, 0x67, 0x5D], "Intel"),
    ([0xAC, 0x67, 0xB2], "Espressif"),
    ([0xAC, 0x69, 0xCF], "Cisco"),
    ([0xAC, 0x6C, 0x90], "Samsung"),
    ([0xAC, 0x71, 0x2E], "Fortinet"),
    ([0xAC, 0x72, 0x89], "Intel"),
    ([0xAC, 0x74, 0xB1], "Intel"),
    ([0xAC, 0x75, 0x1D], "Huawei"),
    ([0xAC, 0x77, 0x13], "Honeywell"),
    ([0xAC, 0x78, 0xD1], "Juniper Networks"),
    ([0xAC, 0x7A, 0x56], "Cisco"),
    ([0xAC, 0x7B, 0xA1], "Intel"),
    ([0xAC, 0x7E, 0x01], "Huawei"),
    ([0xAC, 0x7E, 0x8A], "Cisco"),
    ([0xAC, 0x7F, 0x3E], "Apple"),
    ([0xAC, 0x7F, 0x8D], "Extreme Networks"),
    ([0xAC, 0x80, 0xFB], "Samsung"),
    ([0xAC, 0x82, 0x47], "Intel"),
    ([0xAC, 0x82, 0xF0], "Apple"),
    ([0xAC, 0x84, 0xC6], "TP-LINK"),
    ([0xAC, 0x85, 0x3D], "Huawei"),
    ([0xAC, 0x86, 0xA3], "Apple"),
    ([0xAC, 0x87, 0xA3], "Apple"),
    ([0xAC, 0x88, 0xFD], "Apple"),
    ([0xAC, 0x8A, 0xC7], "Huawei"),
    ([0xAC, 0x8B, 0xA9], "Ubiquiti"),
    ([0xAC, 0x8D, 0x34], "Huawei"),
    ([0xAC, 0x8E, 0xBD], "Microsoft"),
    ([0xAC, 0x90, 0x73], "Huawei"),
    ([0xAC, 0x90, 0x85], "Apple"),
    ([0xAC, 0x91, 0xA1], "Dell"),
    ([0xAC, 0x92, 0x32], "Huawei"),
    ([0xAC, 0x93, 0x6A], "Huawei"),
    ([0xAC, 0x97, 0x38], "Apple"),
    ([0xAC, 0x99, 0x29], "Huawei"),
    ([0xAC, 0x9E, 0x17], "ASUS"),
    ([0xAC, 0xA0, 0x16], "Cisco"),
    ([0xAC, 0xA0, 0x9D], "Juniper Networks"),
    ([0xAC, 0xA3, 0x1E], "HP"),
    ([0xAC, 0xA7, 0x04], "Espressif"),
    ([0xAC, 0xA7, 0xF1], "TP-LINK"),
    ([0xAC, 0xA8, 0x99], "Texas Instruments"),
    ([0xAC, 0xAF, 0xB9], "Samsung"),
    ([0xAC, 0xB1, 0x81], "Hirschmann"),
    ([0xAC, 0xB3, 0xB5], "Huawei"),
    ([0xAC, 0xB4, 0x80], "Dell"),
    ([0xAC, 0xBC, 0x32], "Apple"),
    ([0xAC, 0xBC, 0xB5], "Apple"),
    ([0xAC, 0xBC, 0xD9], "Cisco"),
    ([0xAC, 0xBD, 0x70], "Huawei"),
    ([0xAC, 0xBD, 0xF7], "Cisco"),
    ([0xAC, 0xC3, 0x3A], "Samsung"),
    ([0xAC, 0xC3, 0xE5], "Cisco"),
    ([0xAC, 0xC5, 0xB4], "Huawei"),
    ([0xAC, 0xC9, 0x06], "Apple"),
    ([0xAC, 0xCF, 0x5C], "Apple"),
    ([0xAC, 0xCF, 0x85], "Huawei"),
    ([0xAC, 0xD0, 0x74], "Espressif"),
    ([0xAC, 0xD3, 0x1D], "Cisco"),
    ([0xAC, 0xD3, 0x64], "ABB"),
    ([0xAC, 0xDC, 0xCA], "Huawei"),
    ([0xAC, 0xDF, 0xA1], "Apple"),
    ([0xAC, 0xE0, 0x11], "Huawei"),
    ([0xAC, 0xE2, 0x15], "Huawei"),
    ([0xAC, 0xE2, 0xD3], "HP"),
    ([0xAC, 0xE3, 0x42], "Huawei"),
    ([0xAC, 0xE4, 0xB5], "Apple"),
    ([0xAC, 0xE8, 0x7B], "Huawei"),
    ([0xAC, 0xEA, 0xEA], "Huawei"),
    ([0xAC, 0xEB, 0xE6], "Espressif"),
    ([0xAC, 0xED, 0x32], "Extreme Networks"),
    ([0xAC, 0xED, 0x5C], "Intel"),
    ([0xAC, 0xEE, 0x9E], "Samsung"),
    ([0xAC, 0xF2, 0xC5], "Cisco"),
    ([0xAC, 0xF4, 0x66], "HP"),
    ([0xAC, 0xF5, 0xE6], "Cisco"),
    ([0xAC, 0xF9, 0x70], "Huawei"),
    ([0xAC, 0xFD, 0xCE], "Intel"),
    ([0xAC, 0xFD, 0xEC], "Apple"),
    ([0xAC, 0xFF, 0x6B], "Huawei"),
    ([0xB0, 0x00, 0xB4], "Cisco"),
    ([0xB0, 0x08, 0x75], "Huawei"),
    ([0xB0, 0x0B, 0x22], "Huawei"),
    ([0xB0, 0x0C, 0xD1], "HP"),
    ([0xB0, 0x10, 0xA0], "Texas Instruments"),
    ([0xB0, 0x16, 0x56], "Huawei"),
    ([0xB0, 0x18, 0x31], "Apple"),
    ([0xB0, 0x19, 0x21], "TP-LINK"),
    ([0xB0, 0x19, 0xC6], "Apple"),
    ([0xB0, 0x1F, 0x8C], "HP"),
    ([0xB0, 0x21, 0x6F], "Huawei"),
    ([0xB0, 0x22, 0x7A], "HP"),
    ([0xB0, 0x24, 0x91], "Huawei"),
    ([0xB0, 0x26, 0x28], "Broadcom"),
    ([0xB0, 0x26, 0x80], "Cisco"),
    ([0xB0, 0x27, 0xCF], "Extreme Networks"),
    ([0xB0, 0x2B, 0x64], "Cisco"),
    ([0xB0, 0x2E, 0xE0], "Huawei"),
    ([0xB0, 0x33, 0xA6], "Juniper Networks"),
    ([0xB0, 0x34, 0x95], "Apple"),
    ([0xB0, 0x35, 0x9F], "Intel"),
    ([0xB0, 0x35, 0xB5], "Apple"),
    ([0xB0, 0x39, 0x56], "NETGEAR"),
    ([0xB0, 0x3A, 0xCE], "Huawei"),
    ([0xB0, 0x3C, 0xDC], "Intel"),
    ([0xB0, 0x3F, 0x64], "Apple"),
    ([0xB0, 0x3F, 0xD3], "Espressif"),
    ([0xB0, 0x42, 0xB7], "Huawei"),
    ([0xB0, 0x45, 0x02], "Huawei"),
    ([0xB0, 0x47, 0xBF], "Samsung"),
    ([0xB0, 0x47, 0xE9], "Intel"),
    ([0xB0, 0x48, 0x1A], "Apple"),
    ([0xB0, 0x48, 0x7A], "TP-LINK"),
    ([0xB0, 0x49, 0x5F], "Omron"),
    ([0xB0, 0x4A, 0x6A], "Samsung"),
    ([0xB0, 0x4A, 0xB4], "Lenovo"),
    ([0xB0, 0x4E, 0x26], "TP-LINK"),
    ([0xB0, 0x4F, 0x13], "Dell"),
    ([0xB0, 0x54, 0x76], "Samsung"),
    ([0xB0, 0x55, 0x08], "Huawei"),
    ([0xB0, 0x58, 0xC4], "STMicroelectronics"),
    ([0xB0, 0x5A, 0x7B], "Huawei"),
    ([0xB0, 0x5A, 0xDA], "HP"),
    ([0xB0, 0x5B, 0x67], "Huawei"),
    ([0xB0, 0x5C, 0xDA], "HP"),
    ([0xB0, 0x60, 0x88], "Intel"),
    ([0xB0, 0x64, 0xE0], "Samsung"),
    ([0xB0, 0x65, 0x3A], "Murata"),
    ([0xB0, 0x65, 0xBD], "Apple"),
    ([0xB0, 0x67, 0xB5], "Apple"),
    ([0xB0, 0x6E, 0xBF], "ASUS"),
    ([0xB0, 0x6F, 0xE0], "Samsung"),
    ([0xB0, 0x70, 0x2D], "Apple"),
    ([0xB0, 0x72, 0x19], "Apple"),
    ([0xB0, 0x72, 0xBF], "Murata"),
    ([0xB0, 0x73, 0x5D], "Huawei"),
    ([0xB0, 0x76, 0x1B], "Huawei"),
    ([0xB0, 0x79, 0x94], "Lenovo"),
    ([0xB0, 0x7A, 0xDF], "Huawei"),
    ([0xB0, 0x7B, 0x25], "Dell"),
    ([0xB0, 0x7D, 0x47], "Cisco"),
    ([0xB0, 0x7D, 0x64], "Intel"),
    ([0xB0, 0x7E, 0x11], "Texas Instruments"),
    ([0xB0, 0x7F, 0xB9], "NETGEAR"),
    ([0xB0, 0x81, 0x84], "Espressif"),
    ([0xB0, 0x82, 0xE2], "ASUS"),
    ([0xB0, 0x83, 0xFE], "Dell"),
    ([0xB0, 0x89, 0x00], "Huawei"),
    ([0xB0, 0x8B, 0xCF], "Cisco"),
    ([0xB0, 0x8B, 0xD0], "Cisco"),
    ([0xB0, 0x8C, 0x75], "Apple"),
    ([0xB0, 0x8D, 0x57], "Cisco"),
    ([0xB0, 0x90, 0x7E], "Cisco"),
    ([0xB0, 0x91, 0x22], "Texas Instruments"),
    ([0xB0, 0x92, 0x00], "Apple"),
    ([0xB0, 0x95, 0x75], "TP-LINK"),
    ([0xB0, 0x95, 0x8E], "TP-LINK"),
    ([0xB0, 0x98, 0xBC], "Huawei"),
    ([0xB0, 0x99, 0x5A], "Huawei"),
    ([0xB0, 0x99, 0xD7], "Samsung"),
    ([0xB0, 0x9F, 0xBA], "Apple"),
    ([0xB0, 0xA4, 0x60], "Intel"),
    ([0xB0, 0xA4, 0xF0], "Huawei"),
    ([0xB0, 0xA6, 0x04], "Espressif"),
    ([0xB0, 0xA6, 0x51], "Cisco"),
    ([0xB0, 0xA7, 0x32], "Espressif"),
    ([0xB0, 0xA7, 0xB9], "TP-LINK"),
    ([0xB0, 0xA8, 0x6E], "Juniper Networks"),
    ([0xB0, 0xAA, 0x77], "Cisco"),
    ([0xB0, 0xB1, 0x13], "Texas Instruments"),
    ([0xB0, 0xB2, 0x1C], "Espressif"),
    ([0xB0, 0xB4, 0x48], "Texas Instruments"),
    ([0xB0, 0xB8, 0x67], "HP"),
    ([0xB0, 0xB9, 0x8A], "NETGEAR"),
    ([0xB0, 0xBE, 0x76], "TP-LINK"),
    ([0xB0, 0xBE, 0x83], "Apple"),
    ([0xB0, 0xC2, 0xC7], "Lenovo"),
    ([0xB0, 0xC3, 0x8E], "Huawei"),
    ([0xB0, 0xC4, 0xE7], "Samsung"),
    ([0xB0, 0xC5, 0x3C], "Cisco"),
    ([0xB0, 0xC5, 0x59], "Samsung"),
    ([0xB0, 0xC6, 0x1C], "Huawei"),
    ([0xB0, 0xC6, 0x9A], "Juniper Networks"),
    ([0xB0, 0xC7, 0x87], "Huawei"),
    ([0xB0, 0xCA, 0x68], "Apple"),
    ([0xB0, 0xCA, 0xE7], "Huawei"),
    ([0xB0, 0xCB, 0xD8], "Espressif"),
    ([0xB0, 0xCC, 0xFE], "Huawei"),
    ([0xB0, 0xD0, 0x9C], "Samsung"),
    ([0xB0, 0xD2, 0x78], "Texas Instruments"),
    ([0xB0, 0xD5, 0x76], "Apple"),
    ([0xB0, 0xD5, 0xCC], "Texas Instruments"),
    ([0xB0, 0xD7, 0x7E], "Huawei"),
    ([0xB0, 0xDC, 0xEF], "Intel"),
    ([0xB0, 0xDE, 0x28], "Apple"),
    ([0xB0, 0xDE, 0x31], "Samsung"),
    ([0xB0, 0xDF, 0x3A], "Samsung"),
    ([0xB0, 0xE1, 0x7E], "Huawei"),
    ([0xB0, 0xE4, 0x5C], "Samsung"),
    ([0xB0, 0xE5, 0xED], "Huawei"),
    ([0xB0, 0xE5, 0xEF], "Apple"),
    ([0xB0, 0xE5, 0xF9], "Apple"),
    ([0xB0, 0xEB, 0x57], "Huawei"),
    ([0xB0, 0xEB, 0x7F], "Juniper Networks"),
    ([0xB0, 0xEC, 0x71], "Samsung"),
    ([0xB0, 0xEC, 0xDD], "Huawei"),
    ([0xB0, 0xF1, 0xD8], "Apple"),
    ([0xB0, 0xF2, 0xF6], "Samsung"),
    ([0xB0, 0xFA, 0x8B], "Huawei"),
    ([0xB0, 0xFA, 0xEB], "Cisco"),
    ([0xB0, 0xFE, 0xE5], "Huawei"),
    ([0xB4, 0x02, 0x16], "Cisco"),
    ([0xB4, 0x09, 0x31], "Huawei"),
    ([0xB4, 0x0B, 0x1D], "Samsung"),
    ([0xB4, 0x0C, 0x25], "Palo Alto Networks"),
    ([0xB4, 0x0E, 0xDE], "Intel"),
    ([0xB4, 0x10, 0x7B], "Texas Instruments"),
    ([0xB4, 0x14, 0x89], "Cisco"),
    ([0xB4, 0x14, 0xE6], "Huawei"),
    ([0xB4, 0x15, 0x13], "Huawei"),
    ([0xB4, 0x15, 0x84], "Samsung"),
    ([0xB4, 0x16, 0x78], "Juniper Networks"),
    ([0xB4, 0x18, 0xD1], "Apple"),
    ([0xB4, 0x19, 0x74], "Apple"),
    ([0xB4, 0x1A, 0x1D], "Samsung"),
    ([0xB4, 0x1B, 0xB0], "Apple"),
    ([0xB4, 0x1D, 0xC4], "Huawei"),
    ([0xB4, 0x2B, 0xB9], "Huawei"),
    ([0xB4, 0x2D, 0x56], "Extreme Networks"),
    ([0xB4, 0x2E, 0x99], "Gigabyte"),
    ([0xB4, 0x30, 0x52], "Huawei"),
    ([0xB4, 0x38, 0x36], "Huawei"),
    ([0xB4, 0x39, 0x4C], "Huawei"),
    ([0xB4, 0x3A, 0x28], "Samsung"),
    ([0xB4, 0x3A, 0x45], "Espressif"),
    ([0xB4, 0x3A, 0xE2], "Huawei"),
    ([0xB4, 0x40, 0xA4], "Apple"),
    ([0xB4, 0x40, 0xDC], "Samsung"),
    ([0xB4, 0x43, 0x26], "Huawei"),
    ([0xB4, 0x43, 0x89], "Huawei"),
    ([0xB4, 0x45, 0x06], "Dell"),
    ([0xB4, 0x4B, 0xD2], "Apple"),
    ([0xB4, 0x4C, 0x90], "Cisco"),
    ([0xB4, 0x52, 0xA9], "Texas Instruments"),
    ([0xB4, 0x54, 0xF2], "Huawei"),
    ([0xB4, 0x55, 0x75], "Apple"),
    ([0xB4, 0x56, 0xE3], "Apple"),
    ([0xB4, 0x59, 0x76], "Apple"),
    ([0xB4, 0x5B, 0xD1], "TP-LINK"),
    ([0xB4, 0x5D, 0x50], "HP"),
    ([0xB4, 0x61, 0x42], "Huawei"),
    ([0xB4, 0x62, 0x93], "Samsung"),
    ([0xB4, 0x69, 0x21], "Intel"),
    ([0xB4, 0x6B, 0xFC], "Intel"),
    ([0xB4, 0x6D, 0x83], "Intel"),
    ([0xB4, 0x6E, 0x08], "Huawei"),
    ([0xB4, 0x70, 0x64], "Samsung"),
    ([0xB4, 0x74, 0x43], "Samsung"),
    ([0xB4, 0x76, 0xA4], "Huawei"),
    ([0xB4, 0x7A, 0xF1], "HP"),
    ([0xB4, 0x7B, 0x1A], "Huawei"),
    ([0xB4, 0x83, 0x51], "Intel"),
    ([0xB4, 0x85, 0xE1], "Apple"),
    ([0xB4, 0x86, 0x55], "Huawei"),
    ([0xB4, 0x89, 0x01], "Huawei"),
    ([0xB4, 0x8A, 0x0A], "Espressif"),
    ([0xB4, 0x8A, 0x5F], "Juniper Networks"),
    ([0xB4, 0x8B, 0x19], "Apple"),
    ([0xB4, 0x91, 0x07], "Huawei"),
    ([0xB4, 0x96, 0x91], "Intel"),
    ([0xB4, 0x96, 0xA5], "Apple"),
    ([0xB4, 0x99, 0x4C], "Texas Instruments"),
    ([0xB4, 0x99, 0xBA], "HP"),
    ([0xB4, 0x9C, 0xDF], "Apple"),
    ([0xB4, 0x9D, 0x02], "Samsung"),
    ([0xB4, 0xA1, 0x0A], "Huawei"),
    ([0xB4, 0xA3, 0xBD], "Extreme Networks"),
    ([0xB4, 0xA4, 0xE3], "Cisco"),
    ([0xB4, 0xA8, 0x98], "Huawei"),
    ([0xB4, 0xA8, 0xB9], "Cisco"),
    ([0xB4, 0xAC, 0x9D], "Texas Instruments"),
    ([0xB4, 0xAE, 0x2B], "Microsoft"),
    ([0xB4, 0xAE, 0xC1], "Apple"),
    ([0xB4, 0xB0, 0x24], "TP-LINK"),
    ([0xB4, 0xB0, 0x55], "Huawei"),
    ([0xB4, 0xB1, 0x5A], "Siemens"),
    ([0xB4, 0xB2, 0xE9], "Fortinet"),
    ([0xB4, 0xB5, 0x2F], "HP"),
    ([0xB4, 0xB6, 0x76], "Intel"),
    ([0xB4, 0xB6, 0x86], "HP"),
    ([0xB4, 0xBC, 0x7C], "Texas Instruments"),
    ([0xB4, 0xBF, 0xE9], "Espressif"),
    ([0xB4, 0xBF, 0xF6], "Samsung"),
    ([0xB4, 0xC0, 0xC3], "TP-LINK"),
    ([0xB4, 0xC2, 0xF7], "Huawei"),
    ([0xB4, 0xC3, 0xD9], "Huawei"),
    ([0xB4, 0xC7, 0x99], "Extreme Networks"),
    ([0xB4, 0xCA, 0xDD], "Cisco"),
    ([0xB4, 0xCD, 0x27], "Huawei"),
    ([0xB4, 0xCE, 0x40], "Samsung"),
    ([0xB4, 0xD5, 0xBD], "Intel"),
    ([0xB4, 0xD5, 0xE5], "Samsung"),
    ([0xB4, 0xDE, 0x31], "Cisco"),
    ([0xB4, 0xDF, 0x91], "Cisco"),
    ([0xB4, 0xE1, 0x0F], "Dell"),
    ([0xB4, 0xE1, 0xC4], "Microsoft"),
    ([0xB4, 0xE2, 0x5B], "HP"),
    ([0xB4, 0xE5, 0xC5], "Huawei"),
    ([0xB4, 0xE6, 0x2D], "Espressif"),
    ([0xB4, 0xE9, 0xB0], "Cisco"),
    ([0xB4, 0xE9, 0xB8], "Dell"),
    ([0xB4, 0xEE, 0xD4], "Texas Instruments"),
    ([0xB4, 0xEF, 0x39], "Samsung"),
    ([0xB4, 0xF0, 0xAB], "Apple"),
    ([0xB4, 0xF1, 0x8C], "Huawei"),
    ([0xB4, 0xF4, 0x9B], "Huawei"),
    ([0xB4, 0xF5, 0x8E], "Huawei"),
    ([0xB4, 0xF6, 0x1C], "Apple"),
    ([0xB4, 0xF9, 0x5D], "Juniper Networks"),
    ([0xB4, 0xFA, 0x48], "Apple"),
    ([0xB4, 0xFB, 0xE4], "Ubiquiti"),
    ([0xB4, 0xFB, 0xF9], "Huawei"),
    ([0xB4, 0xFF, 0x98], "Huawei"),
    ([0xB8, 0x01, 0x1F], "Apple"),
    ([0xB8, 0x03, 0x05], "Intel"),
    ([0xB8, 0x05, 0x33], "Apple"),
    ([0xB8, 0x07, 0x56], "Cisco"),
    ([0xB8, 0x08, 0xCF], "Intel"),
    ([0xB8, 0x08, 0xD7], "Huawei"),
    ([0xB8, 0x09, 0x8A], "Apple"),
    ([0xB8, 0x0B, 0x9A], "Huawei"),
    ([0xB8, 0x11, 0x4B], "Cisco"),
    ([0xB8, 0x14, 0x4D], "Apple"),
    ([0xB8, 0x14, 0x5C], "Huawei"),
    ([0xB8, 0x17, 0xC2], "Apple"),
    ([0xB8, 0x1D, 0x1F], "Huawei"),
    ([0xB8, 0x1E, 0x0B], "Extreme Networks"),
    ([0xB8, 0x1E, 0x9E], "Huawei"),
    ([0xB8, 0x1F, 0x3F], "Espressif"),
    ([0xB8, 0x21, 0x1C], "Apple"),
    ([0xB8, 0x22, 0x0C], "Apple"),
    ([0xB8, 0x27, 0xC5], "Huawei"),
    ([0xB8, 0x27, 0xEB], "Raspberry Pi"),
    ([0xB8, 0x2A, 0x72], "Dell"),
    ([0xB8, 0x2A, 0xA9], "Apple"),
    ([0xB8, 0x2B, 0x68], "Huawei"),
    ([0xB8, 0x31, 0xB5], "Microsoft"),
    ([0xB8, 0x37, 0x4A], "Apple"),
    ([0xB8, 0x37, 0x4B], "HP"),
    ([0xB8, 0x37, 0xB2], "HP"),
    ([0xB8, 0x38, 0x61], "Cisco"),
    ([0xB8, 0x38, 0x65], "HP"),
    ([0xB8, 0x3A, 0x5A], "HP"),
    ([0xB8, 0x3C, 0x20], "Huawei"),
    ([0xB8, 0x3C, 0x28], "Apple"),
    ([0xB8, 0x3D, 0xF6], "Texas Instruments"),
    ([0xB8, 0x41, 0xA4], "Apple"),
    ([0xB8, 0x44, 0xD9], "Apple"),
    ([0xB8, 0x45, 0xEB], "Apple"),
    ([0xB8, 0x49, 0x6D], "Apple"),
    ([0xB8, 0x4F, 0xA7], "Apple"),
    ([0xB8, 0x4F, 0xD5], "Microsoft"),
    ([0xB8, 0x50, 0x01], "Extreme Networks"),
    ([0xB8, 0x53, 0xAC], "Apple"),
    ([0xB8, 0x56, 0x00], "Huawei"),
    ([0xB8, 0x57, 0xD6], "Cisco"),
    ([0xB8, 0x57, 0xD8], "Samsung"),
    ([0xB8, 0x5A, 0x73], "Samsung"),
    ([0xB8, 0x5C, 0x5C], "Microsoft"),
    ([0xB8, 0x5D, 0x0A], "Apple"),
    ([0xB8, 0x5D, 0xC3], "Huawei"),
    ([0xB8, 0x5E, 0x7B], "Samsung"),
    ([0xB8, 0x5F, 0xB0], "Huawei"),
    ([0xB8, 0x61, 0xFC], "Juniper Networks"),
    ([0xB8, 0x62, 0x1F], "Cisco"),
    ([0xB8, 0x63, 0x4D], "Apple"),
    ([0xB8, 0x6C, 0xE0], "HP"),
    ([0xB8, 0x6C, 0xE8], "Samsung"),
    ([0xB8, 0x75, 0x2E], "Huawei"),
    ([0xB8, 0x78, 0x2E], "Apple"),
    ([0xB8, 0x7A, 0xC9], "Siemens"),
    ([0xB8, 0x7B, 0x4D], "Espressif"),
    ([0xB8, 0x7B, 0xC5], "Apple"),
    ([0xB8, 0x7C, 0xD0], "Huawei"),
    ([0xB8, 0x7C, 0xF2], "Extreme Networks"),
    ([0xB8, 0x7E, 0x39], "Lenovo"),
    ([0xB8, 0x7E, 0x40], "Huawei"),
    ([0xB8, 0x80, 0x4F], "Texas Instruments"),
    ([0xB8, 0x81, 0x98], "Intel"),
    ([0xB8, 0x81, 0xFA], "Apple"),
    ([0xB8, 0x83, 0x03], "HP"),
    ([0xB8, 0x85, 0x7B], "Huawei"),
    ([0xB8, 0x85, 0x84], "Dell"),
    ([0xB8, 0x87, 0x88], "HP"),
    ([0xB8, 0x8A, 0x60], "Intel"),
    ([0xB8, 0x8D, 0x12], "Apple"),
    ([0xB8, 0x8E, 0x82], "Huawei"),
    ([0xB8, 0x90, 0x47], "Apple"),
    ([0xB8, 0x94, 0x36], "Huawei"),
    ([0xB8, 0x94, 0xD9], "Texas Instruments"),
    ([0xB8, 0x98, 0xAD], "Lenovo"),
    ([0xB8, 0x9A, 0x2A], "Intel"),
    ([0xB8, 0x9B, 0xE4], "ABB"),
    ([0xB8, 0x9F, 0xCC], "Huawei"),
    ([0xB8, 0xA0, 0xB8], "Samsung"),
    ([0xB8, 0xA2, 0x5D], "Lenovo"),
    ([0xB8, 0xA3, 0x77], "Cisco"),
    ([0xB8, 0xA8, 0x25], "Samsung"),
    ([0xB8, 0xAB, 0x61], "Cisco"),
    ([0xB8, 0xAC, 0x6F], "Dell"),
    ([0xB8, 0xAF, 0x67], "HP"),
    ([0xB8, 0xB2, 0xF8], "Apple"),
    ([0xB8, 0xB4, 0x09], "Samsung"),
    ([0xB8, 0xB4, 0xC9], "Cisco"),
    ([0xB8, 0xB8, 0x1E], "Intel"),
    ([0xB8, 0xBA, 0x66], "Microsoft"),
    ([0xB8, 0xBB, 0xAF], "Samsung"),
    ([0xB8, 0xBC, 0x1B], "Huawei"),
    ([0xB8, 0xBC, 0x5B], "Samsung"),
    ([0xB8, 0xBE, 0xBF], "Cisco"),
    ([0xB8, 0xBF, 0x83], "Intel"),
    ([0xB8, 0xC1, 0x11], "Apple"),
    ([0xB8, 0xC2, 0x53], "Juniper Networks"),
    ([0xB8, 0xC3, 0x85], "Huawei"),
    ([0xB8, 0xC6, 0x8E], "Samsung"),
    ([0xB8, 0xC7, 0x5D], "Apple"),
    ([0xB8, 0xC9, 0x24], "Cisco"),
    ([0xB8, 0xCA, 0x3A], "Dell"),
    ([0xB8, 0xCB, 0x29], "Dell"),
    ([0xB8, 0xCE, 0xED], "Broadcom"),
    ([0xB8, 0xD4, 0xC3], "Huawei"),
    ([0xB8, 0xD4, 0xE7], "HP"),
    ([0xB8, 0xD6, 0x1A], "Espressif"),
    ([0xB8, 0xD6, 0xF6], "Huawei"),
    ([0xB8, 0xD7, 0xAF], "Murata"),
    ([0xB8, 0xD9, 0xCE], "Samsung"),
    ([0xB8, 0xDA, 0x5E], "Texas Instruments"),
    ([0xB8, 0xDA, 0xE8], "Huawei"),
    ([0xB8, 0xDC, 0x28], "Extreme Networks"),
    ([0xB8, 0xE3, 0xB1], "Huawei"),
    ([0xB8, 0xE6, 0x0C], "Apple"),
    ([0xB8, 0xE8, 0x56], "Apple"),
    ([0xB8, 0xF0, 0x09], "Espressif"),
    ([0xB8, 0xF0, 0x15], "Juniper Networks"),
    ([0xB8, 0xF1, 0x2A], "Apple"),
    ([0xB8, 0xF6, 0xB1], "Apple"),
    ([0xB8, 0xF7, 0x75], "Intel"),
    ([0xB8, 0xF8, 0x62], "Espressif"),
    ([0xB8, 0xF8, 0x83], "TP-LINK"),
    ([0xB8, 0xFB, 0xB3], "TP-LINK"),
    ([0xB8, 0xFE, 0x90], "Cisco"),
    ([0xB8, 0xFF, 0x61], "Apple"),
    ([0xB8, 0xFF, 0xFE], "Texas Instruments"),
    ([0xBC, 0x03, 0x58], "Intel"),
    ([0xBC, 0x07, 0x1D], "TP-LINK"),
    ([0xBC, 0x09, 0x1B], "Intel"),
    ([0xBC, 0x09, 0x63], "Apple"),
    ([0xBC, 0x0D, 0xA5], "Texas Instruments"),
    ([0xBC, 0x0E, 0xAB], "Samsung"),
    ([0xBC, 0x0F, 0x64], "Intel"),
    ([0xBC, 0x0F, 0xF3], "HP"),
    ([0xBC, 0x0F, 0xFE], "Juniper Networks"),
    ([0xBC, 0x10, 0x7B], "Samsung"),
    ([0xBC, 0x14, 0x85], "Samsung"),
    ([0xBC, 0x16, 0x65], "Cisco"),
    ([0xBC, 0x16, 0xF5], "Cisco"),
    ([0xBC, 0x17, 0xB8], "Intel"),
    ([0xBC, 0x18, 0x96], "Huawei"),
    ([0xBC, 0x1A, 0xE4], "Huawei"),
    ([0xBC, 0x1D, 0x89], "Lenovo"),
    ([0xBC, 0x1E, 0x85], "Huawei"),
    ([0xBC, 0x20, 0xA4], "Samsung"),
    ([0xBC, 0x25, 0xE0], "Huawei"),
    ([0xBC, 0x26, 0xC7], "Cisco"),
    ([0xBC, 0x27, 0x7A], "Samsung"),
    ([0xBC, 0x2C, 0xE6], "Cisco"),
    ([0xBC, 0x2E, 0xF6], "Huawei"),
    ([0xBC, 0x30, 0x5B], "Dell"),
    ([0xBC, 0x32, 0xB2], "Samsung"),
    ([0xBC, 0x33, 0x40], "Cisco"),
    ([0xBC, 0x34, 0xD6], "Extreme Networks"),
    ([0xBC, 0x37, 0xD3], "Apple"),
    ([0xBC, 0x38, 0x98], "Intel"),
    ([0xBC, 0x3B, 0xAF], "Apple"),
    ([0xBC, 0x3D, 0x85], "Huawei"),
    ([0xBC, 0x3F, 0x8F], "Huawei"),
    ([0xBC, 0x44, 0x86], "Samsung"),
    ([0xBC, 0x45, 0x5B], "Samsung"),
    ([0xBC, 0x46, 0x99], "TP-LINK"),
    ([0xBC, 0x47, 0x60], "Samsung"),
    ([0xBC, 0x4A, 0x56], "Cisco"),
    ([0xBC, 0x4C, 0x78], "Huawei"),
    ([0xBC, 0x4C, 0xA0], "Huawei"),
    ([0xBC, 0x4C, 0xC4], "Apple"),
    ([0xBC, 0x52, 0x74], "Samsung"),
    ([0xBC, 0x52, 0xB7], "Apple"),
    ([0xBC, 0x54, 0x2F], "Intel"),
    ([0xBC, 0x54, 0x36], "Apple"),
    ([0xBC, 0x54, 0x51], "Samsung"),
    ([0xBC, 0x5A, 0x56], "Cisco"),
    ([0xBC, 0x62, 0x0E], "Huawei"),
    ([0xBC, 0x67, 0x1C], "Cisco"),
    ([0xBC, 0x67, 0x78], "Apple"),
    ([0xBC, 0x68, 0xC3], "Huawei"),
    ([0xBC, 0x6A, 0x29], "Texas Instruments"),
    ([0xBC, 0x6C, 0x21], "Apple"),
    ([0xBC, 0x6E, 0xE2], "Intel"),
    ([0xBC, 0x72, 0xB1], "Samsung"),
    ([0xBC, 0x74, 0xEA], "Apple"),
    ([0xBC, 0x75, 0x74], "Huawei"),
    ([0xBC, 0x76, 0x5E], "Samsung"),
    ([0xBC, 0x76, 0x70], "Huawei"),
    ([0xBC, 0x76, 0xC5], "Huawei"),
    ([0xBC, 0x77, 0x37], "Intel"),
    ([0xBC, 0x79, 0xAD], "Samsung"),
    ([0xBC, 0x7A, 0xBF], "Samsung"),
    ([0xBC, 0x7B, 0x72], "Huawei"),
    ([0xBC, 0x7E, 0x8B], "Samsung"),
    ([0xBC, 0x7F, 0x7B], "Huawei"),
    ([0xBC, 0x80, 0x4E], "Apple"),
    ([0xBC, 0x83, 0x85], "Microsoft"),
    ([0xBC, 0x85, 0x1F], "Samsung"),
    ([0xBC, 0x89, 0xA7], "Apple"),
    ([0xBC, 0x8D, 0x1F], "Cisco"),
    ([0xBC, 0x92, 0x6B], "Apple"),
    ([0xBC, 0x93, 0x07], "Samsung"),
    ([0xBC, 0x97, 0x89], "Huawei"),
    ([0xBC, 0x97, 0xE1], "Broadcom"),
    ([0xBC, 0x98, 0xDF], "Lenovo"),
    ([0xBC, 0x99, 0x30], "Huawei"),
    ([0xBC, 0x9A, 0x53], "Huawei"),
    ([0xBC, 0x9C, 0x31], "Huawei"),
    ([0xBC, 0x9F, 0x58], "Apple"),
    ([0xBC, 0x9F, 0xE4], "HP"),
    ([0xBC, 0x9F, 0xEF], "Apple"),
    ([0xBC, 0xA0, 0x80], "Samsung"),
    ([0xBC, 0xA0, 0xB9], "Huawei"),
    ([0xBC, 0xA2, 0x31], "Huawei"),
    ([0xBC, 0xA5, 0x11], "NETGEAR"),
    ([0xBC, 0xA5, 0x8B], "Samsung"),
    ([0xBC, 0xA5, 0xA9], "Apple"),
    ([0xBC, 0xA8, 0xA6], "Intel"),
    ([0xBC, 0xA9, 0x20], "Apple"),
    ([0xBC, 0xAB, 0xF5], "Cisco"),
    ([0xBC, 0xAE, 0xC5], "ASUS"),
    ([0xBC, 0xB0, 0xE7], "Huawei"),
    ([0xBC, 0xB1, 0xD3], "Cisco"),
    ([0xBC, 0xB1, 0xF3], "Samsung"),
    ([0xBC, 0xB2, 0xCC], "Samsung"),
    ([0xBC, 0xB3, 0x0E], "Cisco"),
    ([0xBC, 0xB8, 0x63], "Apple"),
    ([0xBC, 0xBB, 0x58], "Apple"),
    ([0xBC, 0xBC, 0xCA], "Huawei"),
    ([0xBC, 0xBF, 0x2E], "ASUS"),
    ([0xBC, 0xC4, 0x27], "Huawei"),
    ([0xBC, 0xC4, 0x93], "Cisco"),
    ([0xBC, 0xC8, 0x10], "Cisco"),
    ([0xBC, 0xCD, 0x7F], "Huawei"),
    ([0xBC, 0xCD, 0x99], "Intel"),
    ([0xBC, 0xD0, 0x74], "Apple"),
    ([0xBC, 0xD1, 0x1F], "Samsung"),
    ([0xBC, 0xD1, 0x65], "Cisco"),
    ([0xBC, 0xD1, 0x77], "TP-LINK"),
    ([0xBC, 0xD2, 0x06], "Huawei"),
    ([0xBC, 0xD2, 0x2C], "Intel"),
    ([0xBC, 0xD2, 0x95], "Cisco"),
    ([0xBC, 0xD7, 0xA5], "HP"),
    ([0xBC, 0xDB, 0x09], "Cisco"),
    ([0xBC, 0xDD, 0xC2], "Espressif"),
    ([0xBC, 0xE1, 0x43], "Apple"),
    ([0xBC, 0xE2, 0x65], "Huawei"),
    ([0xBC, 0xE6, 0x3F], "Samsung"),
    ([0xBC, 0xE7, 0x12], "Cisco"),
    ([0xBC, 0xE9, 0x2F], "HP"),
    ([0xBC, 0xE9, 0xE2], "Brocade"),
    ([0xBC, 0xEA, 0xFA], "HP"),
    ([0xBC, 0xEC, 0x5D], "Apple"),
    ([0xBC, 0xEE, 0x7B], "ASUS"),
    ([0xBC, 0xF1, 0x05], "Intel"),
    ([0xBC, 0xF1, 0x71], "Intel"),
    ([0xBC, 0xF1, 0xF2], "Cisco"),
    ([0xBC, 0xF3, 0x10], "Extreme Networks"),
    ([0xBC, 0xF4, 0x99], "Rockwell/Allen-Bradley"),
    ([0xBC, 0xF7, 0x30], "Samsung"),
    ([0xBC, 0xFA, 0xEB], "Cisco"),
    ([0xBC, 0xFC, 0xE7], "ASUS"),
    ([0xBC, 0xFE, 0xD9], "Apple"),
    ([0xBC, 0xFF, 0x4D], "Espressif"),
    ([0xBC, 0xFF, 0xEB], "Lenovo"),
    ([0xC0, 0x03, 0x80], "Juniper Networks"),
    ([0xC0, 0x06, 0x0C], "Huawei"),
    ([0xC0, 0x06, 0xC3], "TP-LINK"),
    ([0xC0, 0x11, 0x73], "Samsung"),
    ([0xC0, 0x14, 0xFE], "Cisco"),
    ([0xC0, 0x17, 0x4D], "Samsung"),
    ([0xC0, 0x17, 0x54], "Apple"),
    ([0xC0, 0x18, 0x03], "HP"),
    ([0xC0, 0x19, 0x44], "Juniper Networks"),
    ([0xC0, 0x1A, 0xDA], "Apple"),
    ([0xC0, 0x23, 0x8D], "Samsung"),
    ([0xC0, 0x25, 0x5C], "Cisco"),
    ([0xC0, 0x25, 0xA5], "Dell"),
    ([0xC0, 0x25, 0xE9], "TP-LINK"),
    ([0xC0, 0x2C, 0x17], "Cisco"),
    ([0xC0, 0x2C, 0x5C], "Apple"),
    ([0xC0, 0x33, 0x5E], "Microsoft"),
    ([0xC0, 0x33, 0x79], "Huawei"),
    ([0xC0, 0x35, 0xC5], "ProSoft Technology"),
    ([0xC0, 0x3A, 0x55], "TP-LINK"),
    ([0xC0, 0x3C, 0x59], "Intel"),
    ([0xC0, 0x3D, 0x03], "Samsung"),
    ([0xC0, 0x3E, 0x50], "Huawei"),
    ([0xC0, 0x3E, 0xBA], "Dell"),
    ([0xC0, 0x3F, 0x0E], "NETGEAR"),
    ([0xC0, 0x3F, 0xDD], "Huawei"),
    ([0xC0, 0x42, 0xD0], "Juniper Networks"),
    ([0xC0, 0x44, 0x42], "Apple"),
    ([0xC0, 0x47, 0x0E], "Dell"),
    ([0xC0, 0x48, 0xE6], "Samsung"),
    ([0xC0, 0x49, 0xEF], "Espressif"),
    ([0xC0, 0x4A, 0x00], "TP-LINK"),
    ([0xC0, 0x4A, 0x0E], "Texas Instruments"),
    ([0xC0, 0x4E, 0x30], "Espressif"),
    ([0xC0, 0x4E, 0x8A], "Huawei"),
    ([0xC0, 0x52, 0x34], "Huawei"),
    ([0xC0, 0x5B, 0xBD], "Huawei"),
    ([0xC0, 0x5D, 0x89], "Espressif"),
    ([0xC0, 0x61, 0x18], "TP-LINK"),
    ([0xC0, 0x62, 0x6B], "Cisco"),
    ([0xC0, 0x63, 0x80], "Texas Instruments"),
    ([0xC0, 0x63, 0x94], "Apple"),
    ([0xC0, 0x64, 0xE4], "Cisco"),
    ([0xC0, 0x65, 0x99], "Samsung"),
    ([0xC0, 0x67, 0xAF], "Cisco"),
    ([0xC0, 0x6B, 0x55], "Lenovo"),
    ([0xC0, 0x6C, 0x0C], "Apple"),
    ([0xC0, 0x70, 0x09], "Huawei"),
    ([0xC0, 0x78, 0x31], "Huawei"),
    ([0xC0, 0x7A, 0xD6], "Samsung"),
    ([0xC0, 0x7B, 0xBC], "Cisco"),
    ([0xC0, 0x83, 0xC9], "Huawei"),
    ([0xC0, 0x84, 0x7A], "Apple"),
    ([0xC0, 0x84, 0xE0], "Huawei"),
    ([0xC0, 0x87, 0xEB], "Samsung"),
    ([0xC0, 0x89, 0x97], "Samsung"),
    ([0xC0, 0x8B, 0x05], "Huawei"),
    ([0xC0, 0x8B, 0x2A], "Cisco"),
    ([0xC0, 0x8C, 0x60], "Cisco"),
    ([0xC0, 0x8C, 0x71], "Lenovo"),
    ([0xC0, 0x95, 0x6D], "Apple"),
    ([0xC0, 0x9A, 0xD0], "Apple"),
    ([0xC0, 0x9B, 0x63], "Huawei"),
    ([0xC0, 0x9F, 0x42], "Apple"),
    ([0xC0, 0xA3, 0x6D], "Huawei"),
    ([0xC0, 0xA5, 0x3E], "Apple"),
    ([0xC0, 0xA5, 0xE8], "Intel"),
    ([0xC0, 0xA6, 0x00], "Apple"),
    ([0xC0, 0xA8, 0x10], "Intel"),
    ([0xC0, 0xA9, 0x38], "Huawei"),
    ([0xC0, 0xAB, 0x2B], "Huawei"),
    ([0xC0, 0xB2, 0x2F], "Apple"),
    ([0xC0, 0xB4, 0x7D], "Huawei"),
    ([0xC0, 0xB5, 0x50], "Broadcom"),
    ([0xC0, 0xB5, 0xCD], "Huawei"),
    ([0xC0, 0xB6, 0x58], "Apple"),
    ([0xC0, 0xB6, 0xF9], "Intel"),
    ([0xC0, 0xB8, 0x83], "Intel"),
    ([0xC0, 0xBC, 0x9A], "Huawei"),
    ([0xC0, 0xBD, 0xC8], "Samsung"),
    ([0xC0, 0xBF, 0xA7], "Juniper Networks"),
    ([0xC0, 0xBF, 0xAC], "Huawei"),
    ([0xC0, 0xBF, 0xC0], "Huawei"),
    ([0xC0, 0xC1, 0xC0], "Cisco"),
    ([0xC0, 0xC6, 0x87], "Cisco"),
    ([0xC0, 0xC7, 0xDB], "Apple"),
    ([0xC0, 0xC9, 0xE3], "TP-LINK"),
    ([0xC0, 0xCC, 0xF8], "Apple"),
    ([0xC0, 0xCD, 0xD6], "Espressif"),
    ([0xC0, 0xCE, 0xCD], "Apple"),
    ([0xC0, 0xD0, 0x12], "Apple"),
    ([0xC0, 0xD0, 0x26], "Huawei"),
    ([0xC0, 0xD1, 0x93], "Huawei"),
    ([0xC0, 0xD2, 0xDD], "Samsung"),
    ([0xC0, 0xD3, 0xC0], "Samsung"),
    ([0xC0, 0xD4, 0x6B], "Huawei"),
    ([0xC0, 0xD5, 0xE2], "Samsung"),
    ([0xC0, 0xD6, 0x0A], "Texas Instruments"),
    ([0xC0, 0xD6, 0xD5], "Microsoft"),
    ([0xC0, 0xDA, 0x5E], "Huawei"),
    ([0xC0, 0xDC, 0xD7], "Huawei"),
    ([0xC0, 0xDC, 0xDA], "Samsung"),
    ([0xC0, 0xDF, 0xED], "Juniper Networks"),
    ([0xC0, 0xE0, 0x18], "Huawei"),
    ([0xC0, 0xE1, 0xBE], "Huawei"),
    ([0xC0, 0xE3, 0xFB], "Huawei"),
    ([0xC0, 0xE4, 0x22], "Texas Instruments"),
    ([0xC0, 0xE4, 0x2D], "TP-LINK"),
    ([0xC0, 0xE5, 0x79], "Huawei"),
    ([0xC0, 0xE8, 0x62], "Apple"),
    ([0xC0, 0xF2, 0xFB], "Apple"),
    ([0xC0, 0xF4, 0xE6], "Huawei"),
    ([0xC0, 0xF6, 0xC2], "Huawei"),
    ([0xC0, 0xF6, 0xEC], "Huawei"),
    ([0xC0, 0xF8, 0x7F], "Cisco"),
    ([0xC0, 0xF9, 0xB0], "Huawei"),
    ([0xC0, 0xFF, 0xA8], "Huawei"),
    ([0xC0, 0xFF, 0xD4], "NETGEAR"),
    ([0xC4, 0x00, 0xAD], "Advantech"),
    ([0xC4, 0x03, 0xA8], "Intel"),
    ([0xC4, 0x04, 0x15], "NETGEAR"),
    ([0xC4, 0x05, 0x28], "Huawei"),
    ([0xC4, 0x06, 0x83], "Huawei"),
    ([0xC4, 0x07, 0x2F], "Huawei"),
    ([0xC4, 0x09, 0xB7], "Juniper Networks"),
    ([0xC4, 0x0A, 0xCB], "Cisco"),
    ([0xC4, 0x0B, 0x31], "Apple"),
    ([0xC4, 0x0D, 0x96], "Huawei"),
    ([0xC4, 0x0F, 0x08], "Intel"),
    ([0xC4, 0x12, 0x34], "Apple"),
    ([0xC4, 0x12, 0xEC], "Huawei"),
    ([0xC4, 0x13, 0xE2], "Extreme Networks"),
    ([0xC4, 0x14, 0x11], "Apple"),
    ([0xC4, 0x14, 0x3C], "Cisco"),
    ([0xC4, 0x14, 0xA2], "Cisco"),
    ([0xC4, 0x16, 0x88], "Huawei"),
    ([0xC4, 0x16, 0x8F], "Apple"),
    ([0xC4, 0x16, 0xC8], "Huawei"),
    ([0xC4, 0x17, 0x0E], "Huawei"),
    ([0xC4, 0x18, 0xE9], "Samsung"),
    ([0xC4, 0x18, 0xFC], "Cisco"),
    ([0xC4, 0x1C, 0x07], "Samsung"),
    ([0xC4, 0x23, 0x60], "Intel"),
    ([0xC4, 0x24, 0x56], "Palo Alto Networks"),
    ([0xC4, 0x27, 0x8C], "Huawei"),
    ([0xC4, 0x2A, 0xD0], "Apple"),
    ([0xC4, 0x2B, 0x44], "Huawei"),
    ([0xC4, 0x2C, 0x03], "Apple"),
    ([0xC4, 0x34, 0x5B], "Huawei"),
    ([0xC4, 0x34, 0x6B], "HP"),
    ([0xC4, 0x35, 0xD9], "Apple"),
    ([0xC4, 0x3D, 0x1A], "Intel"),
    ([0xC4, 0x3D, 0xC7], "NETGEAR"),
    ([0xC4, 0x3E, 0xAB], "Huawei"),
    ([0xC4, 0x42, 0x02], "Samsung"),
    ([0xC4, 0x44, 0x7D], "Huawei"),
    ([0xC4, 0x44, 0xA0], "Cisco"),
    ([0xC4, 0x46, 0x06], "Cisco"),
    ([0xC4, 0x47, 0x3F], "Huawei"),
    ([0xC4, 0x47, 0x4E], "Intel"),
    ([0xC4, 0x49, 0x1B], "Apple"),
    ([0xC4, 0x49, 0x3E], "Lenovo"),
    ([0xC4, 0x4D, 0x84], "Cisco"),
    ([0xC4, 0x4F, 0x33], "Espressif"),
    ([0xC4, 0x4F, 0x5F], "Huawei"),
    ([0xC4, 0x50, 0x06], "Samsung"),
    ([0xC4, 0x52, 0x4F], "Apple"),
    ([0xC4, 0x57, 0x46], "Texas Instruments"),
    ([0xC4, 0x57, 0x6E], "Samsung"),
    ([0xC4, 0x57, 0xCD], "Huawei"),
    ([0xC4, 0x5A, 0x86], "Huawei"),
    ([0xC4, 0x5A, 0xB1], "Dell"),
    ([0xC4, 0x5B, 0xAC], "Apple"),
    ([0xC4, 0x5B, 0xBE], "Espressif"),
    ([0xC4, 0x5D, 0x83], "Samsung"),
    ([0xC4, 0x5E, 0x5C], "Huawei"),
    ([0xC4, 0x61, 0x8B], "Apple"),
    ([0xC4, 0x61, 0xC7], "Microsoft"),
    ([0xC4, 0x62, 0xEA], "Samsung"),
    ([0xC4, 0x63, 0xC4], "Huawei"),
    ([0xC4, 0x64, 0x13], "Cisco"),
    ([0xC4, 0x64, 0xE3], "Texas Instruments"),
    ([0xC4, 0x65, 0x16], "HP"),
    ([0xC4, 0x67, 0xD1], "Huawei"),
    ([0xC4, 0x69, 0xF0], "Huawei"),
    ([0xC4, 0x6D, 0xD1], "Huawei"),
    ([0xC4, 0x6E, 0x1F], "TP-LINK"),
    ([0xC4, 0x71, 0x54], "TP-LINK"),
    ([0xC4, 0x71, 0xFE], "Cisco"),
    ([0xC4, 0x72, 0x95], "Cisco"),
    ([0xC4, 0x73, 0x1E], "Samsung"),
    ([0xC4, 0x75, 0xAB], "Intel"),
    ([0xC4, 0x75, 0xEA], "Huawei"),
    ([0xC4, 0x77, 0x64], "Samsung"),
    ([0xC4, 0x78, 0xA2], "Huawei"),
    ([0xC4, 0x7B, 0xE3], "Huawei"),
    ([0xC4, 0x7D, 0x4F], "Cisco"),
    ([0xC4, 0x7D, 0x9F], "Samsung"),
    ([0xC4, 0x7E, 0xE0], "Cisco"),
    ([0xC4, 0x80, 0x25], "Huawei"),
    ([0xC4, 0x84, 0x66], "Apple"),
    ([0xC4, 0x84, 0xC0], "Lenovo"),
    ([0xC4, 0x84, 0xFC], "Apple"),
    ([0xC4, 0x85, 0x08], "Intel"),
    ([0xC4, 0x86, 0xE9], "Huawei"),
    ([0xC4, 0x88, 0xE5], "Samsung"),
    ([0xC4, 0x8B, 0xA3], "Cisco"),
    ([0xC4, 0x91, 0x0C], "Apple"),
    ([0xC4, 0x93, 0xD9], "Samsung"),
    ([0xC4, 0x98, 0x80], "Apple"),
    ([0xC4, 0x9D, 0x08], "Huawei"),
    ([0xC4, 0x9D, 0xED], "Microsoft"),
    ([0xC4, 0x9F, 0x4C], "Huawei"),
    ([0xC4, 0xA0, 0x52], "Lenovo"),
    ([0xC4, 0xA1, 0xAE], "Huawei"),
    ([0xC4, 0xA4, 0x02], "Huawei"),
    ([0xC4, 0xAA, 0x99], "Huawei"),
    ([0xC4, 0xAB, 0x4D], "Cisco"),
    ([0xC4, 0xAC, 0x59], "Murata"),
    ([0xC4, 0xAC, 0xAA], "Apple"),
    ([0xC4, 0xAE, 0x12], "Samsung"),
    ([0xC4, 0xB1, 0x6B], "Advantech"),
    ([0xC4, 0xB1, 0xD9], "Huawei"),
    ([0xC4, 0xB2, 0x39], "Cisco"),
    ([0xC4, 0xB3, 0x01], "Apple"),
    ([0xC4, 0xB3, 0x49], "Apple"),
    ([0xC4, 0xB3, 0x6A], "Cisco"),
    ([0xC4, 0xB5, 0x12], "GE"),
    ([0xC4, 0xB8, 0xB4], "Huawei"),
    ([0xC4, 0xB9, 0xCD], "Cisco"),
    ([0xC4, 0xBB, 0x03], "Huawei"),
    ([0xC4, 0xBD, 0xE5], "Intel"),
    ([0xC4, 0xBE, 0x84], "Texas Instruments"),
    ([0xC4, 0xC1, 0x7D], "Apple"),
    ([0xC4, 0xC3, 0x6B], "Apple"),
    ([0xC4, 0xC6, 0x03], "Cisco"),
    ([0xC4, 0xCB, 0x76], "Microsoft"),
    ([0xC4, 0xCB, 0xE1], "Dell"),
    ([0xC4, 0xD0, 0xE3], "Intel"),
    ([0xC4, 0xD3, 0x6A], "Texas Instruments"),
    ([0xC4, 0xD4, 0x38], "Huawei"),
    ([0xC4, 0xD6, 0x66], "Cisco"),
    ([0xC4, 0xD6, 0xD3], "Dell"),
    ([0xC4, 0xD7, 0x38], "Huawei"),
    ([0xC4, 0xD8, 0xD4], "Huawei"),
    ([0xC4, 0xD8, 0xD5], "Espressif"),
    ([0xC4, 0xD9, 0x87], "Intel"),
    ([0xC4, 0xDB, 0x04], "Huawei"),
    ([0xC4, 0xDD, 0x57], "Espressif"),
    ([0xC4, 0xDE, 0x7B], "Huawei"),
    ([0xC4, 0xDE, 0xE2], "Espressif"),
    ([0xC4, 0xE2, 0x87], "Huawei"),
    ([0xC4, 0xE9, 0x84], "TP-LINK"),
    ([0xC4, 0xED, 0xBA], "Texas Instruments"),
    ([0xC4, 0xEF, 0x3D], "Samsung"),
    ([0xC4, 0xEF, 0xDA], "Honeywell"),
    ([0xC4, 0xF0, 0x81], "Huawei"),
    ([0xC4, 0xF3, 0x12], "Texas Instruments"),
    ([0xC4, 0xF4, 0x45], "Apple"),
    ([0xC4, 0xF5, 0x7C], "Brocade"),
    ([0xC4, 0xF7, 0xC1], "Apple"),
    ([0xC4, 0xF7, 0xD5], "Cisco"),
    ([0xC4, 0xFB, 0xAA], "Huawei"),
    ([0xC4, 0xFF, 0x1F], "Huawei"),
    ([0xC4, 0xFF, 0x22], "Huawei"),
    ([0xC4, 0xFF, 0x99], "Intel"),
    ([0xC8, 0x00, 0x84], "Cisco"),
    ([0xC8, 0x09, 0xA8], "Intel"),
    ([0xC8, 0x0C, 0xC8], "Huawei"),
    ([0xC8, 0x10, 0x2F], "NETGEAR"),
    ([0xC8, 0x12, 0x0B], "Samsung"),
    ([0xC8, 0x13, 0x37], "Juniper Networks"),
    ([0xC8, 0x14, 0x51], "Huawei"),
    ([0xC8, 0x14, 0x79], "Samsung"),
    ([0xC8, 0x15, 0x4E], "Intel"),
    ([0xC8, 0x19, 0xF7], "Samsung"),
    ([0xC8, 0x1E, 0xE7], "Apple"),
    ([0xC8, 0x1F, 0x66], "Dell"),
    ([0xC8, 0x1F, 0xBE], "Huawei"),
    ([0xC8, 0x1F, 0xE8], "Apple"),
    ([0xC8, 0x21, 0x58], "Intel"),
    ([0xC8, 0x28, 0xE5], "Cisco"),
    ([0xC8, 0x29, 0xC8], "Palo Alto Networks"),
    ([0xC8, 0x2A, 0x14], "Apple"),
    ([0xC8, 0x2B, 0x96], "Espressif"),
    ([0xC8, 0x2E, 0x18], "Espressif"),
    ([0xC8, 0x30, 0x49], "Huawei"),
    ([0xC8, 0x33, 0x4B], "Apple"),
    ([0xC8, 0x33, 0xE5], "Huawei"),
    ([0xC8, 0x34, 0x8E], "Intel"),
    ([0xC8, 0x34, 0xE5], "Cisco"),
    ([0xC8, 0x38, 0x70], "Samsung"),
    ([0xC8, 0x39, 0xAC], "Huawei"),
    ([0xC8, 0x3C, 0x85], "Apple"),
    ([0xC8, 0x3E, 0x99], "Texas Instruments"),
    ([0xC8, 0x3E, 0x9E], "Huawei"),
    ([0xC8, 0x3F, 0x26], "Microsoft"),
    ([0xC8, 0x41, 0x8A], "Samsung"),
    ([0xC8, 0x47, 0x09], "Cisco"),
    ([0xC8, 0x4B, 0xD6], "Dell"),
    ([0xC8, 0x4C, 0x75], "Cisco"),
    ([0xC8, 0x50, 0xCE], "Huawei"),
    ([0xC8, 0x51, 0x42], "Samsung"),
    ([0xC8, 0x51, 0x95], "Huawei"),
    ([0xC8, 0x51, 0xFB], "Extreme Networks"),
    ([0xC8, 0x58, 0x95], "Lenovo"),
    ([0xC8, 0x58, 0xB3], "Intel"),
    ([0xC8, 0x58, 0xC0], "Intel"),
    ([0xC8, 0x5A, 0xCF], "HP"),
    ([0xC8, 0x5E, 0xA9], "Intel"),
    ([0xC8, 0x60, 0x00], "ASUS"),
    ([0xC8, 0x60, 0x8F], "Cisco"),
    ([0xC8, 0x63, 0x40], "Cisco"),
    ([0xC8, 0x66, 0x5D], "Extreme Networks"),
    ([0xC8, 0x67, 0x5E], "Extreme Networks"),
    ([0xC8, 0x68, 0xDE], "Huawei"),
    ([0xC8, 0x69, 0xCD], "Apple"),
    ([0xC8, 0x6E, 0x08], "Intel"),
    ([0xC8, 0x6F, 0x1D], "Apple"),
    ([0xC8, 0x78, 0xF7], "Cisco"),
    ([0xC8, 0x7E, 0x75], "Samsung"),
    ([0xC8, 0x7F, 0x54], "ASUS"),
    ([0xC8, 0x80, 0x6D], "Apple"),
    ([0xC8, 0x82, 0x34], "Cisco"),
    ([0xC8, 0x84, 0xA1], "Cisco"),
    ([0xC8, 0x84, 0xCF], "Huawei"),
    ([0xC8, 0x85, 0x41], "Espressif"),
    ([0xC8, 0x85, 0x50], "Apple"),
    ([0xC8, 0x89, 0xF3], "Apple"),
    ([0xC8, 0x8A, 0x9A], "Intel"),
    ([0xC8, 0x8D, 0x83], "Huawei"),
    ([0xC8, 0x90, 0x8A], "Samsung"),
    ([0xC8, 0x90, 0xF7], "Huawei"),
    ([0xC8, 0x94, 0xBB], "Huawei"),
    ([0xC8, 0x95, 0xCE], "Intel"),
    ([0xC8, 0x96, 0x65], "Microsoft"),
    ([0xC8, 0x9C, 0x1D], "Cisco"),
    ([0xC8, 0x9D, 0x18], "Huawei"),
    ([0xC8, 0x9E, 0x43], "NETGEAR"),
    ([0xC8, 0x9F, 0x0C], "Lenovo"),
    ([0xC8, 0x9F, 0x1A], "Huawei"),
    ([0xC8, 0xA0, 0x30], "Texas Instruments"),
    ([0xC8, 0xA1, 0xDC], "Lenovo"),
    ([0xC8, 0xA6, 0xEF], "Samsung"),
    ([0xC8, 0xA7, 0x76], "Huawei"),
    ([0xC8, 0xA8, 0x23], "Samsung"),
    ([0xC8, 0xB1, 0xCD], "Apple"),
    ([0xC8, 0xB2, 0x9B], "Intel"),
    ([0xC8, 0xB3, 0x73], "Cisco"),
    ([0xC8, 0xB5, 0xAD], "HP"),
    ([0xC8, 0xB5, 0xB7], "Apple"),
    ([0xC8, 0xB6, 0xD3], "Huawei"),
    ([0xC8, 0xB7, 0x8A], "Huawei"),
    ([0xC8, 0xBB, 0x81], "Huawei"),
    ([0xC8, 0xBC, 0x9C], "Huawei"),
    ([0xC8, 0xBC, 0xC8], "Apple"),
    ([0xC8, 0xBD, 0x4D], "Samsung"),
    ([0xC8, 0xBD, 0x69], "Samsung"),
    ([0xC8, 0xBE, 0x35], "Extreme Networks"),
    ([0xC8, 0xBF, 0xFE], "Huawei"),
    ([0xC8, 0xC2, 0xFA], "Huawei"),
    ([0xC8, 0xC4, 0x65], "Huawei"),
    ([0xC8, 0xC7, 0x50], "Lenovo"),
    ([0xC8, 0xC8, 0x3F], "Texas Instruments"),
    ([0xC8, 0xC9, 0xA3], "Espressif"),
    ([0xC8, 0xCA, 0x63], "Huawei"),
    ([0xC8, 0xCB, 0x9E], "Intel"),
    ([0xC8, 0xCB, 0xB8], "HP"),
    ([0xC8, 0xD0, 0x83], "Apple"),
    ([0xC8, 0xD1, 0x5E], "Huawei"),
    ([0xC8, 0xD1, 0xA9], "Huawei"),
    ([0xC8, 0xD3, 0xFF], "HP"),
    ([0xC8, 0xD7, 0x19], "Cisco"),
    ([0xC8, 0xD7, 0xB0], "Samsung"),
    ([0xC8, 0xD9, 0x59], "Lenovo"),
    ([0xC8, 0xD9, 0x95], "Juniper Networks"),
    ([0xC8, 0xD9, 0xD2], "HP"),
    ([0xC8, 0xDD, 0xC9], "Lenovo"),
    ([0xC8, 0xDF, 0x84], "Texas Instruments"),
    ([0xC8, 0xE0, 0xEB], "Apple"),
    ([0xC8, 0xE2, 0x65], "Intel"),
    ([0xC8, 0xE3, 0x1D], "Huawei"),
    ([0xC8, 0xE5, 0xE0], "Huawei"),
    ([0xC8, 0xE6, 0x00], "Huawei"),
    ([0xC8, 0xE7, 0xF0], "Juniper Networks"),
    ([0xC8, 0xF0, 0x9E], "Espressif"),
    ([0xC8, 0xF6, 0x50], "Apple"),
    ([0xC8, 0xF7, 0x33], "Intel"),
    ([0xC8, 0xF7, 0x50], "Dell"),
    ([0xC8, 0xF9, 0xF9], "Cisco"),
    ([0xC8, 0xFB, 0x26], "Cisco"),
    ([0xC8, 0xFD, 0x19], "Texas Instruments"),
    ([0xC8, 0xFE, 0x6A], "Juniper Networks"),
    ([0xCC, 0x03, 0x7B], "Texas Instruments"),
    ([0xCC, 0x03, 0xD9], "Cisco"),
    ([0xCC, 0x05, 0x1B], "Samsung"),
    ([0xCC, 0x05, 0x77], "Huawei"),
    ([0xCC, 0x07, 0xAB], "Samsung"),
    ([0xCC, 0x07, 0xE4], "Lenovo"),
    ([0xCC, 0x08, 0x7B], "Huawei"),
    ([0xCC, 0x08, 0x8D], "Apple"),
    ([0xCC, 0x08, 0xE0], "Apple"),
    ([0xCC, 0x08, 0xFA], "Apple"),
    ([0xCC, 0x08, 0xFB], "TP-LINK"),
    ([0xCC, 0x0D, 0xCB], "Microsoft"),
    ([0xCC, 0x0D, 0xEC], "Cisco"),
    ([0xCC, 0x0D, 0xF2], "Lenovo"),
    ([0xCC, 0x11, 0x5A], "Apple"),
    ([0xCC, 0x15, 0x31], "Intel"),
    ([0xCC, 0x16, 0x7E], "Cisco"),
    ([0xCC, 0x1E, 0x56], "Huawei"),
    ([0xCC, 0x1E, 0x97], "Huawei"),
    ([0xCC, 0x20, 0x8C], "Huawei"),
    ([0xCC, 0x20, 0xAC], "Samsung"),
    ([0xCC, 0x20, 0xE8], "Apple"),
    ([0xCC, 0x21, 0x19], "Samsung"),
    ([0xCC, 0x22, 0xFE], "Apple"),
    ([0xCC, 0x25, 0xEF], "Apple"),
    ([0xCC, 0x27, 0x46], "Apple"),
    ([0xCC, 0x28, 0xAA], "ASUS"),
    ([0xCC, 0x29, 0xF5], "Apple"),
    ([0xCC, 0x2D, 0xB7], "Apple"),
    ([0xCC, 0x2F, 0x71], "Intel"),
    ([0xCC, 0x32, 0x96], "Huawei"),
    ([0xCC, 0x32, 0xE5], "TP-LINK"),
    ([0xCC, 0x33, 0x31], "Texas Instruments"),
    ([0xCC, 0x34, 0x29], "TP-LINK"),
    ([0xCC, 0x35, 0xD9], "Ubiquiti"),
    ([0xCC, 0x36, 0xCF], "Cisco"),
    ([0xCC, 0x38, 0xD0], "Palo Alto Networks"),
    ([0xCC, 0x3D, 0x82], "Intel"),
    ([0xCC, 0x3D, 0xD1], "Huawei"),
    ([0xCC, 0x3E, 0x5F], "HP"),
    ([0xCC, 0x3F, 0x36], "Apple"),
    ([0xCC, 0x40, 0xD0], "NETGEAR"),
    ([0xCC, 0x44, 0x60], "Huawei"),
    ([0xCC, 0x44, 0x63], "Apple"),
    ([0xCC, 0x45, 0xA5], "Texas Instruments"),
    ([0xCC, 0x46, 0x4E], "Samsung"),
    ([0xCC, 0x46, 0xD6], "Cisco"),
    ([0xCC, 0x48, 0x3A], "Dell"),
    ([0xCC, 0x4B, 0x04], "Apple"),
    ([0xCC, 0x4E, 0x24], "Brocade"),
    ([0xCC, 0x50, 0xE3], "Espressif"),
    ([0xCC, 0x53, 0xB5], "Huawei"),
    ([0xCC, 0x5A, 0x53], "Cisco"),
    ([0xCC, 0x5C, 0x61], "Huawei"),
    ([0xCC, 0x5E, 0xA5], "Palo Alto Networks"),
    ([0xCC, 0x60, 0x23], "Apple"),
    ([0xCC, 0x60, 0xC8], "Microsoft"),
    ([0xCC, 0x61, 0xE5], "Lenovo"),
    ([0xCC, 0x64, 0xA6], "Huawei"),
    ([0xCC, 0x66, 0x0A], "Apple"),
    ([0xCC, 0x68, 0xB6], "TP-LINK"),
    ([0xCC, 0x68, 0xE0], "Apple"),
    ([0xCC, 0x69, 0xFA], "Apple"),
    ([0xCC, 0x6A, 0x33], "Cisco"),
    ([0xCC, 0x6E, 0x2A], "Cisco"),
    ([0xCC, 0x6E, 0xA4], "Samsung"),
    ([0xCC, 0x70, 0xED], "Cisco"),
    ([0xCC, 0x72, 0x2A], "Apple"),
    ([0xCC, 0x76, 0x45], "Microsoft"),
    ([0xCC, 0x78, 0x5F], "Apple"),
    ([0xCC, 0x78, 0xAB], "Texas Instruments"),
    ([0xCC, 0x79, 0xD7], "Cisco"),
    ([0xCC, 0x7B, 0x5C], "Espressif"),
    ([0xCC, 0x7F, 0x75], "Cisco"),
    ([0xCC, 0x7F, 0x76], "Cisco"),
    ([0xCC, 0x80, 0x8F], "Apple"),
    ([0xCC, 0x81, 0x7D], "Apple"),
    ([0xCC, 0x82, 0x7F], "Advantech"),
    ([0xCC, 0x88, 0xC7], "HP"),
    ([0xCC, 0x89, 0x5E], "Huawei"),
    ([0xCC, 0x8A, 0x84], "Huawei"),
    ([0xCC, 0x8C, 0xE3], "Texas Instruments"),
    ([0xCC, 0x8D, 0xA2], "Espressif"),
    ([0xCC, 0x8E, 0x71], "Cisco"),
    ([0xCC, 0x90, 0x70], "Cisco"),
    ([0xCC, 0x90, 0x96], "Huawei"),
    ([0xCC, 0x96, 0xA0], "Huawei"),
    ([0xCC, 0x96, 0xE5], "Dell"),
    ([0xCC, 0x98, 0x91], "Cisco"),
    ([0xCC, 0x9C, 0x3E], "Cisco"),
    ([0xCC, 0xA2, 0x23], "Huawei"),
    ([0xCC, 0xB0, 0xA8], "Huawei"),
    ([0xCC, 0xB0, 0xB3], "Microsoft"),
    ([0xCC, 0xB1, 0x1A], "Samsung"),
    ([0xCC, 0xB1, 0x82], "Huawei"),
    ([0xCC, 0xB5, 0x4C], "Texas Instruments"),
    ([0xCC, 0xB6, 0xC8], "Cisco"),
    ([0xCC, 0xB7, 0x75], "Huawei"),
    ([0xCC, 0xB7, 0xC4], "Huawei"),
    ([0xCC, 0xBA, 0x6F], "Huawei"),
    ([0xCC, 0xBA, 0x97], "Espressif"),
    ([0xCC, 0xBA, 0xBD], "TP-LINK"),
    ([0xCC, 0xBB, 0xFE], "Huawei"),
    ([0xCC, 0xBC, 0x2B], "Huawei"),
    ([0xCC, 0xBC, 0xE3], "Huawei"),
    ([0xCC, 0xBE, 0x61], "Apple"),
    ([0xCC, 0xC0, 0x79], "Murata"),
    ([0xCC, 0xC3, 0xEA], "Lenovo"),
    ([0xCC, 0xC5, 0xE5], "Dell"),
    ([0xCC, 0xC7, 0x60], "Apple"),
    ([0xCC, 0xC9, 0x5D], "Apple"),
    ([0xCC, 0xCC, 0x81], "Huawei"),
    ([0xCC, 0xCC, 0xEA], "Phoenix Contact"),
    ([0xCC, 0xD0, 0x83], "HP"),
    ([0xCC, 0xD2, 0x81], "Apple"),
    ([0xCC, 0xD3, 0x42], "Cisco"),
    ([0xCC, 0xD5, 0x39], "Cisco"),
    ([0xCC, 0xD7, 0x3C], "Huawei"),
    ([0xCC, 0xD8, 0xC1], "Cisco"),
    ([0xCC, 0xD9, 0xAC], "Intel"),
    ([0xCC, 0xDA, 0xB5], "Texas Instruments"),
    ([0xCC, 0xDB, 0x93], "Cisco"),
    ([0xCC, 0xDB, 0xA7], "Espressif"),
    ([0xCC, 0xE1, 0x7F], "Juniper Networks"),
    ([0xCC, 0xE1, 0x94], "Juniper Networks"),
    ([0xCC, 0xE6, 0x86], "Samsung"),
    ([0xCC, 0xE9, 0xFA], "Samsung"),
    ([0xCC, 0xED, 0x4D], "Cisco"),
    ([0xCC, 0xEF, 0x48], "Cisco"),
    ([0xCC, 0xF8, 0x26], "Samsung"),
    ([0xCC, 0xF9, 0xE4], "Intel"),
    ([0xCC, 0xF9, 0xE8], "Samsung"),
    ([0xCC, 0xF9, 0xF0], "Samsung"),
    ([0xCC, 0xFA, 0x66], "Huawei"),
    ([0xCC, 0xFE, 0x3C], "Samsung"),
    ([0xCC, 0xFF, 0x90], "Huawei"),
    ([0xD0, 0x03, 0x4B], "Apple"),
    ([0xD0, 0x03, 0xDF], "Samsung"),
    ([0xD0, 0x03, 0xEB], "Texas Instruments"),
    ([0xD0, 0x04, 0x01], "Lenovo"),
    ([0xD0, 0x04, 0x77], "Huawei"),
    ([0xD0, 0x04, 0xB0], "Samsung"),
    ([0xD0, 0x05, 0xE4], "Huawei"),
    ([0xD0, 0x07, 0x90], "Texas Instruments"),
    ([0xD0, 0x07, 0xCA], "Juniper Networks"),
    ([0xD0, 0x09, 0xC8], "Cisco"),
    ([0xD0, 0x0A, 0xAB], "Yokogawa"),
    ([0xD0, 0x0B, 0x27], "Murata"),
    ([0xD0, 0x0D, 0xF7], "Huawei"),
    ([0xD0, 0x11, 0xE5], "Apple"),
    ([0xD0, 0x15, 0xA6], "HP"),
    ([0xD0, 0x16, 0xB4], "Huawei"),
    ([0xD0, 0x17, 0x69], "Murata"),
    ([0xD0, 0x17, 0x6A], "Samsung"),
    ([0xD0, 0x17, 0xC2], "ASUS"),
    ([0xD0, 0x1B, 0x49], "Samsung"),
    ([0xD0, 0x21, 0xF9], "Ubiquiti"),
    ([0xD0, 0x23, 0xDB], "Apple"),
    ([0xD0, 0x25, 0x98], "Apple"),
    ([0xD0, 0x2B, 0x20], "Apple"),
    ([0xD0, 0x2C, 0x39], "Cisco"),
    ([0xD0, 0x2D, 0xB3], "Huawei"),
    ([0xD0, 0x2E, 0xAB], "Texas Instruments"),
    ([0xD0, 0x31, 0x69], "Samsung"),
    ([0xD0, 0x33, 0x11], "Apple"),
    ([0xD0, 0x37, 0x45], "TP-LINK"),
    ([0xD0, 0x37, 0x61], "Texas Instruments"),
    ([0xD0, 0x39, 0x72], "Texas Instruments"),
    ([0xD0, 0x39, 0xFA], "Samsung"),
    ([0xD0, 0x3C, 0x1F], "Intel"),
    ([0xD0, 0x3E, 0x07], "Apple"),
    ([0xD0, 0x3E, 0x5C], "Huawei"),
    ([0xD0, 0x3F, 0xAA], "Apple"),
    ([0xD0, 0x40, 0xEF], "Murata"),
    ([0xD0, 0x43, 0x1E], "Dell"),
    ([0xD0, 0x46, 0x0C], "Dell"),
    ([0xD0, 0x48, 0xA1], "Juniper Networks"),
    ([0xD0, 0x4D, 0x86], "Apple"),
    ([0xD0, 0x4D, 0xC6], "HP"),
    ([0xD0, 0x4E, 0x99], "Huawei"),
    ([0xD0, 0x4F, 0x7E], "Apple"),
    ([0xD0, 0x56, 0xFB], "Samsung"),
    ([0xD0, 0x57, 0x4C], "Cisco"),
    ([0xD0, 0x57, 0x7B], "Intel"),
    ([0xD0, 0x57, 0x7E], "Intel"),
    ([0xD0, 0x58, 0xA5], "Apple"),
    ([0xD0, 0x59, 0xE4], "Samsung"),
    ([0xD0, 0x5F, 0xB8], "Texas Instruments"),
    ([0xD0, 0x61, 0x58], "Huawei"),
    ([0xD0, 0x65, 0x44], "Apple"),
    ([0xD0, 0x65, 0x78], "Intel"),
    ([0xD0, 0x65, 0xCA], "Huawei"),
    ([0xD0, 0x66, 0x7B], "Samsung"),
    ([0xD0, 0x67, 0x26], "HP"),
    ([0xD0, 0x67, 0xE5], "Dell"),
    ([0xD0, 0x69, 0xC1], "Huawei"),
    ([0xD0, 0x6B, 0x78], "Apple"),
    ([0xD0, 0x6D, 0xC8], "Huawei"),
    ([0xD0, 0x6F, 0x82], "Huawei"),
    ([0xD0, 0x72, 0xDC], "Cisco"),
    ([0xD0, 0x73, 0x80], "Huawei"),
    ([0xD0, 0x76, 0xE7], "TP-LINK"),
    ([0xD0, 0x77, 0x14], "Lenovo"),
    ([0xD0, 0x7A, 0xB5], "Huawei"),
    ([0xD0, 0x7D, 0x33], "Huawei"),
    ([0xD0, 0x7E, 0x01], "Huawei"),
    ([0xD0, 0x7E, 0x28], "HP"),
    ([0xD0, 0x7E, 0x35], "Intel"),
    ([0xD0, 0x7F, 0xA0], "Samsung"),
    ([0xD0, 0x81, 0x7A], "Apple"),
    ([0xD0, 0x81, 0xC5], "Juniper Networks"),
    ([0xD0, 0x85, 0x43], "Cisco"),
    ([0xD0, 0x87, 0xE2], "Samsung"),
    ([0xD0, 0x88, 0x0C], "Apple"),
    ([0xD0, 0x8C, 0xB5], "Texas Instruments"),
    ([0xD0, 0x8E, 0x79], "Dell"),
    ([0xD0, 0x92, 0x9E], "Microsoft"),
    ([0xD0, 0x94, 0x66], "Dell"),
    ([0xD0, 0x94, 0xCF], "Huawei"),
    ([0xD0, 0xA5, 0xA6], "Cisco"),
    ([0xD0, 0xA6, 0x37], "Apple"),
    ([0xD0, 0xAB, 0xD5], "Intel"),
    ([0xD0, 0xAD, 0x08], "HP"),
    ([0xD0, 0xB1, 0x28], "Samsung"),
    ([0xD0, 0xB3, 0x24], "Apple"),
    ([0xD0, 0xB4, 0x5D], "Huawei"),
    ([0xD0, 0xB5, 0xC2], "Texas Instruments"),
    ([0xD0, 0xBF, 0x9C], "HP"),
    ([0xD0, 0xC0, 0x50], "Apple"),
    ([0xD0, 0xC1, 0xB1], "Samsung"),
    ([0xD0, 0xC1, 0xB5], "Dell"),
    ([0xD0, 0xC2, 0x4E], "Samsung"),
    ([0xD0, 0xC2, 0x82], "Cisco"),
    ([0xD0, 0xC5, 0xF3], "Apple"),
    ([0xD0, 0xC6, 0x37], "Intel"),
    ([0xD0, 0xC6, 0x5B], "Huawei"),
    ([0xD0, 0xC6, 0x7F], "Huawei"),
    ([0xD0, 0xC7, 0x89], "Cisco"),
    ([0xD0, 0xC7, 0xC0], "TP-LINK"),
    ([0xD0, 0xCF, 0x13], "Espressif"),
    ([0xD0, 0xD0, 0x03], "Samsung"),
    ([0xD0, 0xD0, 0x4B], "Huawei"),
    ([0xD0, 0xD0, 0xFD], "Cisco"),
    ([0xD0, 0xD2, 0x3C], "Apple"),
    ([0xD0, 0xD2, 0xB0], "Apple"),
    ([0xD0, 0xD3, 0xE0], "HP"),
    ([0xD0, 0xD4, 0x9F], "Apple"),
    ([0xD0, 0xD7, 0x83], "Huawei"),
    ([0xD0, 0xD7, 0xBE], "Huawei"),
    ([0xD0, 0xDA, 0xD7], "Apple"),
    ([0xD0, 0xDC, 0x2C], "Cisco"),
    ([0xD0, 0xDD, 0x49], "Juniper Networks"),
    ([0xD0, 0xDF, 0xC7], "Samsung"),
    ([0xD0, 0xE0, 0x42], "Cisco"),
    ([0xD0, 0xE1, 0x40], "Apple"),
    ([0xD0, 0xE4, 0x4A], "Murata"),
    ([0xD0, 0xE5, 0x81], "Apple"),
    ([0xD0, 0xEC, 0x35], "Cisco"),
    ([0xD0, 0xEF, 0x76], "Espressif"),
    ([0xD0, 0xEF, 0xC1], "Huawei"),
    ([0xD0, 0xF3, 0xF5], "Huawei"),
    ([0xD0, 0xF4, 0xF7], "Huawei"),
    ([0xD0, 0xF8, 0x15], "Huawei"),
    ([0xD0, 0xFC, 0xCC], "Samsung"),
    ([0xD0, 0xFF, 0x50], "Texas Instruments"),
    ([0xD0, 0xFF, 0x98], "Huawei"),
    ([0xD4, 0x01, 0x29], "Broadcom"),
    ([0xD4, 0x01, 0x6D], "TP-LINK"),
    ([0xD4, 0x04, 0xE6], "Broadcom"),
    ([0xD4, 0x04, 0xFF], "Juniper Networks"),
    ([0xD4, 0x05, 0x92], "Espressif"),
    ([0xD4, 0x06, 0x0F], "Texas Instruments"),
    ([0xD4, 0x0F, 0x9E], "Apple"),
    ([0xD4, 0x11, 0xA3], "Samsung"),
    ([0xD4, 0x19, 0x72], "HP"),
    ([0xD4, 0x1D, 0x71], "Palo Alto Networks"),
    ([0xD4, 0x22, 0x3F], "Lenovo"),
    ([0xD4, 0x25, 0x8B], "Intel"),
    ([0xD4, 0x2B, 0x6F], "Cisco"),
    ([0xD4, 0x2C, 0x44], "Cisco"),
    ([0xD4, 0x2D, 0xCC], "Apple"),
    ([0xD4, 0x2F, 0xCA], "Apple"),
    ([0xD4, 0x36, 0x39], "Texas Instruments"),
    ([0xD4, 0x3B, 0x04], "Intel"),
    ([0xD4, 0x40, 0xF0], "Huawei"),
    ([0xD4, 0x46, 0x49], "Huawei"),
    ([0xD4, 0x46, 0xE1], "Apple"),
    ([0xD4, 0x4D, 0xA4], "Murata"),
    ([0xD4, 0x4F, 0x67], "Huawei"),
    ([0xD4, 0x53, 0x83], "Murata"),
    ([0xD4, 0x54, 0x8B], "Intel"),
    ([0xD4, 0x57, 0x63], "Apple"),
    ([0xD4, 0x5A, 0x3F], "Juniper Networks"),
    ([0xD4, 0x5B, 0x51], "Lenovo"),
    ([0xD4, 0x5D, 0x64], "ASUS"),
    ([0xD4, 0x5E, 0x89], "Lenovo"),
    ([0xD4, 0x5F, 0x7A], "Huawei"),
    ([0xD4, 0x61, 0x2E], "Huawei"),
    ([0xD4, 0x61, 0x9D], "Apple"),
    ([0xD4, 0x61, 0xDA], "Apple"),
    ([0xD4, 0x62, 0xEA], "Huawei"),
    ([0xD4, 0x63, 0xC0], "Apple"),
    ([0xD4, 0x63, 0xC6], "Lenovo"),
    ([0xD4, 0x66, 0x24], "Cisco"),
    ([0xD4, 0x68, 0xAA], "Apple"),
    ([0xD4, 0x6A, 0x35], "Cisco"),
    ([0xD4, 0x6A, 0xA8], "Huawei"),
    ([0xD4, 0x6B, 0xA6], "Huawei"),
    ([0xD4, 0x6D, 0x50], "Cisco"),
    ([0xD4, 0x6D, 0x6D], "Intel"),
    ([0xD4, 0x6E, 0x0E], "TP-LINK"),
    ([0xD4, 0x6E, 0x5C], "Huawei"),
    ([0xD4, 0x73, 0x27], "Huawei"),
    ([0xD4, 0x74, 0x15], "Huawei"),
    ([0xD4, 0x76, 0xA0], "Fortinet"),
    ([0xD4, 0x77, 0x98], "Cisco"),
    ([0xD4, 0x78, 0x9B], "Cisco"),
    ([0xD4, 0x79, 0x54], "Huawei"),
    ([0xD4, 0x7A, 0xE2], "Samsung"),
    ([0xD4, 0x7B, 0x75], "HARTING"),
    ([0xD4, 0x7F, 0x35], "Cisco"),
    ([0xD4, 0x81, 0xD7], "Dell"),
    ([0xD4, 0x85, 0x64], "HP"),
    ([0xD4, 0x87, 0xD8], "Samsung"),
    ([0xD4, 0x88, 0x66], "Huawei"),
    ([0xD4, 0x88, 0x90], "Samsung"),
    ([0xD4, 0x89, 0xC1], "Ubiquiti"),
    ([0xD4, 0x8A, 0x39], "Samsung"),
    ([0xD4, 0x8A, 0xFC], "Espressif"),
    ([0xD4, 0x8C, 0x49], "Espressif"),
    ([0xD4, 0x8C, 0xB5], "Cisco"),
    ([0xD4, 0x8F, 0x33], "Microsoft"),
    ([0xD4, 0x8F, 0xA2], "Huawei"),
    ([0xD4, 0x90, 0x9C], "Apple"),
    ([0xD4, 0x94, 0x00], "Huawei"),
    ([0xD4, 0x94, 0xA1], "Texas Instruments"),
    ([0xD4, 0x94, 0xA9], "Intel"),
    ([0xD4, 0x94, 0xE8], "Huawei"),
    ([0xD4, 0x99, 0x6C], "Juniper Networks"),
    ([0xD4, 0x9A, 0x20], "Apple"),
    ([0xD4, 0x9C, 0xF4], "Palo Alto Networks"),
    ([0xD4, 0x9D, 0xC0], "Samsung"),
    ([0xD4, 0x9F, 0xDD], "Huawei"),
    ([0xD4, 0xA0, 0x2A], "Cisco"),
    ([0xD4, 0xA1, 0x48], "Huawei"),
    ([0xD4, 0xA2, 0x54], "Huawei"),
    ([0xD4, 0xA2, 0xCD], "Dell"),
    ([0xD4, 0xA3, 0x3D], "Apple"),
    ([0xD4, 0xA9, 0x23], "Huawei"),
    ([0xD4, 0xAB, 0x61], "Intel"),
    ([0xD4, 0xAD, 0x71], "Cisco"),
    ([0xD4, 0xAD, 0xBD], "Cisco"),
    ([0xD4, 0xAE, 0x05], "Samsung"),
    ([0xD4, 0xAE, 0x52], "Dell"),
    ([0xD4, 0xB1, 0x10], "Huawei"),
    ([0xD4, 0xB4, 0xC0], "Fortinet"),
    ([0xD4, 0xBB, 0xE6], "Huawei"),
    ([0xD4, 0xBE, 0xD7], "Dell"),
    ([0xD4, 0xBE, 0xD9], "Dell"),
    ([0xD4, 0xC9, 0x3C], "Cisco"),
    ([0xD4, 0xC9, 0x4B], "Lenovo"),
    ([0xD4, 0xC9, 0xEF], "HP"),
    ([0xD4, 0xCE, 0x40], "Apple"),
    ([0xD4, 0xD2, 0x52], "Intel"),
    ([0xD4, 0xD4, 0xDA], "Espressif"),
    ([0xD4, 0xD5, 0x0D], "STMicroelectronics"),
    ([0xD4, 0xD5, 0x1B], "Huawei"),
    ([0xD4, 0xD6, 0xDF], "TP-LINK"),
    ([0xD4, 0xD7, 0x48], "Cisco"),
    ([0xD4, 0xD8, 0x53], "Intel"),
    ([0xD4, 0xD8, 0x92], "Huawei"),
    ([0xD4, 0xDC, 0xCD], "Apple"),
    ([0xD4, 0xE0, 0x53], "HP"),
    ([0xD4, 0xE6, 0xB7], "Samsung"),
    ([0xD4, 0xE8, 0x80], "Cisco"),
    ([0xD4, 0xE8, 0xB2], "Samsung"),
    ([0xD4, 0xE9, 0x5E], "Texas Instruments"),
    ([0xD4, 0xE9, 0x8A], "Intel"),
    ([0xD4, 0xE9, 0xF4], "Espressif"),
    ([0xD4, 0xEB, 0x68], "Cisco"),
    ([0xD4, 0xF2, 0x42], "Huawei"),
    ([0xD4, 0xF3, 0x2D], "Intel"),
    ([0xD4, 0xF4, 0x6F], "Apple"),
    ([0xD4, 0xF4, 0xBE], "Palo Alto Networks"),
    ([0xD4, 0xF5, 0x13], "Texas Instruments"),
    ([0xD4, 0xF5, 0x27], "Siemens"),
    ([0xD4, 0xF5, 0xEF], "HP"),
    ([0xD4, 0xF9, 0x8D], "Espressif"),
    ([0xD4, 0xF9, 0xA1], "Huawei"),
    ([0xD4, 0xFB, 0x8E], "Apple"),
    ([0xD4, 0xFF, 0x1A], "Apple"),
    ([0xD8, 0x00, 0x4D], "Apple"),
    ([0xD8, 0x01, 0xD0], "Huawei"),
    ([0xD8, 0x02, 0xC0], "Extreme Networks"),
    ([0xD8, 0x06, 0xD1], "Honeywell"),
    ([0xD8, 0x07, 0xB6], "TP-LINK"),
    ([0xD8, 0x08, 0x31], "Samsung"),
    ([0xD8, 0x0A, 0x60], "Huawei"),
    ([0xD8, 0x0B, 0x9A], "Samsung"),
    ([0xD8, 0x0D, 0x17], "TP-LINK"),
    ([0xD8, 0x10, 0x68], "Murata"),
    ([0xD8, 0x10, 0x9F], "Huawei"),
    ([0xD8, 0x13, 0x2A], "Espressif"),
    ([0xD8, 0x15, 0x0D], "TP-LINK"),
    ([0xD8, 0x18, 0xD3], "Juniper Networks"),
    ([0xD8, 0x1B, 0xB5], "Huawei"),
    ([0xD8, 0x1C, 0x79], "Apple"),
    ([0xD8, 0x1D, 0x13], "Texas Instruments"),
    ([0xD8, 0x1D, 0x72], "Apple"),
    ([0xD8, 0x1F, 0xCC], "Brocade"),
    ([0xD8, 0x20, 0xA2], "Huawei"),
    ([0xD8, 0x24, 0xBD], "Cisco"),
    ([0xD8, 0x28, 0xC9], "GE"),
    ([0xD8, 0x29, 0x18], "Huawei"),
    ([0xD8, 0x29, 0xF8], "Huawei"),
    ([0xD8, 0x30, 0x62], "Apple"),
    ([0xD8, 0x31, 0xCF], "Samsung"),
    ([0xD8, 0x3A, 0xDD], "Raspberry Pi"),
    ([0xD8, 0x3B, 0xBF], "Intel"),
    ([0xD8, 0x3B, 0xDA], "Espressif"),
    ([0xD8, 0x40, 0x08], "Huawei"),
    ([0xD8, 0x44, 0x89], "TP-LINK"),
    ([0xD8, 0x47, 0x32], "TP-LINK"),
    ([0xD8, 0x47, 0xBB], "Huawei"),
    ([0xD8, 0x49, 0x0B], "Huawei"),
    ([0xD8, 0x4C, 0x90], "Apple"),
    ([0xD8, 0x50, 0xE6], "ASUS"),
    ([0xD8, 0x52, 0xFA], "Texas Instruments"),
    ([0xD8, 0x53, 0x9A], "Juniper Networks"),
    ([0xD8, 0x53, 0xAD], "Cisco"),
    ([0xD8, 0x53, 0xBC], "Lenovo"),
    ([0xD8, 0x54, 0x3A], "Texas Instruments"),
    ([0xD8, 0x54, 0xA2], "Extreme Networks"),
    ([0xD8, 0x54, 0xF2], "Huawei"),
    ([0xD8, 0x55, 0x75], "Samsung"),
    ([0xD8, 0x57, 0xEF], "Samsung"),
    ([0xD8, 0x59, 0x82], "Huawei"),
    ([0xD8, 0x5B, 0x2A], "Samsung"),
    ([0xD8, 0x5D, 0x4C], "TP-LINK"),
    ([0xD8, 0x5E, 0xD3], "Gigabyte"),
    ([0xD8, 0x62, 0xCA], "Cisco"),
    ([0xD8, 0x67, 0xD3], "Huawei"),
    ([0xD8, 0x67, 0xD9], "Cisco"),
    ([0xD8, 0x68, 0x52], "Huawei"),
    ([0xD8, 0x68, 0xA0], "Samsung"),
    ([0xD8, 0x68, 0xC3], "Samsung"),
    ([0xD8, 0x6D, 0x17], "Huawei"),
    ([0xD8, 0x71, 0x4D], "Texas Instruments"),
    ([0xD8, 0x71, 0x54], "Samsung"),
    ([0xD8, 0x71, 0x57], "Lenovo"),
    ([0xD8, 0x74, 0x75], "Apple"),
    ([0xD8, 0x74, 0xDF], "Huawei"),
    ([0xD8, 0x76, 0xAE], "Huawei"),
    ([0xD8, 0x80, 0xDC], "Huawei"),
    ([0xD8, 0x84, 0x66], "Extreme Networks"),
    ([0xD8, 0x85, 0xAC], "Espressif"),
    ([0xD8, 0x88, 0x63], "Huawei"),
    ([0xD8, 0x8A, 0xDC], "Huawei"),
    ([0xD8, 0x8F, 0x76], "Apple"),
    ([0xD8, 0x90, 0xE8], "Samsung"),
    ([0xD8, 0x93, 0x41], "GE"),
    ([0xD8, 0x94, 0x03], "HP"),
    ([0xD8, 0x95, 0x2F], "Texas Instruments"),
    ([0xD8, 0x96, 0x95], "Apple"),
    ([0xD8, 0x9B, 0x3B], "Huawei"),
    ([0xD8, 0x9D, 0x67], "HP"),
    ([0xD8, 0x9E, 0x3F], "Apple"),
    ([0xD8, 0x9E, 0x61], "Huawei"),
    ([0xD8, 0x9E, 0xF3], "Dell"),
    ([0xD8, 0xA0, 0x1D], "Espressif"),
    ([0xD8, 0xA2, 0x5E], "Apple"),
    ([0xD8, 0xA3, 0x5C], "Samsung"),
    ([0xD8, 0xA4, 0x91], "Huawei"),
    ([0xD8, 0xA9, 0x8B], "Texas Instruments"),
    ([0xD8, 0xB1, 0x22], "Juniper Networks"),
    ([0xD8, 0xB1, 0x90], "Cisco"),
    ([0xD8, 0xB1, 0xDE], "HP"),
    ([0xD8, 0xB2, 0x49], "Huawei"),
    ([0xD8, 0xB3, 0x70], "Ubiquiti"),
    ([0xD8, 0xB6, 0x73], "Texas Instruments"),
    ([0xD8, 0xBB, 0x2C], "Apple"),
    ([0xD8, 0xBC, 0x38], "Espressif"),
    ([0xD8, 0xBE, 0x1F], "Apple"),
    ([0xD8, 0xBF, 0x42], "Intel"),
    ([0xD8, 0xBF, 0xC0], "Espressif"),
    ([0xD8, 0xC4, 0x6A], "Murata"),
    ([0xD8, 0xC4, 0xE9], "Samsung"),
    ([0xD8, 0xC7, 0x71], "Huawei"),
    ([0xD8, 0xC7, 0xC8], "HP"),
    ([0xD8, 0xCC, 0x98], "Huawei"),
    ([0xD8, 0xCF, 0x9C], "Apple"),
    ([0xD8, 0xCF, 0xBF], "Lenovo"),
    ([0xD8, 0xD0, 0x90], "Dell"),
    ([0xD8, 0xD1, 0xCB], "Apple"),
    ([0xD8, 0xD3, 0x85], "HP"),
    ([0xD8, 0xDA, 0xF1], "Huawei"),
    ([0xD8, 0xDC, 0x40], "Apple"),
    ([0xD8, 0xDD, 0xFD], "Texas Instruments"),
    ([0xD8, 0xDE, 0x3A], "Apple"),
    ([0xD8, 0xE0, 0x16], "Extreme Networks"),
    ([0xD8, 0xE0, 0xE1], "Samsung"),
    ([0xD8, 0xE2, 0xDF], "Microsoft"),
    ([0xD8, 0xE5, 0x93], "Apple"),
    ([0xD8, 0xEF, 0x42], "Huawei"),
    ([0xD8, 0xF1, 0x2E], "TP-LINK"),
    ([0xD8, 0xF1, 0x5B], "Espressif"),
    ([0xD8, 0xF2, 0xCA], "Intel"),
    ([0xD8, 0xF8, 0x83], "Intel"),
    ([0xD8, 0xFC, 0x93], "Intel"),
    ([0xDC, 0x00, 0x77], "TP-LINK"),
    ([0xDC, 0x05, 0x39], "Cisco"),
    ([0xDC, 0x05, 0x75], "Siemens"),
    ([0xDC, 0x06, 0x75], "Espressif"),
    ([0xDC, 0x08, 0x0F], "Apple"),
    ([0xDC, 0x09, 0x4C], "Huawei"),
    ([0xDC, 0x0B, 0x09], "Cisco"),
    ([0xDC, 0x0C, 0x5C], "Apple"),
    ([0xDC, 0x0E, 0x96], "Palo Alto Networks"),
    ([0xDC, 0x10, 0x57], "Apple"),
    ([0xDC, 0x12, 0x1D], "Huawei"),
    ([0xDC, 0x16, 0xB2], "Huawei"),
    ([0xDC, 0x1B, 0x48], "Texas Instruments"),
    ([0xDC, 0x1B, 0xA1], "Intel"),
    ([0xDC, 0x1E, 0xD5], "Espressif"),
    ([0xDC, 0x21, 0x48], "Intel"),
    ([0xDC, 0x21, 0x5C], "Intel"),
    ([0xDC, 0x21, 0xE2], "Huawei"),
    ([0xDC, 0x23, 0x3B], "Extreme Networks"),
    ([0xDC, 0x27, 0x27], "Huawei"),
    ([0xDC, 0x2B, 0x2A], "Apple"),
    ([0xDC, 0x2B, 0x61], "Apple"),
    ([0xDC, 0x2D, 0x3C], "Huawei"),
    ([0xDC, 0x33, 0x3D], "Huawei"),
    ([0xDC, 0x37, 0x14], "Apple"),
    ([0xDC, 0x38, 0xE1], "Juniper Networks"),
    ([0xDC, 0x39, 0x79], "Cisco"),
    ([0xDC, 0x41, 0x5F], "Apple"),
    ([0xDC, 0x41, 0xA9], "Intel"),
    ([0xDC, 0x42, 0xC8], "Huawei"),
    ([0xDC, 0x44, 0xB6], "Samsung"),
    ([0xDC, 0x45, 0x46], "Intel"),
    ([0xDC, 0x45, 0xB8], "Apple"),
    ([0xDC, 0x46, 0x28], "Intel"),
    ([0xDC, 0x4A, 0x3E], "HP"),
    ([0xDC, 0x4F, 0x22], "Espressif"),
    ([0xDC, 0x52, 0x85], "Apple"),
    ([0xDC, 0x53, 0x60], "Intel"),
    ([0xDC, 0x53, 0x92], "Apple"),
    ([0xDC, 0x54, 0x75], "Espressif"),
    ([0xDC, 0x56, 0xE7], "Apple"),
    ([0xDC, 0x61, 0x80], "Huawei"),
    ([0xDC, 0x62, 0x1F], "Huawei"),
    ([0xDC, 0x62, 0x79], "TP-LINK"),
    ([0xDC, 0x66, 0x72], "Samsung"),
    ([0xDC, 0x68, 0x0C], "HP"),
    ([0xDC, 0x69, 0xE2], "Samsung"),
    ([0xDC, 0x6B, 0x1B], "Huawei"),
    ([0xDC, 0x6D, 0xBC], "Apple"),
    ([0xDC, 0x71, 0x96], "Intel"),
    ([0xDC, 0x71, 0xD0], "Apple"),
    ([0xDC, 0x72, 0x9B], "Huawei"),
    ([0xDC, 0x73, 0x85], "Huawei"),
    ([0xDC, 0x74, 0xA8], "Samsung"),
    ([0xDC, 0x77, 0x4C], "Cisco"),
    ([0xDC, 0x77, 0x94], "Huawei"),
    ([0xDC, 0x7B, 0x94], "Cisco"),
    ([0xDC, 0x7E, 0x1D], "Huawei"),
    ([0xDC, 0x7E, 0xF5], "Huawei"),
    ([0xDC, 0x80, 0x84], "Apple"),
    ([0xDC, 0x86, 0x8D], "Huawei"),
    ([0xDC, 0x86, 0xD8], "Apple"),
    ([0xDC, 0x87, 0xF8], "Samsung"),
    ([0xDC, 0x89, 0x83], "Samsung"),
    ([0xDC, 0x8B, 0x28], "Intel"),
    ([0xDC, 0x8C, 0x37], "Cisco"),
    ([0xDC, 0x8E, 0x6D], "Huawei"),
    ([0xDC, 0x90, 0x09], "Intel"),
    ([0xDC, 0x90, 0x88], "Huawei"),
    ([0xDC, 0x91, 0x66], "Huawei"),
    ([0xDC, 0x93, 0x96], "Apple"),
    ([0xDC, 0x95, 0x66], "Apple"),
    ([0xDC, 0x97, 0xBA], "Intel"),
    ([0xDC, 0x98, 0x40], "Microsoft"),
    ([0xDC, 0x99, 0x14], "Huawei"),
    ([0xDC, 0x9B, 0x9C], "Apple"),
    ([0xDC, 0x9C, 0x99], "Huawei"),
    ([0xDC, 0x9D, 0xED], "Samsung"),
    ([0xDC, 0x9E, 0x8F], "Apple"),
    ([0xDC, 0x9F, 0xDB], "Ubiquiti"),
    ([0xDC, 0xA4, 0xCA], "Apple"),
    ([0xDC, 0xA5, 0xF4], "Cisco"),
    ([0xDC, 0xA6, 0x32], "Raspberry Pi"),
    ([0xDC, 0xA7, 0x82], "Huawei"),
    ([0xDC, 0xA9, 0x04], "Apple"),
    ([0xDC, 0xA9, 0x71], "Intel"),
    ([0xDC, 0xB3, 0xB4], "Honeywell"),
    ([0xDC, 0xB4, 0xC4], "Microsoft"),
    ([0xDC, 0xB4, 0xD9], "Espressif"),
    ([0xDC, 0xB5, 0x4F], "Apple"),
    ([0xDC, 0xB7, 0xAC], "HP"),
    ([0xDC, 0xB8, 0x08], "Extreme Networks"),
    ([0xDC, 0xB8, 0x7D], "HP"),
    ([0xDC, 0xBB, 0x3D], "Extreme Networks"),
    ([0xDC, 0xBE, 0x04], "Texas Instruments"),
    ([0xDC, 0xBF, 0xE9], "Lenovo"),
    ([0xDC, 0xC4, 0x9C], "Samsung"),
    ([0xDC, 0xC6, 0x4B], "Huawei"),
    ([0xDC, 0xCC, 0xE6], "Samsung"),
    ([0xDC, 0xCE, 0xC1], "Cisco"),
    ([0xDC, 0xCF, 0x96], "Samsung"),
    ([0xDC, 0xD2, 0xFC], "Huawei"),
    ([0xDC, 0xD2, 0xFD], "Huawei"),
    ([0xDC, 0xD3, 0xA2], "Apple"),
    ([0xDC, 0xD4, 0x44], "Huawei"),
    ([0xDC, 0xD7, 0xA0], "Huawei"),
    ([0xDC, 0xD8, 0x3B], "Cisco"),
    ([0xDC, 0xD9, 0x16], "Huawei"),
    ([0xDC, 0xDA, 0x0C], "Espressif"),
    ([0xDC, 0xDB, 0x27], "Huawei"),
    ([0xDC, 0xDC, 0xC3], "Extreme Networks"),
    ([0xDC, 0xDC, 0xE2], "Samsung"),
    ([0xDC, 0xDE, 0xE3], "Texas Instruments"),
    ([0xDC, 0xE6, 0x50], "Extreme Networks"),
    ([0xDC, 0xEB, 0x94], "Cisco"),
    ([0xDC, 0xEE, 0x06], "Huawei"),
    ([0xDC, 0xEF, 0x09], "NETGEAR"),
    ([0xDC, 0xEF, 0x80], "Huawei"),
    ([0xDC, 0xEF, 0xCA], "Murata"),
    ([0xDC, 0xF3, 0x1C], "Texas Instruments"),
    ([0xDC, 0xF4, 0x01], "Dell"),
    ([0xDC, 0xF4, 0xCA], "Apple"),
    ([0xDC, 0xF7, 0x19], "Cisco"),
    ([0xDC, 0xF7, 0x56], "Samsung"),
    ([0xDC, 0xFB, 0x48], "Intel"),
    ([0xDC, 0xFE, 0x18], "TP-LINK"),
    ([0xDC, 0xFE, 0x23], "Murata"),
    ([0xE0, 0x00, 0x84], "Huawei"),
    ([0xE0, 0x02, 0xA5], "ABB"),
    ([0xE0, 0x03, 0x6B], "Samsung"),
    ([0xE0, 0x05, 0xC5], "TP-LINK"),
    ([0xE0, 0x06, 0x30], "Huawei"),
    ([0xE0, 0x07, 0x1B], "HP"),
    ([0xE0, 0x0C, 0xE5], "Huawei"),
    ([0xE0, 0x0D, 0xEE], "Huawei"),
    ([0xE0, 0x0E, 0xDA], "Cisco"),
    ([0xE0, 0x19, 0x1D], "Huawei"),
    ([0xE0, 0x1C, 0x41], "Extreme Networks"),
    ([0xE0, 0x1F, 0x6A], "Huawei"),
    ([0xE0, 0x23, 0xFF], "Fortinet"),
    ([0xE0, 0x24, 0x7F], "Huawei"),
    ([0xE0, 0x24, 0x81], "Huawei"),
    ([0xE0, 0x26, 0x11], "Apple"),
    ([0xE0, 0x28, 0x0A], "TP-LINK"),
    ([0xE0, 0x28, 0x61], "Huawei"),
    ([0xE0, 0x2A, 0x66], "Cisco"),
    ([0xE0, 0x2B, 0x96], "Apple"),
    ([0xE0, 0x2B, 0xE9], "Intel"),
    ([0xE0, 0x2C, 0xB2], "Lenovo"),
    ([0xE0, 0x2E, 0x0B], "Intel"),
    ([0xE0, 0x2E, 0x3F], "Huawei"),
    ([0xE0, 0x2F, 0x6D], "Cisco"),
    ([0xE0, 0x30, 0xF9], "Juniper Networks"),
    ([0xE0, 0x33, 0x8E], "Apple"),
    ([0xE0, 0x36, 0x76], "Huawei"),
    ([0xE0, 0x3A, 0xAA], "Intel"),
    ([0xE0, 0x3E, 0x44], "Broadcom"),
    ([0xE0, 0x3F, 0x49], "ASUS"),
    ([0xE0, 0x40, 0x07], "Huawei"),
    ([0xE0, 0x40, 0x27], "Huawei"),
    ([0xE0, 0x46, 0x9A], "NETGEAR"),
    ([0xE0, 0x46, 0xEE], "NETGEAR"),
    ([0xE0, 0x4B, 0xA6], "Huawei"),
    ([0xE0, 0x4E, 0x5D], "Huawei"),
    ([0xE0, 0x55, 0x3D], "Cisco"),
    ([0xE0, 0x5A, 0x1B], "Espressif"),
    ([0xE0, 0x5F, 0x45], "Apple"),
    ([0xE0, 0x5F, 0xB9], "Cisco"),
    ([0xE0, 0x62, 0x34], "Texas Instruments"),
    ([0xE0, 0x63, 0xDA], "Ubiquiti"),
    ([0xE0, 0x66, 0x78], "Apple"),
    ([0xE0, 0x69, 0xBA], "Cisco"),
    ([0xE0, 0x6C, 0xC5], "Huawei"),
    ([0xE0, 0x6D, 0x17], "Apple"),
    ([0xE0, 0x70, 0xEA], "HP"),
    ([0xE0, 0x72, 0x56], "Intel"),
    ([0xE0, 0x72, 0xA1], "Espressif"),
    ([0xE0, 0x73, 0xE7], "HP"),
    ([0xE0, 0x75, 0x7D], "Lenovo"),
    ([0xE0, 0x77, 0x26], "Huawei"),
    ([0xE0, 0x7D, 0xEA], "Texas Instruments"),
    ([0xE0, 0x89, 0x7E], "Apple"),
    ([0xE0, 0x89, 0x9D], "Cisco"),
    ([0xE0, 0x8C, 0x3C], "Cisco"),
    ([0xE0, 0x8C, 0xFE], "Espressif"),
    ([0xE0, 0x8F, 0x4C], "Intel"),
    ([0xE0, 0x91, 0xF5], "NETGEAR"),
    ([0xE0, 0x92, 0x5C], "Apple"),
    ([0xE0, 0x92, 0x8F], "Texas Instruments"),
    ([0xE0, 0x94, 0x67], "Intel"),
    ([0xE0, 0x97, 0x96], "Huawei"),
    ([0xE0, 0x98, 0x06], "Espressif"),
    ([0xE0, 0x98, 0x61], "Lenovo"),
    ([0xE0, 0x99, 0x71], "Samsung"),
    ([0xE0, 0x9D, 0x13], "Samsung"),
    ([0xE0, 0x9D, 0x31], "Intel"),
    ([0xE0, 0xA1, 0x29], "Extreme Networks"),
    ([0xE0, 0xA3, 0x66], "Lenovo"),
    ([0xE0, 0xA3, 0xAC], "Huawei"),
    ([0xE0, 0xAA, 0x96], "Samsung"),
    ([0xE0, 0xAC, 0xCB], "Apple"),
    ([0xE0, 0xAC, 0xF1], "Cisco"),
    ([0xE0, 0xAD, 0x9B], "Huawei"),
    ([0xE0, 0xAE, 0xA2], "Huawei"),
    ([0xE0, 0xB5, 0x2D], "Apple"),
    ([0xE0, 0xB5, 0x5F], "Apple"),
    ([0xE0, 0xB9, 0xBA], "Apple"),
    ([0xE0, 0xBA, 0x78], "Apple"),
    ([0xE0, 0xBD, 0xA0], "Apple"),
    ([0xE0, 0xBF, 0xB2], "Apple"),
    ([0xE0, 0xC2, 0x50], "NETGEAR"),
    ([0xE0, 0xC2, 0x64], "Intel"),
    ([0xE0, 0xC3, 0x77], "Samsung"),
    ([0xE0, 0xC3, 0xEA], "Apple"),
    ([0xE0, 0xC7, 0x67], "Apple"),
    ([0xE0, 0xC7, 0x9D], "Texas Instruments"),
    ([0xE0, 0xC9, 0x32], "Intel"),
    ([0xE0, 0xC9, 0x7A], "Apple"),
    ([0xE0, 0xCB, 0x4E], "ASUS"),
    ([0xE0, 0xCB, 0xBC], "Cisco"),
    ([0xE0, 0xCB, 0xEE], "Samsung"),
    ([0xE0, 0xCC, 0x7A], "Huawei"),
    ([0xE0, 0xCD, 0xB8], "Huawei"),
    ([0xE0, 0xD0, 0x45], "Intel"),
    ([0xE0, 0xD0, 0x83], "Samsung"),
    ([0xE0, 0xD1, 0x73], "Cisco"),
    ([0xE0, 0xD3, 0x62], "TP-LINK"),
    ([0xE0, 0xD3, 0xB4], "Cisco"),
    ([0xE0, 0xD4, 0x62], "Huawei"),
    ([0xE0, 0xD4, 0x64], "Intel"),
    ([0xE0, 0xD4, 0x91], "Cisco"),
    ([0xE0, 0xD4, 0xE8], "Intel"),
    ([0xE0, 0xD5, 0x5D], "Intel"),
    ([0xE0, 0xD5, 0x5E], "Gigabyte"),
    ([0xE0, 0xD7, 0xBA], "Texas Instruments"),
    ([0xE0, 0xD8, 0x48], "Dell"),
    ([0xE0, 0xDA, 0x90], "Huawei"),
    ([0xE0, 0xDB, 0x10], "Samsung"),
    ([0xE0, 0xDB, 0x55], "Dell"),
    ([0xE0, 0xDC, 0xA0], "Siemens"),
    ([0xE0, 0xDE, 0xF2], "Texas Instruments"),
    ([0xE0, 0xE0, 0xFC], "Huawei"),
    ([0xE0, 0xE2, 0x58], "Intel"),
    ([0xE0, 0xE2, 0xE6], "Espressif"),
    ([0xE0, 0xE3, 0x7C], "Huawei"),
    ([0xE0, 0xE5, 0xCF], "Texas Instruments"),
    ([0xE0, 0xEB, 0x40], "Apple"),
    ([0xE0, 0xF3, 0x30], "Huawei"),
    ([0xE0, 0xF4, 0x42], "Huawei"),
    ([0xE0, 0xF5, 0xC6], "Apple"),
    ([0xE0, 0xF6, 0x2D], "Juniper Networks"),
    ([0xE0, 0xF8, 0x47], "Apple"),
    ([0xE0, 0xFF, 0xF1], "Texas Instruments"),
    ([0xE4, 0x02, 0x9B], "Intel"),
    ([0xE4, 0x06, 0xE0], "Huawei"),
    ([0xE4, 0x07, 0x2B], "Huawei"),
    ([0xE4, 0x0A, 0x16], "Huawei"),
    ([0xE4, 0x0D, 0x36], "Intel"),
    ([0xE4, 0x0E, 0xEE], "Huawei"),
    ([0xE4, 0x10, 0x88], "Samsung"),
    ([0xE4, 0x11, 0x5B], "HP"),
    ([0xE4, 0x12, 0x1D], "Samsung"),
    ([0xE4, 0x15, 0xF6], "Texas Instruments"),
    ([0xE4, 0x16, 0x13], "Extreme Networks"),
    ([0xE4, 0x19, 0xC1], "Huawei"),
    ([0xE4, 0x1F, 0x7B], "Cisco"),
    ([0xE4, 0x1F, 0xD5], "Intel"),
    ([0xE4, 0x23, 0x3C], "Juniper Networks"),
    ([0xE4, 0x25, 0xE7], "Apple"),
    ([0xE4, 0x26, 0x8B], "Huawei"),
    ([0xE4, 0x26, 0xD5], "Lenovo"),
    ([0xE4, 0x2A, 0xAC], "Microsoft"),
    ([0xE4, 0x2B, 0x34], "Apple"),
    ([0xE4, 0x2F, 0x37], "Apple"),
    ([0xE4, 0x32, 0xCB], "Samsung"),
    ([0xE4, 0x34, 0x93], "Huawei"),
    ([0xE4, 0x35, 0xC8], "Huawei"),
    ([0xE4, 0x37, 0x9F], "Cisco"),
    ([0xE4, 0x38, 0x7E], "Cisco"),
    ([0xE4, 0x38, 0x83], "Ubiquiti"),
    ([0xE4, 0x3D, 0x1A], "Broadcom"),
    ([0xE4, 0x3E, 0xC6], "Huawei"),
    ([0xE4, 0x40, 0xE2], "Samsung"),
    ([0xE4, 0x42, 0xA6], "Intel"),
    ([0xE4, 0x43, 0x4B], "Dell"),
    ([0xE4, 0x43, 0x89], "Apple"),
    ([0xE4, 0x44, 0xE5], "Extreme Networks"),
    ([0xE4, 0x48, 0xC7], "Cisco"),
    ([0xE4, 0x4A, 0xE0], "Intel"),
    ([0xE4, 0x4E, 0x2D], "Cisco"),
    ([0xE4, 0x50, 0xEB], "Apple"),
    ([0xE4, 0x52, 0x1E], "Texas Instruments"),
    ([0xE4, 0x53, 0x41], "Apple"),
    ([0xE4, 0x54, 0xE5], "Huawei"),
    ([0xE4, 0x54, 0xE8], "Dell"),
    ([0xE4, 0x55, 0xA8], "Cisco"),
    ([0xE4, 0x58, 0xB8], "Samsung"),
    ([0xE4, 0x58, 0xE7], "Samsung"),
    ([0xE4, 0x5D, 0x37], "Juniper Networks"),
    ([0xE4, 0x5D, 0x39], "Texas Instruments"),
    ([0xE4, 0x5D, 0x75], "Samsung"),
    ([0xE4, 0x5E, 0x37], "Intel"),
    ([0xE4, 0x5E, 0xCC], "Juniper Networks"),
    ([0xE4, 0x5F, 0x01], "Raspberry Pi"),
    ([0xE4, 0x60, 0x17], "Intel"),
    ([0xE4, 0x62, 0xC4], "Cisco"),
    ([0xE4, 0x65, 0xB8], "Espressif"),
    ([0xE4, 0x68, 0xA3], "Huawei"),
    ([0xE4, 0x70, 0xB8], "Intel"),
    ([0xE4, 0x72, 0xE2], "Huawei"),
    ([0xE4, 0x73, 0x19], "Huawei"),
    ([0xE4, 0x76, 0x84], "Apple"),
    ([0xE4, 0x77, 0x27], "Huawei"),
    ([0xE4, 0x79, 0x3F], "Juniper Networks"),
    ([0xE4, 0x7C, 0xF9], "Samsung"),
    ([0xE4, 0x7D, 0xBD], "Samsung"),
    ([0xE4, 0x7E, 0x66], "Huawei"),
    ([0xE4, 0x82, 0x10], "Huawei"),
    ([0xE4, 0x83, 0x26], "Huawei"),
    ([0xE4, 0x89, 0xCA], "Cisco"),
    ([0xE4, 0x8B, 0x7F], "Apple"),
    ([0xE4, 0x8E, 0xBB], "Rockwell/Allen-Bradley"),
    ([0xE4, 0x8E, 0xC5], "Huawei"),
    ([0xE4, 0x8F, 0x1D], "Huawei"),
    ([0xE4, 0x90, 0x2A], "Huawei"),
    ([0xE4, 0x90, 0x69], "Rockwell/Allen-Bradley"),
    ([0xE4, 0x90, 0x7E], "Lenovo"),
    ([0xE4, 0x90, 0xFD], "Apple"),
    ([0xE4, 0x92, 0x82], "Samsung"),
    ([0xE4, 0x92, 0xFB], "Samsung"),
    ([0xE4, 0x98, 0xD1], "Microsoft"),
    ([0xE4, 0x98, 0xD6], "Apple"),
    ([0xE4, 0x99, 0x5F], "Huawei"),
    ([0xE4, 0x9A, 0x79], "Apple"),
    ([0xE4, 0x9A, 0xDC], "Apple"),
    ([0xE4, 0x9C, 0x67], "Apple"),
    ([0xE4, 0x9F, 0x7D], "Samsung"),
    ([0xE4, 0xA4, 0x1C], "Cisco"),
    ([0xE4, 0xA4, 0x30], "Samsung"),
    ([0xE4, 0xA4, 0x71], "Intel"),
    ([0xE4, 0xA7, 0x49], "Palo Alto Networks"),
    ([0xE4, 0xA7, 0xA0], "Intel"),
    ([0xE4, 0xA7, 0xC5], "Huawei"),
    ([0xE4, 0xA7, 0xD0], "Huawei"),
    ([0xE4, 0xA8, 0xB6], "Huawei"),
    ([0xE4, 0xAA, 0x5D], "Cisco"),
    ([0xE4, 0xB0, 0x21], "Samsung"),
    ([0xE4, 0xB0, 0x63], "Espressif"),
    ([0xE4, 0xB1, 0x07], "Huawei"),
    ([0xE4, 0xB1, 0x6C], "Apple"),
    ([0xE4, 0xB2, 0x24], "Huawei"),
    ([0xE4, 0xB2, 0xFB], "Apple"),
    ([0xE4, 0xB3, 0x18], "Intel"),
    ([0xE4, 0xB3, 0x23], "Espressif"),
    ([0xE4, 0xB5, 0x55], "Huawei"),
    ([0xE4, 0xB9, 0x7A], "Dell"),
    ([0xE4, 0xBE, 0xFB], "Huawei"),
    ([0xE4, 0xC2, 0xD1], "Huawei"),
    ([0xE4, 0xC3, 0x2A], "TP-LINK"),
    ([0xE4, 0xC6, 0x3D], "Apple"),
    ([0xE4, 0xC7, 0x22], "Cisco"),
    ([0xE4, 0xC7, 0x67], "Intel"),
    ([0xE4, 0xCA, 0x5F], "Murata"),
    ([0xE4, 0xCE, 0x8F], "Apple"),
    ([0xE4, 0xD3, 0x32], "TP-LINK"),
    ([0xE4, 0xD3, 0x73], "Huawei"),
    ([0xE4, 0xD3, 0xF1], "Cisco"),
    ([0xE4, 0xDB, 0xAE], "Extreme Networks"),
    ([0xE4, 0xDC, 0x43], "Huawei"),
    ([0xE4, 0xDC, 0xCC], "Huawei"),
    ([0xE4, 0xDE, 0x40], "HP"),
    ([0xE4, 0xE0, 0xA6], "Apple"),
    ([0xE4, 0xE0, 0xC5], "Samsung"),
    ([0xE4, 0xE1, 0x12], "Texas Instruments"),
    ([0xE4, 0xE4, 0xAB], "Apple"),
    ([0xE4, 0xE7, 0x49], "HP"),
    ([0xE4, 0xEC, 0xE8], "Samsung"),
    ([0xE4, 0xF0, 0x04], "Dell"),
    ([0xE4, 0xF2, 0x7C], "Juniper Networks"),
    ([0xE4, 0xF3, 0xC4], "Samsung"),
    ([0xE4, 0xF4, 0xC6], "NETGEAR"),
    ([0xE4, 0xF5, 0x8E], "Schneider Electric"),
    ([0xE4, 0xF8, 0x9C], "Intel"),
    ([0xE4, 0xF8, 0xEF], "Samsung"),
    ([0xE4, 0xFA, 0x5B], "Texas Instruments"),
    ([0xE4, 0xFA, 0xC4], "TP-LINK"),
    ([0xE4, 0xFA, 0xDE], "Microsoft"),
    ([0xE4, 0xFA, 0xED], "Samsung"),
    ([0xE4, 0xFA, 0xFD], "Intel"),
    ([0xE4, 0xFB, 0x1E], "Microsoft"),
    ([0xE4, 0xFB, 0x5D], "Huawei"),
    ([0xE4, 0xFC, 0x82], "Juniper Networks"),
    ([0xE4, 0xFD, 0x45], "Intel"),
    ([0xE4, 0xFD, 0x8C], "Extreme Networks"),
    ([0xE4, 0xFD, 0xA1], "Huawei"),
    ([0xE8, 0x03, 0x9A], "Samsung"),
    ([0xE8, 0x04, 0x0B], "Apple"),
    ([0xE8, 0x04, 0x62], "Cisco"),
    ([0xE8, 0x06, 0x88], "Apple"),
    ([0xE8, 0x06, 0x90], "Espressif"),
    ([0xE8, 0x08, 0x8B], "Huawei"),
    ([0xE8, 0x0A, 0xB9], "Cisco"),
    ([0xE8, 0x10, 0x98], "HP"),
    ([0xE8, 0x11, 0x32], "Samsung"),
    ([0xE8, 0x13, 0x6E], "Huawei"),
    ([0xE8, 0x1C, 0xA5], "HP"),
    ([0xE8, 0x1C, 0xBA], "Fortinet"),
    ([0xE8, 0x1C, 0xD8], "Apple"),
    ([0xE8, 0x1E, 0x92], "Huawei"),
    ([0xE8, 0x24, 0xA6], "Juniper Networks"),
    ([0xE8, 0x26, 0x89], "HP"),
    ([0xE8, 0x28, 0x8D], "Huawei"),
    ([0xE8, 0x2A, 0xEA], "Intel"),
    ([0xE8, 0x2B, 0xC5], "Huawei"),
    ([0xE8, 0x31, 0xCD], "Espressif"),
    ([0xE8, 0x36, 0x17], "Apple"),
    ([0xE8, 0x39, 0x35], "HP"),
    ([0xE8, 0x3A, 0x12], "Samsung"),
    ([0xE8, 0x3D, 0xC1], "Espressif"),
    ([0xE8, 0x3F, 0x67], "Huawei"),
    ([0xE8, 0x40, 0x40], "Cisco"),
    ([0xE8, 0x48, 0xB8], "TP-LINK"),
    ([0xE8, 0x4A, 0x78], "Apple"),
    ([0xE8, 0x4D, 0x74], "Huawei"),
    ([0xE8, 0x4D, 0xD0], "Huawei"),
    ([0xE8, 0x4E, 0x84], "Samsung"),
    ([0xE8, 0x4F, 0x25], "Murata"),
    ([0xE8, 0x4F, 0xA7], "Huawei"),
    ([0xE8, 0x54, 0x97], "Samsung"),
    ([0xE8, 0x5C, 0x0A], "Cisco"),
    ([0xE8, 0x5F, 0x02], "Apple"),
    ([0xE8, 0x62, 0xBE], "Intel"),
    ([0xE8, 0x65, 0x49], "Cisco"),
    ([0xE8, 0x65, 0x5F], "Dell"),
    ([0xE8, 0x68, 0x19], "Huawei"),
    ([0xE8, 0x68, 0xE7], "Espressif"),
    ([0xE8, 0x6B, 0xEA], "Espressif"),
    ([0xE8, 0x6D, 0xCB], "Samsung"),
    ([0xE8, 0x6D, 0xE9], "Huawei"),
    ([0xE8, 0x78, 0x65], "Apple"),
    ([0xE8, 0x79, 0xA3], "Cisco"),
    ([0xE8, 0x7E, 0x1C], "Huawei"),
    ([0xE8, 0x7F, 0x6B], "Samsung"),
    ([0xE8, 0x7F, 0x95], "Apple"),
    ([0xE8, 0x80, 0x2E], "Apple"),
    ([0xE8, 0x80, 0xE7], "Huawei"),
    ([0xE8, 0x81, 0x52], "Apple"),
    ([0xE8, 0x84, 0xA5], "Intel"),
    ([0xE8, 0x84, 0xC6], "Huawei"),
    ([0xE8, 0x85, 0x4B], "Apple"),
    ([0xE8, 0x8D, 0x28], "Apple"),
    ([0xE8, 0x91, 0x20], "Lenovo"),
    ([0xE8, 0x93, 0x09], "Samsung"),
    ([0xE8, 0x94, 0xF6], "TP-LINK"),
    ([0xE8, 0x98, 0x6D], "Palo Alto Networks"),
    ([0xE8, 0x98, 0xEE], "Apple"),
    ([0xE8, 0x9C, 0x25], "ASUS"),
    ([0xE8, 0x9F, 0x6D], "Espressif"),
    ([0xE8, 0xA2, 0x45], "Juniper Networks"),
    ([0xE8, 0xA3, 0x4E], "Huawei"),
    ([0xE8, 0xA5, 0x5A], "Juniper Networks"),
    ([0xE8, 0xA6, 0x60], "Huawei"),
    ([0xE8, 0xA6, 0xCA], "Huawei"),
    ([0xE8, 0xA7, 0x2F], "Microsoft"),
    ([0xE8, 0xA7, 0x30], "Apple"),
    ([0xE8, 0xAA, 0xCB], "Samsung"),
    ([0xE8, 0xAB, 0xF3], "Huawei"),
    ([0xE8, 0xAC, 0x23], "Huawei"),
    ([0xE8, 0xB0, 0xC5], "Intel"),
    ([0xE8, 0xB1, 0xFC], "Intel"),
    ([0xE8, 0xB2, 0x65], "Dell"),
    ([0xE8, 0xB2, 0xAC], "Apple"),
    ([0xE8, 0xB4, 0xC8], "Samsung"),
    ([0xE8, 0xB5, 0xD0], "Dell"),
    ([0xE8, 0xB6, 0xC2], "Juniper Networks"),
    ([0xE8, 0xB7, 0x48], "Cisco"),
    ([0xE8, 0xBA, 0x70], "Cisco"),
    ([0xE8, 0xBC, 0xE4], "Cisco"),
    ([0xE8, 0xBD, 0xD1], "Huawei"),
    ([0xE8, 0xBF, 0xB8], "Intel"),
    ([0xE8, 0xBF, 0xE1], "Intel"),
    ([0xE8, 0xC3, 0x86], "Apple"),
    ([0xE8, 0xC3, 0xC5], "Huawei"),
    ([0xE8, 0xC8, 0x29], "Intel"),
    ([0xE8, 0xC9, 0x13], "Samsung"),
    ([0xE8, 0xCD, 0x2D], "Huawei"),
    ([0xE8, 0xCF, 0x83], "Dell"),
    ([0xE8, 0xD3, 0x22], "Cisco"),
    ([0xE8, 0xD7, 0x65], "Huawei"),
    ([0xE8, 0xD7, 0x75], "Huawei"),
    ([0xE8, 0xD8, 0xD1], "HP"),
    ([0xE8, 0xDA, 0x3E], "Huawei"),
    ([0xE8, 0xDB, 0x84], "Espressif"),
    ([0xE8, 0xDC, 0x6C], "Cisco"),
    ([0xE8, 0xDE, 0x27], "TP-LINK"),
    ([0xE8, 0xE5, 0xD6], "Samsung"),
    ([0xE8, 0xE8, 0xB7], "Murata"),
    ([0xE8, 0xEA, 0x34], "Huawei"),
    ([0xE8, 0xEA, 0x4D], "Huawei"),
    ([0xE8, 0xEB, 0x11], "Texas Instruments"),
    ([0xE8, 0xEB, 0x34], "Cisco"),
    ([0xE8, 0xED, 0xD6], "Fortinet"),
    ([0xE8, 0xED, 0xF3], "Cisco"),
    ([0xE8, 0xEF, 0x22], "Siemens"),
    ([0xE8, 0xF0, 0x85], "Huawei"),
    ([0xE8, 0xF4, 0x08], "Intel"),
    ([0xE8, 0xF6, 0x0A], "Espressif"),
    ([0xE8, 0xF6, 0x54], "Huawei"),
    ([0xE8, 0xF6, 0x73], "Microsoft"),
    ([0xE8, 0xF7, 0x24], "HP"),
    ([0xE8, 0xF7, 0x2F], "Huawei"),
    ([0xE8, 0xF9, 0xD4], "Huawei"),
    ([0xE8, 0xFA, 0x23], "Huawei"),
    ([0xE8, 0xFB, 0xE9], "Apple"),
    ([0xE8, 0xFC, 0xAF], "NETGEAR"),
    ([0xE8, 0xFD, 0x35], "Huawei"),
    ([0xE8, 0xFF, 0x98], "Huawei"),
    ([0xE8, 0xFF, 0xF4], "Apple"),
    ([0xEC, 0x01, 0xD5], "Cisco"),
    ([0xEC, 0x02, 0x73], "HP"),
    ([0xEC, 0x08, 0x6B], "TP-LINK"),
    ([0xEC, 0x08, 0xE5], "Lenovo"),
    ([0xEC, 0x09, 0xC9], "Texas Instruments"),
    ([0xEC, 0x0D, 0x51], "Apple"),
    ([0xEC, 0x10, 0x7B], "Samsung"),
    ([0xEC, 0x11, 0x27], "Texas Instruments"),
    ([0xEC, 0x13, 0xDB], "Juniper Networks"),
    ([0xEC, 0x17, 0x2F], "TP-LINK"),
    ([0xEC, 0x19, 0x2E], "Cisco"),
    ([0xEC, 0x1A, 0x02], "Huawei"),
    ([0xEC, 0x1B, 0x5F], "HP"),
    ([0xEC, 0x1C, 0x5D], "Siemens"),
    ([0xEC, 0x1D, 0x53], "Huawei"),
    ([0xEC, 0x1D, 0x8B], "Cisco"),
    ([0xEC, 0x23, 0x3D], "Huawei"),
    ([0xEC, 0x24, 0xB8], "Texas Instruments"),
    ([0xEC, 0x26, 0x51], "Apple"),
    ([0xEC, 0x26, 0xCA], "TP-LINK"),
    ([0xEC, 0x28, 0xD3], "Apple"),
    ([0xEC, 0x2A, 0x72], "Dell"),
    ([0xEC, 0x2C, 0x73], "Apple"),
    ([0xEC, 0x2C, 0xE2], "Apple"),
    ([0xEC, 0x30, 0x91], "Cisco"),
    ([0xEC, 0x35, 0x86], "Apple"),
    ([0xEC, 0x38, 0x73], "Juniper Networks"),
    ([0xEC, 0x38, 0x8F], "Huawei"),
    ([0xEC, 0x3A, 0x52], "Huawei"),
    ([0xEC, 0x3C, 0xBB], "Huawei"),
    ([0xEC, 0x3E, 0xF7], "Juniper Networks"),
    ([0xEC, 0x42, 0xCC], "Apple"),
    ([0xEC, 0x44, 0x76], "Cisco"),
    ([0xEC, 0x46, 0x54], "Apple"),
    ([0xEC, 0x46, 0x84], "Microsoft"),
    ([0xEC, 0x4C, 0x8C], "Intel"),
    ([0xEC, 0x4D, 0x47], "Huawei"),
    ([0xEC, 0x50, 0xAA], "HP"),
    ([0xEC, 0x53, 0x6F], "Huawei"),
    ([0xEC, 0x55, 0x1C], "Huawei"),
    ([0xEC, 0x56, 0x23], "Huawei"),
    ([0xEC, 0x59, 0xE7], "Microsoft"),
    ([0xEC, 0x5A, 0xA3], "Huawei"),
    ([0xEC, 0x5C, 0x69], "Mitsubishi Electric"),
    ([0xEC, 0x5C, 0x84], "Murata"),
    ([0xEC, 0x60, 0x73], "TP-LINK"),
    ([0xEC, 0x62, 0x60], "Espressif"),
    ([0xEC, 0x63, 0xD7], "Intel"),
    ([0xEC, 0x64, 0xC9], "Espressif"),
    ([0xEC, 0x67, 0x94], "HP"),
    ([0xEC, 0x68, 0x81], "Palo Alto Networks"),
    ([0xEC, 0x73, 0x79], "Apple"),
    ([0xEC, 0x74, 0xBA], "Hirschmann"),
    ([0xEC, 0x75, 0x0C], "TP-LINK"),
    ([0xEC, 0x75, 0x3E], "Huawei"),
    ([0xEC, 0x7C, 0x2C], "Huawei"),
    ([0xEC, 0x7C, 0x5C], "Juniper Networks"),
    ([0xEC, 0x7C, 0xB6], "Samsung"),
    ([0xEC, 0x7C, 0xBA], "HP"),
    ([0xEC, 0x81, 0x50], "Apple"),
    ([0xEC, 0x81, 0x52], "Huawei"),
    ([0xEC, 0x81, 0x9C], "Huawei"),
    ([0xEC, 0x83, 0x50], "Microsoft"),
    ([0xEC, 0x85, 0x2F], "Apple"),
    ([0xEC, 0x88, 0x8F], "TP-LINK"),
    ([0xEC, 0x88, 0x92], "Lenovo"),
    ([0xEC, 0x89, 0x14], "Huawei"),
    ([0xEC, 0x89, 0xF5], "Lenovo"),
    ([0xEC, 0x8C, 0x9A], "Huawei"),
    ([0xEC, 0x8E, 0x77], "Intel"),
    ([0xEC, 0x8E, 0xB5], "HP"),
    ([0xEC, 0x90, 0xC1], "Samsung"),
    ([0xEC, 0x94, 0xCB], "Espressif"),
    ([0xEC, 0x94, 0xD5], "Juniper Networks"),
    ([0xEC, 0x96, 0xBF], "Kontron"),
    ([0xEC, 0x97, 0xA2], "Apple"),
    ([0xEC, 0x9A, 0x34], "Texas Instruments"),
    ([0xEC, 0x9A, 0x74], "HP"),
    ([0xEC, 0x9B, 0x8B], "HP"),
    ([0xEC, 0xA1, 0xCC], "Cisco"),
    ([0xEC, 0xA1, 0xD1], "Huawei"),
    ([0xEC, 0xA6, 0x2F], "Huawei"),
    ([0xEC, 0xA7, 0x8D], "Cisco"),
    ([0xEC, 0xA9, 0x07], "Apple"),
    ([0xEC, 0xAA, 0x25], "Samsung"),
    ([0xEC, 0xAA, 0x8F], "Huawei"),
    ([0xEC, 0xAD, 0xB8], "Apple"),
    ([0xEC, 0xB1, 0xD7], "HP"),
    ([0xEC, 0xB2, 0x93], "HP"),
    ([0xEC, 0xB5, 0x50], "Samsung"),
    ([0xEC, 0xB8, 0x78], "Huawei"),
    ([0xEC, 0xB9, 0x31], "TP-LINK"),
    ([0xEC, 0xB9, 0xA5], "Huawei"),
    ([0xEC, 0xBB, 0x78], "Cisco"),
    ([0xEC, 0xBD, 0x1D], "Cisco"),
    ([0xEC, 0xBF, 0xD0], "Texas Instruments"),
    ([0xEC, 0xC0, 0x18], "Cisco"),
    ([0xEC, 0xC0, 0x1B], "Huawei"),
    ([0xEC, 0xC5, 0xD2], "Huawei"),
    ([0xEC, 0xC8, 0x82], "Cisco"),
    ([0xEC, 0xC9, 0xFF], "Espressif"),
    ([0xEC, 0xCB, 0x30], "Huawei"),
    ([0xEC, 0xCE, 0x13], "Cisco"),
    ([0xEC, 0xCE, 0xD7], "Apple"),
    ([0xEC, 0xDA, 0x3B], "Espressif"),
    ([0xEC, 0xDD, 0x24], "Cisco"),
    ([0xEC, 0xE0, 0x9B], "Samsung"),
    ([0xEC, 0xE1, 0xA9], "Cisco"),
    ([0xEC, 0xE3, 0x34], "Espressif"),
    ([0xEC, 0xE5, 0x55], "Hirschmann"),
    ([0xEC, 0xE6, 0x1D], "Huawei"),
    ([0xEC, 0xE7, 0xA7], "Intel"),
    ([0xEC, 0xE9, 0xD2], "Apple"),
    ([0xEC, 0xE9, 0xF5], "Huawei"),
    ([0xEC, 0xEB, 0xB8], "HP"),
    ([0xEC, 0xED, 0x04], "Intel"),
    ([0xEC, 0xED, 0x73], "Lenovo"),
    ([0xEC, 0xF3, 0x3C], "Intel"),
    ([0xEC, 0xF4, 0x0C], "Cisco"),
    ([0xEC, 0xF4, 0xBB], "Dell"),
    ([0xEC, 0xF8, 0xD0], "Huawei"),
    ([0xEC, 0xFA, 0xBC], "Espressif"),
    ([0xEC, 0xFC, 0xC6], "HP"),
    ([0xEC, 0xFF, 0x3A], "Apple"),
    ([0xF0, 0x03, 0xBC], "Cisco"),
    ([0xF0, 0x04, 0xE1], "Apple"),
    ([0xF0, 0x05, 0x1B], "Samsung"),
    ([0xF0, 0x08, 0xD1], "Espressif"),
    ([0xF0, 0x08, 0xF1], "Samsung"),
    ([0xF0, 0x09, 0x0D], "TP-LINK"),
    ([0xF0, 0x0F, 0xEC], "Huawei"),
    ([0xF0, 0x10, 0xA5], "Texas Instruments"),
    ([0xF0, 0x16, 0x1D], "Espressif"),
    ([0xF0, 0x18, 0x98], "Apple"),
    ([0xF0, 0x1A, 0xA0], "HP"),
    ([0xF0, 0x1C, 0x2D], "Juniper Networks"),
    ([0xF0, 0x1D, 0x2D], "Cisco"),
    ([0xF0, 0x1D, 0xBC], "Microsoft"),
    ([0xF0, 0x1F, 0xAF], "Dell"),
    ([0xF0, 0x1F, 0xC7], "Apple"),
    ([0xF0, 0x20, 0xFF], "Intel"),
    ([0xF0, 0x24, 0x75], "Apple"),
    ([0xF0, 0x24, 0xF9], "Espressif"),
    ([0xF0, 0x25, 0x72], "Cisco"),
    ([0xF0, 0x25, 0x8E], "Huawei"),
    ([0xF0, 0x27, 0x65], "Murata"),
    ([0xF0, 0x27, 0xA0], "Apple"),
    ([0xF0, 0x29, 0x29], "Cisco"),
    ([0xF0, 0x2B, 0x7C], "Extreme Networks"),
    ([0xF0, 0x2F, 0x4B], "Apple"),
    ([0xF0, 0x2F, 0x74], "ASUS"),
    ([0xF0, 0x2F, 0xA7], "Huawei"),
    ([0xF0, 0x2F, 0xBA], "Apple"),
    ([0xF0, 0x33, 0xE5], "Huawei"),
    ([0xF0, 0x37, 0xCF], "Huawei"),
    ([0xF0, 0x39, 0x65], "Samsung"),
    ([0xF0, 0x3E, 0x05], "Murata"),
    ([0xF0, 0x3F, 0x95], "Huawei"),
    ([0xF0, 0x42, 0x1C], "Intel"),
    ([0xF0, 0x42, 0xF5], "Huawei"),
    ([0xF0, 0x43, 0x47], "Huawei"),
    ([0xF0, 0x45, 0xDA], "Texas Instruments"),
    ([0xF0, 0x4A, 0x02], "Cisco"),
    ([0xF0, 0x4B, 0x3A], "Juniper Networks"),
    ([0xF0, 0x4D, 0xA2], "Dell"),
    ([0xF0, 0x4E, 0xA4], "HP"),
    ([0xF0, 0x54, 0x94], "Honeywell"),
    ([0xF0, 0x55, 0x01], "Huawei"),
    ([0xF0, 0x57, 0xA6], "Intel"),
    ([0xF0, 0x5A, 0x09], "Samsung"),
    ([0xF0, 0x5B, 0x7B], "Samsung"),
    ([0xF0, 0x5C, 0x0E], "Huawei"),
    ([0xF0, 0x5C, 0x19], "HP"),
    ([0xF0, 0x5C, 0xD5], "Apple"),
    ([0xF0, 0x5E, 0xCD], "Texas Instruments"),
    ([0xF0, 0x61, 0xC0], "HP"),
    ([0xF0, 0x63, 0xF9], "Huawei"),
    ([0xF0, 0x64, 0x26], "Extreme Networks"),
    ([0xF0, 0x65, 0xAE], "Samsung"),
    ([0xF0, 0x67, 0xB1], "Samsung"),
    ([0xF0, 0x6B, 0xCA], "Samsung"),
    ([0xF0, 0x6E, 0x0B], "Microsoft"),
    ([0xF0, 0x70, 0x4F], "Samsung"),
    ([0xF0, 0x72, 0x8C], "Samsung"),
    ([0xF0, 0x76, 0x6F], "Apple"),
    ([0xF0, 0x77, 0xC3], "Intel"),
    ([0xF0, 0x78, 0x07], "Apple"),
    ([0xF0, 0x78, 0x16], "Cisco"),
    ([0xF0, 0x79, 0x59], "ASUS"),
    ([0xF0, 0x79, 0x60], "Apple"),
    ([0xF0, 0x7C, 0xC7], "Juniper Networks"),
    ([0xF0, 0x7F, 0x06], "Cisco"),
    ([0xF0, 0x8A, 0x76], "Samsung"),
    ([0xF0, 0x92, 0x1C], "HP"),
    ([0xF0, 0x98, 0x38], "Huawei"),
    ([0xF0, 0x98, 0x9D], "Apple"),
    ([0xF0, 0x99, 0xB6], "Apple"),
    ([0xF0, 0x99, 0xBF], "Apple"),
    ([0xF0, 0x9B, 0xB8], "Huawei"),
    ([0xF0, 0x9C, 0xE9], "Extreme Networks"),
    ([0xF0, 0x9E, 0x4A], "Intel"),
    ([0xF0, 0x9E, 0x63], "Cisco"),
    ([0xF0, 0x9E, 0x9E], "Espressif"),
    ([0xF0, 0x9F, 0xC2], "Ubiquiti"),
    ([0xF0, 0xA0, 0xB1], "Huawei"),
    ([0xF0, 0xA3, 0x5A], "Apple"),
    ([0xF0, 0xA4, 0xEA], "Huawei"),
    ([0xF0, 0xA7, 0x31], "TP-LINK"),
    ([0xF0, 0xA9, 0x51], "Huawei"),
    ([0xF0, 0xB0, 0xE7], "Apple"),
    ([0xF0, 0xB1, 0x3F], "Huawei"),
    ([0xF0, 0xB1, 0x63], "Texas Instruments"),
    ([0xF0, 0xB2, 0xB9], "Intel"),
    ([0xF0, 0xB2, 0xE5], "Cisco"),
    ([0xF0, 0xB3, 0xEC], "Apple"),
    ([0xF0, 0xB4, 0x79], "Apple"),
    ([0xF0, 0xB5, 0xD1], "Texas Instruments"),
    ([0xF0, 0xB6, 0x1E], "Intel"),
    ([0xF0, 0xBD, 0xEE], "Huawei"),
    ([0xF0, 0xC1, 0xF1], "Apple"),
    ([0xF0, 0xC3, 0x71], "Apple"),
    ([0xF0, 0xC4, 0x2F], "Huawei"),
    ([0xF0, 0xC4, 0x78], "Huawei"),
    ([0xF0, 0xC7, 0x25], "Apple"),
    ([0xF0, 0xC7, 0x7F], "Texas Instruments"),
    ([0xF0, 0xC8, 0x50], "Huawei"),
    ([0xF0, 0xC8, 0xB5], "Huawei"),
    ([0xF0, 0xCB, 0xA1], "Apple"),
    ([0xF0, 0xCD, 0x31], "Samsung"),
    ([0xF0, 0xD0, 0x18], "HP"),
    ([0xF0, 0xD1, 0xA9], "Apple"),
    ([0xF0, 0xD3, 0x1F], "Apple"),
    ([0xF0, 0xD3, 0x2B], "Juniper Networks"),
    ([0xF0, 0xD4, 0x15], "Intel"),
    ([0xF0, 0xD4, 0xE2], "Dell"),
    ([0xF0, 0xD5, 0xBF], "Intel"),
    ([0xF0, 0xD6, 0x35], "Apple"),
    ([0xF0, 0xD7, 0x93], "Apple"),
    ([0xF0, 0xD7, 0xAA], "Lenovo"),
    ([0xF0, 0xD7, 0xEE], "Huawei"),
    ([0xF0, 0xD8, 0x05], "Cisco"),
    ([0xF0, 0xDB, 0xE2], "Apple"),
    ([0xF0, 0xDB, 0xF8], "Apple"),
    ([0xF0, 0xDC, 0xE2], "Apple"),
    ([0xF0, 0xE4, 0xA2], "Huawei"),
    ([0xF0, 0xE7, 0x7E], "Samsung"),
    ([0xF0, 0xEE, 0x10], "Samsung"),
    ([0xF0, 0xEE, 0x7A], "Apple"),
    ([0xF0, 0xF3, 0x36], "TP-LINK"),
    ([0xF0, 0xF5, 0x64], "Samsung"),
    ([0xF0, 0xF5, 0xBD], "Espressif"),
    ([0xF0, 0xF6, 0x1C], "Apple"),
    ([0xF0, 0xF7, 0x55], "Cisco"),
    ([0xF0, 0xF7, 0xE7], "Huawei"),
    ([0xF0, 0xF7, 0xFC], "Huawei"),
    ([0xF0, 0xF8, 0xF2], "Texas Instruments"),
    ([0xF0, 0xFA, 0xC7], "Huawei"),
    ([0xF0, 0xFE, 0xE7], "Huawei"),
    ([0xF4, 0x00, 0xA2], "Samsung"),
    ([0xF4, 0x02, 0x70], "Dell"),
    ([0xF4, 0x03, 0x43], "HP"),
    ([0xF4, 0x06, 0x16], "Apple"),
    ([0xF4, 0x06, 0x3C], "Texas Instruments"),
    ([0xF4, 0x06, 0x69], "Intel"),
    ([0xF4, 0x0E, 0x01], "Apple"),
    ([0xF4, 0x0E, 0x22], "Samsung"),
    ([0xF4, 0x0F, 0x1B], "Cisco"),
    ([0xF4, 0x0F, 0x24], "Apple"),
    ([0xF4, 0x12, 0xFA], "Espressif"),
    ([0xF4, 0x1B, 0xA1], "Apple"),
    ([0xF4, 0x1D, 0x6B], "Huawei"),
    ([0xF4, 0x1F, 0xC2], "Cisco"),
    ([0xF4, 0x21, 0xCA], "Apple"),
    ([0xF4, 0x24, 0x8B], "Huawei"),
    ([0xF4, 0x26, 0x79], "Intel"),
    ([0xF4, 0x2A, 0x7D], "TP-LINK"),
    ([0xF4, 0x2B, 0x8C], "Samsung"),
    ([0xF4, 0x2D, 0xC9], "Espressif"),
    ([0xF4, 0x2E, 0x7F], "HP"),
    ([0xF4, 0x30, 0xB9], "HP"),
    ([0xF4, 0x31, 0xC3], "Apple"),
    ([0xF4, 0x33, 0x92], "Cisco"),
    ([0xF4, 0x33, 0xB7], "Apple"),
    ([0xF4, 0x34, 0xF0], "Apple"),
    ([0xF4, 0x37, 0xB7], "Apple"),
    ([0xF4, 0x38, 0xC1], "Huawei"),
    ([0xF4, 0x39, 0x09], "HP"),
    ([0xF4, 0x39, 0xA6], "Apple"),
    ([0xF4, 0x3B, 0xD8], "Intel"),
    ([0xF4, 0x41, 0x9E], "Huawei"),
    ([0xF4, 0x42, 0x8F], "Samsung"),
    ([0xF4, 0x45, 0x88], "Huawei"),
    ([0xF4, 0x46, 0x37], "Intel"),
    ([0xF4, 0x4B, 0x2A], "Cisco"),
    ([0xF4, 0x4C, 0x7F], "Huawei"),
    ([0xF4, 0x4E, 0x05], "Cisco"),
    ([0xF4, 0x4E, 0xE3], "Intel"),
    ([0xF4, 0x52, 0x93], "Apple"),
    ([0xF4, 0x54, 0x24], "Extreme Networks"),
    ([0xF4, 0x54, 0x33], "Rockwell/Allen-Bradley"),
    ([0xF4, 0x55, 0x9C], "Huawei"),
    ([0xF4, 0x5B, 0x29], "Huawei"),
    ([0xF4, 0x5C, 0x42], "Huawei"),
    ([0xF4, 0x5C, 0x89], "Apple"),
    ([0xF4, 0x5E, 0xAB], "Texas Instruments"),
    ([0xF4, 0x5F, 0xD4], "Cisco"),
    ([0xF4, 0x60, 0x77], "Texas Instruments"),
    ([0xF4, 0x62, 0xDC], "Huawei"),
    ([0xF4, 0x63, 0x1F], "Huawei"),
    ([0xF4, 0x65, 0x0B], "Espressif"),
    ([0xF4, 0x65, 0xA6], "Apple"),
    ([0xF4, 0x68, 0x02], "Huawei"),
    ([0xF4, 0x6A, 0xD7], "Microsoft"),
    ([0xF4, 0x6D, 0x04], "ASUS"),
    ([0xF4, 0x6D, 0x2F], "TP-LINK"),
    ([0xF4, 0x6D, 0x3F], "Intel"),
    ([0xF4, 0x6E, 0x95], "Extreme Networks"),
    ([0xF4, 0x71, 0x90], "Samsung"),
    ([0xF4, 0x74, 0x70], "Cisco"),
    ([0xF4, 0x78, 0xAC], "Apple"),
    ([0xF4, 0x79, 0x46], "Huawei"),
    ([0xF4, 0x79, 0x60], "Huawei"),
    ([0xF4, 0x7B, 0x09], "Intel"),
    ([0xF4, 0x7B, 0x5E], "Samsung"),
    ([0xF4, 0x7D, 0xEF], "Samsung"),
    ([0xF4, 0x7F, 0x35], "Cisco"),
    ([0xF4, 0x81, 0xC4], "Apple"),
    ([0xF4, 0x83, 0xCD], "TP-LINK"),
    ([0xF4, 0x84, 0x4C], "Texas Instruments"),
    ([0xF4, 0x84, 0x8D], "TP-LINK"),
    ([0xF4, 0x87, 0xC5], "Huawei"),
    ([0xF4, 0x89, 0x18], "Huawei"),
    ([0xF4, 0x8C, 0x50], "Intel"),
    ([0xF4, 0x8E, 0x38], "Dell"),
    ([0xF4, 0x8E, 0x92], "Huawei"),
    ([0xF4, 0x92, 0xBF], "Ubiquiti"),
    ([0xF4, 0x96, 0x34], "Intel"),
    ([0xF4, 0x9A, 0xB1], "HP"),
    ([0xF4, 0x9F, 0x54], "Samsung"),
    ([0xF4, 0x9F, 0xF3], "Huawei"),
    ([0xF4, 0xA1, 0x57], "Huawei"),
    ([0xF4, 0xA3, 0x10], "Apple"),
    ([0xF4, 0xA4, 0x75], "Intel"),
    ([0xF4, 0xA4, 0xD6], "Huawei"),
    ([0xF4, 0xA5, 0x9D], "Huawei"),
    ([0xF4, 0xA7, 0x39], "Juniper Networks"),
    ([0xF4, 0xAC, 0xC1], "Cisco"),
    ([0xF4, 0xAF, 0xE7], "Apple"),
    ([0xF4, 0xB3, 0x01], "Intel"),
    ([0xF4, 0xB5, 0x2F], "Juniper Networks"),
    ([0xF4, 0xB5, 0x99], "Apple"),
    ([0xF4, 0xB7, 0x8D], "Huawei"),
    ([0xF4, 0xB8, 0x21], "Cisco"),
    ([0xF4, 0xB8, 0x5E], "Texas Instruments"),
    ([0xF4, 0xB8, 0x98], "Texas Instruments"),
    ([0xF4, 0xBD, 0x9E], "Cisco"),
    ([0xF4, 0xBE, 0xEC], "Apple"),
    ([0xF4, 0xBF, 0x80], "Huawei"),
    ([0xF4, 0xBF, 0xA8], "Juniper Networks"),
    ([0xF4, 0xC2, 0x48], "Samsung"),
    ([0xF4, 0xC7, 0x14], "Huawei"),
    ([0xF4, 0xC7, 0xAA], "Marvell"),
    ([0xF4, 0xC8, 0x8A], "Intel"),
    ([0xF4, 0xCB, 0x52], "Huawei"),
    ([0xF4, 0xCB, 0xE7], "Apple"),
    ([0xF4, 0xCC, 0x55], "Juniper Networks"),
    ([0xF4, 0xCE, 0x23], "Intel"),
    ([0xF4, 0xCE, 0x36], "Nordic Semiconductor"),
    ([0xF4, 0xCE, 0x46], "HP"),
    ([0xF4, 0xCE, 0x48], "Extreme Networks"),
    ([0xF4, 0xCF, 0xA2], "Espressif"),
    ([0xF4, 0xCF, 0xE2], "Cisco"),
    ([0xF4, 0xD1, 0x08], "Intel"),
    ([0xF4, 0xD4, 0x88], "Apple"),
    ([0xF4, 0xD5, 0x8A], "Palo Alto Networks"),
    ([0xF4, 0xD9, 0xFB], "Samsung"),
    ([0xF4, 0xDB, 0xE3], "Apple"),
    ([0xF4, 0xDB, 0xE6], "Cisco"),
    ([0xF4, 0xDC, 0xF9], "Huawei"),
    ([0xF4, 0xDD, 0x06], "Samsung"),
    ([0xF4, 0xDE, 0xAF], "Huawei"),
    ([0xF4, 0xE1, 0x1E], "Texas Instruments"),
    ([0xF4, 0xE1, 0xFC], "HP"),
    ([0xF4, 0xE2, 0xC6], "Ubiquiti"),
    ([0xF4, 0xE3, 0xFB], "Huawei"),
    ([0xF4, 0xE4, 0x51], "Huawei"),
    ([0xF4, 0xE5, 0xF2], "Huawei"),
    ([0xF4, 0xE8, 0xC7], "Apple"),
    ([0xF4, 0xEA, 0x67], "Cisco"),
    ([0xF4, 0xEA, 0xB5], "Extreme Networks"),
    ([0xF4, 0xEC, 0x38], "TP-LINK"),
    ([0xF4, 0xEE, 0x08], "Dell"),
    ([0xF4, 0xEE, 0x31], "Cisco"),
    ([0xF4, 0xF1, 0x5A], "Apple"),
    ([0xF4, 0xF1, 0xE1], "Lenovo"),
    ([0xF4, 0xF2, 0x6D], "TP-LINK"),
    ([0xF4, 0xF2, 0x8A], "Huawei"),
    ([0xF4, 0xF3, 0x09], "Samsung"),
    ([0xF4, 0xF5, 0x0B], "TP-LINK"),
    ([0xF4, 0xF5, 0x24], "Lenovo"),
    ([0xF4, 0xF9, 0x51], "Apple"),
    ([0xF4, 0xFB, 0xB8], "Huawei"),
    ([0xF4, 0xFC, 0x32], "Texas Instruments"),
    ([0xF4, 0xFE, 0x3E], "Apple"),
    ([0xF4, 0xFE, 0xFB], "Samsung"),
    ([0xF8, 0x00, 0xA1], "Huawei"),
    ([0xF8, 0x01, 0x13], "Huawei"),
    ([0xF8, 0x03, 0x77], "Apple"),
    ([0xF8, 0x07, 0x5D], "Huawei"),
    ([0xF8, 0x0B, 0xCB], "Cisco"),
    ([0xF8, 0x0D, 0xAC], "HP"),
    ([0xF8, 0x0F, 0x6F], "Cisco"),
    ([0xF8, 0x10, 0x93], "Apple"),
    ([0xF8, 0x14, 0xDD], "Cisco"),
    ([0xF8, 0x15, 0xE0], "Siemens"),
    ([0xF8, 0x16, 0x54], "Intel"),
    ([0xF8, 0x1A, 0x67], "TP-LINK"),
    ([0xF8, 0x1E, 0x49], "Apple"),
    ([0xF8, 0x1E, 0xDF], "Apple"),
    ([0xF8, 0x1F, 0x32], "Lenovo"),
    ([0xF8, 0x20, 0xA9], "Huawei"),
    ([0xF8, 0x23, 0xB2], "Huawei"),
    ([0xF8, 0x27, 0x93], "Apple"),
    ([0xF8, 0x28, 0xC9], "Huawei"),
    ([0xF8, 0x2A, 0xE2], "Apple"),
    ([0xF8, 0x2B, 0x7F], "Huawei"),
    ([0xF8, 0x2D, 0x7C], "Apple"),
    ([0xF8, 0x2E, 0x0C], "Texas Instruments"),
    ([0xF8, 0x2E, 0x3F], "Huawei"),
    ([0xF8, 0x2F, 0x65], "Huawei"),
    ([0xF8, 0x30, 0x02], "Texas Instruments"),
    ([0xF8, 0x32, 0xE4], "ASUS"),
    ([0xF8, 0x33, 0x31], "Texas Instruments"),
    ([0xF8, 0x34, 0x41], "Intel"),
    ([0xF8, 0x36, 0x9B], "Texas Instruments"),
    ([0xF8, 0x38, 0x80], "Apple"),
    ([0xF8, 0x39, 0x18], "Cisco"),
    ([0xF8, 0x3B, 0x7E], "Huawei"),
    ([0xF8, 0x3D, 0xFF], "Huawei"),
    ([0xF8, 0x3E, 0x95], "Huawei"),
    ([0xF8, 0x3F, 0x51], "Samsung"),
    ([0xF8, 0x42, 0x88], "Apple"),
    ([0xF8, 0x4A, 0xBF], "Huawei"),
    ([0xF8, 0x4C, 0xDA], "Huawei"),
    ([0xF8, 0x4D, 0x89], "Apple"),
    ([0xF8, 0x4E, 0x58], "Samsung"),
    ([0xF8, 0x4E, 0x73], "Apple"),
    ([0xF8, 0x4F, 0x57], "Cisco"),
    ([0xF8, 0x53, 0x29], "Huawei"),
    ([0xF8, 0x55, 0x48], "Texas Instruments"),
    ([0xF8, 0x59, 0x71], "Intel"),
    ([0xF8, 0x5B, 0x1B], "Espressif"),
    ([0xF8, 0x5B, 0x6E], "Samsung"),
    ([0xF8, 0x5E, 0xA0], "Intel"),
    ([0xF8, 0x60, 0xF0], "HP"),
    ([0xF8, 0x62, 0x14], "Apple"),
    ([0xF8, 0x63, 0x3F], "Intel"),
    ([0xF8, 0x66, 0x5A], "Apple"),
    ([0xF8, 0x66, 0xF2], "Cisco"),
    ([0xF8, 0x68, 0xFF], "Cisco"),
    ([0xF8, 0x6B, 0xD9], "Cisco"),
    ([0xF8, 0x6E, 0xEE], "Huawei"),
    ([0xF8, 0x6F, 0xB0], "TP-LINK"),
    ([0xF8, 0x6F, 0xC1], "Apple"),
    ([0xF8, 0x71, 0xA6], "Apple"),
    ([0xF8, 0x72, 0xEA], "Cisco"),
    ([0xF8, 0x73, 0x94], "NETGEAR"),
    ([0xF8, 0x73, 0xDF], "Apple"),
    ([0xF8, 0x75, 0x88], "Huawei"),
    ([0xF8, 0x77, 0xB8], "Samsung"),
    ([0xF8, 0x79, 0x07], "Huawei"),
    ([0xF8, 0x7A, 0x41], "Cisco"),
    ([0xF8, 0x7B, 0x20], "Cisco"),
    ([0xF8, 0x7D, 0x3F], "Huawei"),
    ([0xF8, 0x7D, 0x76], "Apple"),
    ([0xF8, 0x84, 0xF2], "Samsung"),
    ([0xF8, 0x87, 0xF1], "Apple"),
    ([0xF8, 0x8A, 0x5E], "Texas Instruments"),
    ([0xF8, 0x8C, 0x21], "TP-LINK"),
    ([0xF8, 0x8F, 0x07], "Samsung"),
    ([0xF8, 0x91, 0x6F], "Texas Instruments"),
    ([0xF8, 0x94, 0xC2], "Intel"),
    ([0xF8, 0x95, 0x22], "Huawei"),
    ([0xF8, 0x95, 0xEA], "Apple"),
    ([0xF8, 0x97, 0x53], "Huawei"),
    ([0xF8, 0x98, 0xB9], "Huawei"),
    ([0xF8, 0x98, 0xEF], "Huawei"),
    ([0xF8, 0x9A, 0x25], "Huawei"),
    ([0xF8, 0x9A, 0x78], "Huawei"),
    ([0xF8, 0x9E, 0x28], "Cisco"),
    ([0xF8, 0x9E, 0x94], "Intel"),
    ([0xF8, 0xA5, 0xC5], "Cisco"),
    ([0xF8, 0xA7, 0x3A], "Cisco"),
    ([0xF8, 0xAC, 0x65], "Intel"),
    ([0xF8, 0xAF, 0x05], "Huawei"),
    ([0xF8, 0xB1, 0x32], "Huawei"),
    ([0xF8, 0xB1, 0x56], "Dell"),
    ([0xF8, 0xB1, 0xDD], "Apple"),
    ([0xF8, 0xB3, 0xB7], "Espressif"),
    ([0xF8, 0xB4, 0x6A], "HP"),
    ([0xF8, 0xB5, 0x4D], "Intel"),
    ([0xF8, 0xB7, 0xE2], "Cisco"),
    ([0xF8, 0xBC, 0x12], "Dell"),
    ([0xF8, 0xBF, 0x09], "Huawei"),
    ([0xF8, 0xC0, 0x01], "Juniper Networks"),
    ([0xF8, 0xC1, 0x16], "Juniper Networks"),
    ([0xF8, 0xC2, 0x88], "Cisco"),
    ([0xF8, 0xC3, 0x9E], "Huawei"),
    ([0xF8, 0xC3, 0xCC], "Apple"),
    ([0xF8, 0xC6, 0x50], "Cisco"),
    ([0xF8, 0xC9, 0x03], "TP-LINK"),
    ([0xF8, 0xCA, 0xB8], "Dell"),
    ([0xF8, 0xCB, 0x15], "Apple"),
    ([0xF8, 0xCE, 0x21], "TP-LINK"),
    ([0xF8, 0xCF, 0x52], "Intel"),
    ([0xF8, 0xCF, 0xC5], "Lenovo"),
    ([0xF8, 0xD0, 0xBD], "Samsung"),
    ([0xF8, 0xD1, 0x11], "TP-LINK"),
    ([0xF8, 0xD3, 0xF0], "Apple"),
    ([0xF8, 0xDB, 0x88], "Dell"),
    ([0xF8, 0xDE, 0x73], "Huawei"),
    ([0xF8, 0xE0, 0x79], "Lenovo"),
    ([0xF8, 0xE2, 0x52], "Apple"),
    ([0xF8, 0xE4, 0xE3], "Intel"),
    ([0xF8, 0xE5, 0x7E], "Cisco"),
    ([0xF8, 0xE5, 0xCE], "Apple"),
    ([0xF8, 0xE6, 0x1A], "Samsung"),
    ([0xF8, 0xE8, 0x11], "Huawei"),
    ([0xF8, 0xE9, 0x4E], "Apple"),
    ([0xF8, 0xE9, 0x4F], "Cisco"),
    ([0xF8, 0xED, 0xFC], "HP"),
    ([0xF8, 0xEF, 0x5D], "Lenovo"),
    ([0xF8, 0xF1, 0xB6], "Lenovo"),
    ([0xF8, 0xF1, 0xE6], "Samsung"),
    ([0xF8, 0xF2, 0x1E], "Intel"),
    ([0xF8, 0xF5, 0x8C], "Apple"),
    ([0xF8, 0xF7, 0xB9], "Huawei"),
    ([0xF8, 0xFB, 0x90], "Texas Instruments"),
    ([0xF8, 0xFE, 0x5E], "Intel"),
    ([0xF8, 0xFF, 0xC2], "Apple"),
    ([0xFC, 0x01, 0x2C], "Espressif"),
    ([0xFC, 0x03, 0x9F], "Samsung"),
    ([0xFC, 0x07, 0x36], "Huawei"),
    ([0xFC, 0x0A, 0x81], "Extreme Networks"),
    ([0xFC, 0x0F, 0x4B], "Texas Instruments"),
    ([0xFC, 0x10, 0x1A], "Palo Alto Networks"),
    ([0xFC, 0x11, 0x93], "Huawei"),
    ([0xFC, 0x12, 0x2C], "Huawei"),
    ([0xFC, 0x15, 0xB4], "HP"),
    ([0xFC, 0x18, 0x03], "Huawei"),
    ([0xFC, 0x18, 0x3C], "Apple"),
    ([0xFC, 0x19, 0x10], "Samsung"),
    ([0xFC, 0x1A, 0x46], "Samsung"),
    ([0xFC, 0x1B, 0xD1], "Huawei"),
    ([0xFC, 0x1D, 0x3A], "Huawei"),
    ([0xFC, 0x1D, 0x43], "Apple"),
    ([0xFC, 0x25, 0x3F], "Apple"),
    ([0xFC, 0x2A, 0x9C], "Apple"),
    ([0xFC, 0x31, 0x5D], "Apple"),
    ([0xFC, 0x33, 0x42], "Juniper Networks"),
    ([0xFC, 0x34, 0x97], "ASUS"),
    ([0xFC, 0x3F, 0x7C], "Huawei"),
    ([0xFC, 0x3F, 0xDB], "HP"),
    ([0xFC, 0x42, 0x03], "Samsung"),
    ([0xFC, 0x44, 0x82], "Intel"),
    ([0xFC, 0x45, 0xC3], "Texas Instruments"),
    ([0xFC, 0x47, 0xD8], "Apple"),
    ([0xFC, 0x48, 0xEF], "Huawei"),
    ([0xFC, 0x4C, 0xEA], "Dell"),
    ([0xFC, 0x4C, 0xEF], "Huawei"),
    ([0xFC, 0x4D, 0xA6], "Huawei"),
    ([0xFC, 0x4E, 0x6D], "Huawei"),
    ([0xFC, 0x4E, 0xA4], "Apple"),
    ([0xFC, 0x50, 0xD6], "Huawei"),
    ([0xFC, 0x51, 0xB5], "Huawei"),
    ([0xFC, 0x55, 0x57], "Apple"),
    ([0xFC, 0x57, 0x08], "Broadcom"),
    ([0xFC, 0x58, 0x9A], "Cisco"),
    ([0xFC, 0x5B, 0x39], "Cisco"),
    ([0xFC, 0x64, 0x3A], "Samsung"),
    ([0xFC, 0x65, 0xB3], "Huawei"),
    ([0xFC, 0x66, 0xCF], "Apple"),
    ([0xFC, 0x69, 0x47], "Texas Instruments"),
    ([0xFC, 0x6D, 0x77], "Intel"),
    ([0xFC, 0x6E, 0x83], "Samsung"),
    ([0xFC, 0x72, 0x88], "Cisco"),
    ([0xFC, 0x73, 0xFB], "Huawei"),
    ([0xFC, 0x77, 0x74], "Intel"),
    ([0xFC, 0x79, 0xDD], "Huawei"),
    ([0xFC, 0x7F, 0xF1], "HP"),
    ([0xFC, 0x84, 0xA7], "Murata"),
    ([0xFC, 0x86, 0x2A], "Huawei"),
    ([0xFC, 0x87, 0x43], "Huawei"),
    ([0xFC, 0x88, 0x27], "Apple"),
    ([0xFC, 0x8C, 0x11], "Microsoft"),
    ([0xFC, 0x8F, 0x90], "Samsung"),
    ([0xFC, 0x93, 0x1D], "Huawei"),
    ([0xFC, 0x93, 0x6B], "Samsung"),
    ([0xFC, 0x94, 0x2E], "Cisco"),
    ([0xFC, 0x94, 0x35], "Huawei"),
    ([0xFC, 0x96, 0x43], "Juniper Networks"),
    ([0xFC, 0x99, 0x47], "Cisco"),
    ([0xFC, 0x9C, 0xA7], "Apple"),
    ([0xFC, 0x9E, 0x53], "Intel"),
    ([0xFC, 0xA0, 0xF3], "Huawei"),
    ([0xFC, 0xA1, 0x3E], "Samsung"),
    ([0xFC, 0xA2, 0x7E], "Huawei"),
    ([0xFC, 0xA5, 0xC8], "Apple"),
    ([0xFC, 0xA6, 0x21], "Samsung"),
    ([0xFC, 0xA8, 0x9B], "Texas Instruments"),
    ([0xFC, 0xAA, 0x14], "Gigabyte"),
    ([0xFC, 0xAA, 0x81], "Apple"),
    ([0xFC, 0xAA, 0xB6], "Samsung"),
    ([0xFC, 0xAB, 0x90], "Huawei"),
    ([0xFC, 0xB2, 0x14], "Apple"),
    ([0xFC, 0xB3, 0xAA], "Intel"),
    ([0xFC, 0xB3, 0xBC], "Intel"),
    ([0xFC, 0xB4, 0x67], "Espressif"),
    ([0xFC, 0xB6, 0xD8], "Apple"),
    ([0xFC, 0xB9, 0xDF], "Lenovo"),
    ([0xFC, 0xBC, 0xD1], "Huawei"),
    ([0xFC, 0xC2, 0x33], "ASUS"),
    ([0xFC, 0xC2, 0xDE], "Murata"),
    ([0xFC, 0xC7, 0x34], "Samsung"),
    ([0xFC, 0xD4, 0x36], "Lenovo"),
    ([0xFC, 0xD7, 0x33], "TP-LINK"),
    ([0xFC, 0xD8, 0x48], "Apple"),
    ([0xFC, 0xDB, 0xB3], "Murata"),
    ([0xFC, 0xDE, 0x90], "Samsung"),
    ([0xFC, 0xDE, 0xC5], "Texas Instruments"),
    ([0xFC, 0xE1, 0xA6], "Huawei"),
    ([0xFC, 0xE2, 0x6C], "Apple"),
    ([0xFC, 0xE3, 0x3C], "Huawei"),
    ([0xFC, 0xE8, 0xC0], "Espressif"),
    ([0xFC, 0xE9, 0x98], "Apple"),
    ([0xFC, 0xEB, 0x7B], "Huawei"),
    ([0xFC, 0xEC, 0xDA], "Ubiquiti"),
    ([0xFC, 0xEF, 0xD7], "Huawei"),
    ([0xFC, 0xF1, 0x36], "Samsung"),
    ([0xFC, 0xF5, 0xC4], "Espressif"),
    ([0xFC, 0xF7, 0x38], "Huawei"),
    ([0xFC, 0xF7, 0x7B], "Huawei"),
    ([0xFC, 0xF8, 0xAE], "Intel"),
    ([0xFC, 0xFB, 0xFB], "Cisco"),
    ([0xFC, 0xFC, 0x48], "Apple"),
];

pub fn lookup(mac: &[u8; 6]) -> Option<&'static str> {
    let prefix: [u8; 3] = [mac[0], mac[1], mac[2]];
    TABLE
        .binary_search_by_key(&prefix, |(p, _)| *p)
        .ok()
        .map(|idx| TABLE[idx].1)
}

pub fn format_oui(mac: &[u8; 6]) -> String {
    format!("{:02X}:{:02X}:{:02X}", mac[0], mac[1], mac[2])
}

pub fn format_mac(mac: &[u8; 6]) -> String {
    format!(
        "{:02X}:{:02X}:{:02X}:{:02X}:{:02X}:{:02X}",
        mac[0], mac[1], mac[2], mac[3], mac[4], mac[5]
    )
}

#[cfg(test)]
mod tests {
    use super::*;

    #[test]
    fn table_has_at_least_3000_entries() {
        assert!(
            TABLE.len() >= 3000,
            "expanded OUI table must have \u{2265} 3000 entries (P0-6 / L-P2-003); has {}",
            TABLE.len()
        );
    }

    #[test]
    fn table_is_sorted_by_prefix() {
        for window in TABLE.windows(2) {
            let (a, _) = window[0];
            let (b, _) = window[1];
            assert!(
                a <= b,
                "TABLE must be sorted by prefix for binary_search; found {a:02X?} >= {b:02X?}"
            );
        }
    }

    #[test]
    fn table_resolves_named_industrial_vendors() {
        // Sentinel set: at least one known OUI for each must resolve to the
        // expected vendor family. Implementer can pick any real OUI for the
        // named vendor; this test just asserts presence.
        let must_resolve = [
            // (a real OUI, expected vendor name substring)
            ("Beckhoff", "Beckhoff"),
            ("Moxa", "Moxa"),
            ("Phoenix Contact", "Phoenix"),
            ("Yokogawa", "Yokogawa"),
            ("Hilscher", "Hilscher"),
            ("WAGO", "WAGO"),
            ("Mitsubishi", "Mitsubishi"),
            ("Omron", "Omron"),
            ("GE / GE Fanuc", "GE"),
            ("Emerson", "Emerson"),
        ];
        let resolved_vendors: std::collections::HashSet<&str> =
            TABLE.iter().map(|(_, v)| *v).collect();
        for (label, needle) in must_resolve {
            let hit = resolved_vendors.iter().any(|v| v.contains(needle));
            assert!(
                hit,
                "table must contain a {label} OUI (looking for {needle:?})"
            );
        }
    }

    #[test]
    fn table_resolves_common_it_vendors() {
        // OT networks include IT vendors. Major ones must resolve.
        let must_resolve = ["Cisco", "Dell", "HP", "VMware", "Microsoft", "Intel"];
        let resolved_vendors: std::collections::HashSet<&str> =
            TABLE.iter().map(|(_, v)| *v).collect();
        for needle in must_resolve {
            let hit = resolved_vendors.iter().any(|v| v.contains(needle));
            assert!(hit, "table must contain an OUI for {needle}");
        }
    }

    #[test]
    fn lookup_uses_binary_search() {
        // Indirect proof: 10,000 random-ish lookups complete in under 50 ms.
        // Linear scan over 3000 entries x 10k lookups = 30M comparisons --
        // would take seconds. Binary search is sub-millisecond per call.
        //
        // NOTE: This test passes today on the ~41-entry table because linear
        // scan over 41 entries is also fast. It acts as a soft signal that
        // will enforce binary_search once the implementer expands the table
        // to >= 3000 entries (where linear would reliably exceed 50 ms).
        use std::time::Instant;
        let mut mac = [0u8; 6];
        let start = Instant::now();
        for i in 0..10_000u32 {
            mac[0] = (i & 0xff) as u8;
            mac[1] = ((i >> 8) & 0xff) as u8;
            mac[2] = ((i >> 16) & 0xff) as u8;
            let _ = lookup(&mac);
        }
        let elapsed = start.elapsed();
        assert!(
            elapsed.as_millis() < 50,
            "lookup() must use binary_search (10k calls took {} ms; expected <50 ms)",
            elapsed.as_millis()
        );
    }
}
